AuditID,SchemaName,TableName,RecordID,ActionType,OldValues,NewValues,ChangedBy,ChangedAt
1,"Franchise","RevenueShareSettlement","1","INSERT",,"Approved","MicrosoftAccount\hocvienbimat@gmail.com","2026-06-01T22:28:56.2848699"
2,"Franchise","RevenueShareSettlement","1","SETTLEMENT",,"66803481.0500","MicrosoftAccount\hocvienbimat@gmail.com","2026-06-01T22:28:56.2864334"
3,"Franchise","RevenueShareSettlement","2","INSERT",,"Approved","MicrosoftAccount\hocvienbimat@gmail.com","2026-06-01T22:28:56.3081508"
4,"Franchise","RevenueShareSettlement","2","SETTLEMENT",,"214839204.3500","MicrosoftAccount\hocvienbimat@gmail.com","2026-06-01T22:28:56.3081508"
5,"Franchise","RevenueShareSettlement","3","INSERT",,"Approved","MicrosoftAccount\hocvienbimat@gmail.com","2026-06-01T22:28:56.3341340"
6,"Franchise","RevenueShareSettlement","3","SETTLEMENT",,"221439387.7000","MicrosoftAccount\hocvienbimat@gmail.com","2026-06-01T22:28:56.3341340"
7,"Franchise","RevenueShareSettlement","4","INSERT",,"Approved","MicrosoftAccount\hocvienbimat@gmail.com","2026-06-01T22:28:56.3401663"
8,"Franchise","RevenueShareSettlement","4","SETTLEMENT",,"49317418.5000","MicrosoftAccount\hocvienbimat@gmail.com","2026-06-01T22:28:56.3401663"
9,"Franchise","RevenueShareSettlement","5","INSERT",,"Approved","MicrosoftAccount\hocvienbimat@gmail.com","2026-06-01T22:28:56.3483999"
10,"Franchise","RevenueShareSettlement","5","SETTLEMENT",,"47631687.8000","MicrosoftAccount\hocvienbimat@gmail.com","2026-06-01T22:28:56.3483999"
11,"Franchise","RevenueShareSettlement","6","INSERT",,"Approved","MicrosoftAccount\hocvienbimat@gmail.com","2026-06-01T22:28:56.3529826"
12,"Franchise","RevenueShareSettlement","6","SETTLEMENT",,"42968458.0500","MicrosoftAccount\hocvienbimat@gmail.com","2026-06-01T22:28:56.3539869"
13,"Franchise","RevenueShareSettlement","7","INSERT",,"Approved","MicrosoftAccount\hocvienbimat@gmail.com","2026-06-01T22:28:56.3610408"
14,"Franchise","RevenueShareSettlement","7","SETTLEMENT",,"54061592.8500","MicrosoftAccount\hocvienbimat@gmail.com","2026-06-01T22:28:56.3610408"
15,"Franchise","RevenueShareSettlement","8","INSERT",,"Approved","MicrosoftAccount\hocvienbimat@gmail.com","2026-06-01T22:28:56.3691075"
16,"Franchise","RevenueShareSettlement","8","SETTLEMENT",,"87260619.0000","MicrosoftAccount\hocvienbimat@gmail.com","2026-06-01T22:28:56.3701283"
17,"Franchise","RevenueShareSettlement","9","INSERT",,"Approved","MicrosoftAccount\hocvienbimat@gmail.com","2026-06-01T22:28:56.3789207"
18,"Franchise","RevenueShareSettlement","9","SETTLEMENT",,"58388118.8000","MicrosoftAccount\hocvienbimat@gmail.com","2026-06-01T22:28:56.3789207"
19,"Franchise","RevenueShareSettlement","10","INSERT",,"Approved","MicrosoftAccount\hocvienbimat@gmail.com","2026-06-01T22:28:56.3924684"
20,"Franchise","RevenueShareSettlement","10","SETTLEMENT",,"91637717.0000","MicrosoftAccount\hocvienbimat@gmail.com","2026-06-01T22:28:56.3924684"
21,"Franchise","RevenueShareSettlement","11","INSERT",,"Approved","MicrosoftAccount\hocvienbimat@gmail.com","2026-06-01T22:28:56.3996326"
22,"Franchise","RevenueShareSettlement","11","SETTLEMENT",,"57395103.0000","MicrosoftAccount\hocvienbimat@gmail.com","2026-06-01T22:28:56.4006291"
23,"Franchise","RevenueShareSettlement","12","INSERT",,"Approved","MicrosoftAccount\hocvienbimat@gmail.com","2026-06-01T22:28:56.4067473"
24,"Franchise","RevenueShareSettlement","12","SETTLEMENT",,"74308363.5000","MicrosoftAccount\hocvienbimat@gmail.com","2026-06-01T22:28:56.4067473"
25,"Franchise","RevenueShareSettlement","13","INSERT",,"Approved","MicrosoftAccount\hocvienbimat@gmail.com","2026-06-01T22:28:56.4127381"
26,"Franchise","RevenueShareSettlement","13","SETTLEMENT",,"77133917.3000","MicrosoftAccount\hocvienbimat@gmail.com","2026-06-01T22:28:56.4127381"
27,"Franchise","RevenueShareSettlement","14","INSERT",,"Approved","MicrosoftAccount\hocvienbimat@gmail.com","2026-06-01T22:28:56.4167461"
28,"Franchise","RevenueShareSettlement","14","SETTLEMENT",,"76714413.7500","MicrosoftAccount\hocvienbimat@gmail.com","2026-06-01T22:28:56.4167461"
29,"Franchise","RevenueShareSettlement","15","INSERT",,"Approved","MicrosoftAccount\hocvienbimat@gmail.com","2026-06-01T22:28:56.4252761"
30,"Franchise","RevenueShareSettlement","15","SETTLEMENT",,"103346217.5000","MicrosoftAccount\hocvienbimat@gmail.com","2026-06-01T22:28:56.4252761"
31,"Franchise","RevenueShareSettlement","16","INSERT",,"Approved","MicrosoftAccount\hocvienbimat@gmail.com","2026-06-01T22:28:56.4308019"
32,"Franchise","RevenueShareSettlement","16","SETTLEMENT",,"66860206.4500","MicrosoftAccount\hocvienbimat@gmail.com","2026-06-01T22:28:56.4308019"
33,"Franchise","RevenueShareSettlement","17","INSERT",,"Approved","MicrosoftAccount\hocvienbimat@gmail.com","2026-06-01T22:28:56.4479446"
34,"Franchise","RevenueShareSettlement","17","SETTLEMENT",,"214354000.6500","MicrosoftAccount\hocvienbimat@gmail.com","2026-06-01T22:28:56.4484574"
35,"Franchise","RevenueShareSettlement","18","INSERT",,"Approved","MicrosoftAccount\hocvienbimat@gmail.com","2026-06-01T22:28:56.4681475"
36,"Franchise","RevenueShareSettlement","18","SETTLEMENT",,"223110383.9000","MicrosoftAccount\hocvienbimat@gmail.com","2026-06-01T22:28:56.4681475"
37,"Franchise","RevenueShareSettlement","19","INSERT",,"Approved","MicrosoftAccount\hocvienbimat@gmail.com","2026-06-01T22:28:56.4736746"
38,"Franchise","RevenueShareSettlement","19","SETTLEMENT",,"48994001.0000","MicrosoftAccount\hocvienbimat@gmail.com","2026-06-01T22:28:56.4736746"
39,"Franchise","RevenueShareSettlement","20","INSERT",,"Approved","MicrosoftAccount\hocvienbimat@gmail.com","2026-06-01T22:28:56.4802375"
40,"Franchise","RevenueShareSettlement","20","SETTLEMENT",,"47618817.3500","MicrosoftAccount\hocvienbimat@gmail.com","2026-06-01T22:28:56.4812372"
41,"Franchise","RevenueShareSettlement","21","INSERT",,"Approved","MicrosoftAccount\hocvienbimat@gmail.com","2026-06-01T22:28:56.4847535"
42,"Franchise","RevenueShareSettlement","21","SETTLEMENT",,"43174610.2500","MicrosoftAccount\hocvienbimat@gmail.com","2026-06-01T22:28:56.4847535"
43,"Franchise","RevenueShareSettlement","22","INSERT",,"Approved","MicrosoftAccount\hocvienbimat@gmail.com","2026-06-01T22:28:56.4895060"
44,"Franchise","RevenueShareSettlement","22","SETTLEMENT",,"54063201.3000","MicrosoftAccount\hocvienbimat@gmail.com","2026-06-01T22:28:56.4905129"
45,"Franchise","RevenueShareSettlement","23","INSERT",,"Approved","MicrosoftAccount\hocvienbimat@gmail.com","2026-06-01T22:28:56.4950375"
46,"Franchise","RevenueShareSettlement","23","SETTLEMENT",,"87152614.2500","MicrosoftAccount\hocvienbimat@gmail.com","2026-06-01T22:28:56.4950375"
47,"Franchise","RevenueShareSettlement","24","INSERT",,"Approved","MicrosoftAccount\hocvienbimat@gmail.com","2026-06-01T22:28:56.4998756"
48,"Franchise","RevenueShareSettlement","24","SETTLEMENT",,"58631523.7000","MicrosoftAccount\hocvienbimat@gmail.com","2026-06-01T22:28:56.5008749"
49,"Franchise","RevenueShareSettlement","25","INSERT",,"Approved","MicrosoftAccount\hocvienbimat@gmail.com","2026-06-01T22:28:56.5064547"
50,"Franchise","RevenueShareSettlement","25","SETTLEMENT",,"91660512.0000","MicrosoftAccount\hocvienbimat@gmail.com","2026-06-01T22:28:56.5064547"
51,"Franchise","RevenueShareSettlement","26","INSERT",,"Approved","MicrosoftAccount\hocvienbimat@gmail.com","2026-06-01T22:28:56.5114689"
52,"Franchise","RevenueShareSettlement","26","SETTLEMENT",,"57528044.3000","MicrosoftAccount\hocvienbimat@gmail.com","2026-06-01T22:28:56.5114689"
53,"Franchise","RevenueShareSettlement","27","INSERT",,"Approved","MicrosoftAccount\hocvienbimat@gmail.com","2026-06-01T22:28:56.5170074"
54,"Franchise","RevenueShareSettlement","27","SETTLEMENT",,"74053138.5000","MicrosoftAccount\hocvienbimat@gmail.com","2026-06-01T22:28:56.5170074"
55,"Franchise","RevenueShareSettlement","28","INSERT",,"Approved","MicrosoftAccount\hocvienbimat@gmail.com","2026-06-01T22:28:56.5226974"
56,"Franchise","RevenueShareSettlement","28","SETTLEMENT",,"77764672.8000","MicrosoftAccount\hocvienbimat@gmail.com","2026-06-01T22:28:56.5226974"
57,"Franchise","RevenueShareSettlement","29","INSERT",,"Approved","MicrosoftAccount\hocvienbimat@gmail.com","2026-06-01T22:28:56.5268551"
58,"Franchise","RevenueShareSettlement","29","SETTLEMENT",,"76226944.5000","MicrosoftAccount\hocvienbimat@gmail.com","2026-06-01T22:28:56.5268551"
59,"Franchise","RevenueShareSettlement","30","INSERT",,"Approved","MicrosoftAccount\hocvienbimat@gmail.com","2026-06-01T22:28:56.5386318"
60,"Franchise","RevenueShareSettlement","30","SETTLEMENT",,"102348180.0000","MicrosoftAccount\hocvienbimat@gmail.com","2026-06-01T22:28:56.5386318"
61,"Franchise","RevenueShareSettlement","31","INSERT",,"Approved","MicrosoftAccount\hocvienbimat@gmail.com","2026-06-01T22:28:56.5463500"
62,"Franchise","RevenueShareSettlement","31","SETTLEMENT",,"66710203.8000","MicrosoftAccount\hocvienbimat@gmail.com","2026-06-01T22:28:56.5463500"
63,"Franchise","RevenueShareSettlement","32","INSERT",,"Approved","MicrosoftAccount\hocvienbimat@gmail.com","2026-06-01T22:28:56.5634962"
64,"Franchise","RevenueShareSettlement","32","SETTLEMENT",,"214436817.5000","MicrosoftAccount\hocvienbimat@gmail.com","2026-06-01T22:28:56.5634962"
65,"Franchise","RevenueShareSettlement","33","INSERT",,"Approved","MicrosoftAccount\hocvienbimat@gmail.com","2026-06-01T22:28:56.5777234"
66,"Franchise","RevenueShareSettlement","33","SETTLEMENT",,"222641510.4500","MicrosoftAccount\hocvienbimat@gmail.com","2026-06-01T22:28:56.5777234"
67,"Franchise","RevenueShareSettlement","34","INSERT",,"Approved","MicrosoftAccount\hocvienbimat@gmail.com","2026-06-01T22:28:56.5817198"
68,"Franchise","RevenueShareSettlement","34","SETTLEMENT",,"49116565.8000","MicrosoftAccount\hocvienbimat@gmail.com","2026-06-01T22:28:56.5817198"
69,"Franchise","RevenueShareSettlement","35","INSERT",,"Approved","MicrosoftAccount\hocvienbimat@gmail.com","2026-06-01T22:28:56.5852569"
70,"Franchise","RevenueShareSettlement","35","SETTLEMENT",,"47339206.3000","MicrosoftAccount\hocvienbimat@gmail.com","2026-06-01T22:28:56.5852569"
71,"Franchise","RevenueShareSettlement","36","INSERT",,"Approved","MicrosoftAccount\hocvienbimat@gmail.com","2026-06-01T22:28:56.5897883"
72,"Franchise","RevenueShareSettlement","36","SETTLEMENT",,"43236129.0000","MicrosoftAccount\hocvienbimat@gmail.com","2026-06-01T22:28:56.5897883"
73,"Franchise","RevenueShareSettlement","37","INSERT",,"Approved","MicrosoftAccount\hocvienbimat@gmail.com","2026-06-01T22:28:56.5949973"
74,"Franchise","RevenueShareSettlement","37","SETTLEMENT",,"54019563.7500","MicrosoftAccount\hocvienbimat@gmail.com","2026-06-01T22:28:56.5959987"
75,"Franchise","RevenueShareSettlement","38","INSERT",,"Approved","MicrosoftAccount\hocvienbimat@gmail.com","2026-06-01T22:28:56.5999969"
76,"Franchise","RevenueShareSettlement","38","SETTLEMENT",,"87721028.2500","MicrosoftAccount\hocvienbimat@gmail.com","2026-06-01T22:28:56.5999969"
77,"Franchise","RevenueShareSettlement","39","INSERT",,"Approved","MicrosoftAccount\hocvienbimat@gmail.com","2026-06-01T22:28:56.6039917"
78,"Franchise","RevenueShareSettlement","39","SETTLEMENT",,"58862595.1000","MicrosoftAccount\hocvienbimat@gmail.com","2026-06-01T22:28:56.6045020"
79,"Franchise","RevenueShareSettlement","40","INSERT",,"Approved","MicrosoftAccount\hocvienbimat@gmail.com","2026-06-01T22:28:56.6085326"
80,"Franchise","RevenueShareSettlement","40","SETTLEMENT",,"92133030.7500","MicrosoftAccount\hocvienbimat@gmail.com","2026-06-01T22:28:56.6095562"
81,"Franchise","RevenueShareSettlement","41","INSERT",,"Approved","MicrosoftAccount\hocvienbimat@gmail.com","2026-06-01T22:28:56.6152170"
82,"Franchise","RevenueShareSettlement","41","SETTLEMENT",,"57824451.1000","MicrosoftAccount\hocvienbimat@gmail.com","2026-06-01T22:28:56.6152170"
83,"Franchise","RevenueShareSettlement","42","INSERT",,"Approved","MicrosoftAccount\hocvienbimat@gmail.com","2026-06-01T22:28:56.6209214"
84,"Franchise","RevenueShareSettlement","42","SETTLEMENT",,"74382238.0000","MicrosoftAccount\hocvienbimat@gmail.com","2026-06-01T22:28:56.6219188"
85,"Franchise","RevenueShareSettlement","43","INSERT",,"Approved","MicrosoftAccount\hocvienbimat@gmail.com","2026-06-01T22:28:56.6274301"
86,"Franchise","RevenueShareSettlement","43","SETTLEMENT",,"77619482.0000","MicrosoftAccount\hocvienbimat@gmail.com","2026-06-01T22:28:56.6274301"
87,"Franchise","RevenueShareSettlement","44","INSERT",,"Approved","MicrosoftAccount\hocvienbimat@gmail.com","2026-06-01T22:28:56.6309554"
88,"Franchise","RevenueShareSettlement","44","SETTLEMENT",,"76062503.0000","MicrosoftAccount\hocvienbimat@gmail.com","2026-06-01T22:28:56.6309554"
89,"Franchise","RevenueShareSettlement","45","INSERT",,"Approved","MicrosoftAccount\hocvienbimat@gmail.com","2026-06-01T22:28:56.6401122"
90,"Franchise","RevenueShareSettlement","45","SETTLEMENT",,"102482160.0000","MicrosoftAccount\hocvienbimat@gmail.com","2026-06-01T22:28:56.6401122"
91,"Franchise","RevenueShareSettlement","46","INSERT",,"Approved","MicrosoftAccount\hocvienbimat@gmail.com","2026-06-01T22:28:56.6471609"
92,"Franchise","RevenueShareSettlement","46","SETTLEMENT",,"66145635.5500","MicrosoftAccount\hocvienbimat@gmail.com","2026-06-01T22:28:56.6471609"
93,"Franchise","RevenueShareSettlement","47","INSERT",,"Approved","MicrosoftAccount\hocvienbimat@gmail.com","2026-06-01T22:28:56.6631593"
94,"Franchise","RevenueShareSettlement","47","SETTLEMENT",,"214651526.1000","MicrosoftAccount\hocvienbimat@gmail.com","2026-06-01T22:28:56.6631593"
95,"Franchise","RevenueShareSettlement","48","INSERT",,"Approved","MicrosoftAccount\hocvienbimat@gmail.com","2026-06-01T22:28:56.6792683"
96,"Franchise","RevenueShareSettlement","48","SETTLEMENT",,"223376980.7500","MicrosoftAccount\hocvienbimat@gmail.com","2026-06-01T22:28:56.6792683"
97,"Franchise","RevenueShareSettlement","49","INSERT",,"Approved","MicrosoftAccount\hocvienbimat@gmail.com","2026-06-01T22:28:56.6833967"
98,"Franchise","RevenueShareSettlement","49","SETTLEMENT",,"49086186.5500","MicrosoftAccount\hocvienbimat@gmail.com","2026-06-01T22:28:56.6833967"
99,"Franchise","RevenueShareSettlement","50","INSERT",,"Approved","MicrosoftAccount\hocvienbimat@gmail.com","2026-06-01T22:28:56.6874096"
100,"Franchise","RevenueShareSettlement","50","SETTLEMENT",,"47778653.0000","MicrosoftAccount\hocvienbimat@gmail.com","2026-06-01T22:28:56.6874096"
101,"Franchise","RevenueShareSettlement","51","INSERT",,"Approved","MicrosoftAccount\hocvienbimat@gmail.com","2026-06-01T22:28:56.6914154"
102,"Franchise","RevenueShareSettlement","51","SETTLEMENT",,"42929696.0500","MicrosoftAccount\hocvienbimat@gmail.com","2026-06-01T22:28:56.6914154"
103,"Franchise","RevenueShareSettlement","52","INSERT",,"Approved","MicrosoftAccount\hocvienbimat@gmail.com","2026-06-01T22:28:56.6979789"
104,"Franchise","RevenueShareSettlement","52","SETTLEMENT",,"53422258.5500","MicrosoftAccount\hocvienbimat@gmail.com","2026-06-01T22:28:56.6979789"
105,"Franchise","RevenueShareSettlement","53","INSERT",,"Approved","MicrosoftAccount\hocvienbimat@gmail.com","2026-06-01T22:28:56.7045149"
106,"Franchise","RevenueShareSettlement","53","SETTLEMENT",,"87667383.7500","MicrosoftAccount\hocvienbimat@gmail.com","2026-06-01T22:28:56.7045149"
107,"Franchise","RevenueShareSettlement","54","INSERT",,"Approved","MicrosoftAccount\hocvienbimat@gmail.com","2026-06-01T22:28:56.7120343"
108,"Franchise","RevenueShareSettlement","54","SETTLEMENT",,"58522749.6000","MicrosoftAccount\hocvienbimat@gmail.com","2026-06-01T22:28:56.7120343"
109,"Franchise","RevenueShareSettlement","55","INSERT",,"Approved","MicrosoftAccount\hocvienbimat@gmail.com","2026-06-01T22:28:56.7200854"
110,"Franchise","RevenueShareSettlement","55","SETTLEMENT",,"91612582.7500","MicrosoftAccount\hocvienbimat@gmail.com","2026-06-01T22:28:56.7211028"
111,"Franchise","RevenueShareSettlement","56","INSERT",,"Approved","MicrosoftAccount\hocvienbimat@gmail.com","2026-06-01T22:28:56.7280813"
112,"Franchise","RevenueShareSettlement","56","SETTLEMENT",,"57488841.5000","MicrosoftAccount\hocvienbimat@gmail.com","2026-06-01T22:28:56.7290957"
113,"Franchise","RevenueShareSettlement","57","INSERT",,"Approved","MicrosoftAccount\hocvienbimat@gmail.com","2026-06-01T22:28:56.7329377"
114,"Franchise","RevenueShareSettlement","57","SETTLEMENT",,"74046432.0000","MicrosoftAccount\hocvienbimat@gmail.com","2026-06-01T22:28:56.7329377"
115,"Franchise","RevenueShareSettlement","58","INSERT",,"Approved","MicrosoftAccount\hocvienbimat@gmail.com","2026-06-01T22:28:56.7405769"
116,"Franchise","RevenueShareSettlement","58","SETTLEMENT",,"77469332.0000","MicrosoftAccount\hocvienbimat@gmail.com","2026-06-01T22:28:56.7405769"
117,"Franchise","RevenueShareSettlement","59","INSERT",,"Approved","MicrosoftAccount\hocvienbimat@gmail.com","2026-06-01T22:28:56.7472697"
118,"Franchise","RevenueShareSettlement","59","SETTLEMENT",,"76463700.2500","MicrosoftAccount\hocvienbimat@gmail.com","2026-06-01T22:28:56.7477820"
119,"Franchise","RevenueShareSettlement","60","INSERT",,"Approved","MicrosoftAccount\hocvienbimat@gmail.com","2026-06-01T22:28:56.7550276"
120,"Franchise","RevenueShareSettlement","60","SETTLEMENT",,"103041552.5000","MicrosoftAccount\hocvienbimat@gmail.com","2026-06-01T22:28:56.7550276"
121,"Franchise","RevenueShareSettlement","61","INSERT",,"Approved","MicrosoftAccount\hocvienbimat@gmail.com","2026-06-01T22:28:56.7613839"
122,"Franchise","RevenueShareSettlement","61","SETTLEMENT",,"66972295.5000","MicrosoftAccount\hocvienbimat@gmail.com","2026-06-01T22:28:56.7613839"
123,"Franchise","RevenueShareSettlement","62","INSERT",,"Approved","MicrosoftAccount\hocvienbimat@gmail.com","2026-06-01T22:28:56.7885119"
124,"Franchise","RevenueShareSettlement","62","SETTLEMENT",,"214802661.6500","MicrosoftAccount\hocvienbimat@gmail.com","2026-06-01T22:28:56.7885119"
125,"Franchise","RevenueShareSettlement","63","INSERT",,"Approved","MicrosoftAccount\hocvienbimat@gmail.com","2026-06-01T22:28:56.8070197"
126,"Franchise","RevenueShareSettlement","63","SETTLEMENT",,"222639359.8000","MicrosoftAccount\hocvienbimat@gmail.com","2026-06-01T22:28:56.8080201"
127,"Franchise","RevenueShareSettlement","64","INSERT",,"Approved","MicrosoftAccount\hocvienbimat@gmail.com","2026-06-01T22:28:56.8120640"
128,"Franchise","RevenueShareSettlement","64","SETTLEMENT",,"49295189.2000","MicrosoftAccount\hocvienbimat@gmail.com","2026-06-01T22:28:56.8120640"
129,"Franchise","RevenueShareSettlement","65","INSERT",,"Approved","MicrosoftAccount\hocvienbimat@gmail.com","2026-06-01T22:28:56.8168089"
130,"Franchise","RevenueShareSettlement","65","SETTLEMENT",,"47470822.3000","MicrosoftAccount\hocvienbimat@gmail.com","2026-06-01T22:28:56.8180399"
131,"Franchise","RevenueShareSettlement","66","INSERT",,"Approved","MicrosoftAccount\hocvienbimat@gmail.com","2026-06-01T22:28:56.8217578"
132,"Franchise","RevenueShareSettlement","66","SETTLEMENT",,"42962604.0500","MicrosoftAccount\hocvienbimat@gmail.com","2026-06-01T22:28:56.8217578"
133,"Franchise","RevenueShareSettlement","67","INSERT",,"Approved","MicrosoftAccount\hocvienbimat@gmail.com","2026-06-01T22:28:56.8278454"
134,"Franchise","RevenueShareSettlement","67","SETTLEMENT",,"53958862.1000","MicrosoftAccount\hocvienbimat@gmail.com","2026-06-01T22:28:56.8283582"
135,"Franchise","RevenueShareSettlement","68","INSERT",,"Approved","MicrosoftAccount\hocvienbimat@gmail.com","2026-06-01T22:28:56.8344431"
136,"Franchise","RevenueShareSettlement","68","SETTLEMENT",,"86772276.0000","MicrosoftAccount\hocvienbimat@gmail.com","2026-06-01T22:28:56.8354479"
137,"Franchise","RevenueShareSettlement","69","INSERT",,"Approved","MicrosoftAccount\hocvienbimat@gmail.com","2026-06-01T22:28:56.8417571"
138,"Franchise","RevenueShareSettlement","69","SETTLEMENT",,"57907789.5000","MicrosoftAccount\hocvienbimat@gmail.com","2026-06-01T22:28:56.8427570"
139,"Franchise","RevenueShareSettlement","70","INSERT",,"Approved","MicrosoftAccount\hocvienbimat@gmail.com","2026-06-01T22:28:56.8491470"
140,"Franchise","RevenueShareSettlement","70","SETTLEMENT",,"91743039.0000","MicrosoftAccount\hocvienbimat@gmail.com","2026-06-01T22:28:56.8501624"
141,"Franchise","RevenueShareSettlement","71","INSERT",,"Approved","MicrosoftAccount\hocvienbimat@gmail.com","2026-06-01T22:28:56.8556807"
142,"Franchise","RevenueShareSettlement","71","SETTLEMENT",,"57429581.0000","MicrosoftAccount\hocvienbimat@gmail.com","2026-06-01T22:28:56.8556807"
143,"Franchise","RevenueShareSettlement","72","INSERT",,"Approved","MicrosoftAccount\hocvienbimat@gmail.com","2026-06-01T22:28:56.8602923"
144,"Franchise","RevenueShareSettlement","72","SETTLEMENT",,"74532304.7500","MicrosoftAccount\hocvienbimat@gmail.com","2026-06-01T22:28:56.8602923"
145,"Franchise","RevenueShareSettlement","73","INSERT",,"Approved","MicrosoftAccount\hocvienbimat@gmail.com","2026-06-01T22:28:56.8672326"
146,"Franchise","RevenueShareSettlement","73","SETTLEMENT",,"77622219.8000","MicrosoftAccount\hocvienbimat@gmail.com","2026-06-01T22:28:56.8683064"
147,"Franchise","RevenueShareSettlement","74","INSERT",,"Approved","MicrosoftAccount\hocvienbimat@gmail.com","2026-06-01T22:28:56.8724180"
148,"Franchise","RevenueShareSettlement","74","SETTLEMENT",,"76572192.5000","MicrosoftAccount\hocvienbimat@gmail.com","2026-06-01T22:28:56.8739367"
149,"Franchise","RevenueShareSettlement","75","INSERT",,"Approved","MicrosoftAccount\hocvienbimat@gmail.com","2026-06-01T22:28:56.8827027"
150,"Franchise","RevenueShareSettlement","75","SETTLEMENT",,"103259155.0000","MicrosoftAccount\hocvienbimat@gmail.com","2026-06-01T22:28:56.8827027"
151,"Franchise","RevenueShareSettlement","76","INSERT",,"Approved","MicrosoftAccount\hocvienbimat@gmail.com","2026-06-01T22:28:56.8873330"
152,"Franchise","RevenueShareSettlement","76","SETTLEMENT",,"66872389.5000","MicrosoftAccount\hocvienbimat@gmail.com","2026-06-01T22:28:56.8873330"
153,"Franchise","RevenueShareSettlement","77","INSERT",,"Approved","MicrosoftAccount\hocvienbimat@gmail.com","2026-06-01T22:28:56.9076990"
154,"Franchise","RevenueShareSettlement","77","SETTLEMENT",,"214818477.0500","MicrosoftAccount\hocvienbimat@gmail.com","2026-06-01T22:28:56.9087875"
155,"Franchise","RevenueShareSettlement","78","INSERT",,"Approved","MicrosoftAccount\hocvienbimat@gmail.com","2026-06-01T22:28:56.9261827"
156,"Franchise","RevenueShareSettlement","78","SETTLEMENT",,"222365883.9000","MicrosoftAccount\hocvienbimat@gmail.com","2026-06-01T22:28:56.9261827"
157,"Franchise","RevenueShareSettlement","79","INSERT",,"Approved","MicrosoftAccount\hocvienbimat@gmail.com","2026-06-01T22:28:56.9342924"
158,"Franchise","RevenueShareSettlement","79","SETTLEMENT",,"48912440.0500","MicrosoftAccount\hocvienbimat@gmail.com","2026-06-01T22:28:56.9342924"
159,"Franchise","RevenueShareSettlement","80","INSERT",,"Approved","MicrosoftAccount\hocvienbimat@gmail.com","2026-06-01T22:28:56.9403559"
160,"Franchise","RevenueShareSettlement","80","SETTLEMENT",,"47828225.8500","MicrosoftAccount\hocvienbimat@gmail.com","2026-06-01T22:28:56.9403559"
161,"Franchise","RevenueShareSettlement","81","INSERT",,"Approved","MicrosoftAccount\hocvienbimat@gmail.com","2026-06-01T22:28:56.9454755"
162,"Franchise","RevenueShareSettlement","81","SETTLEMENT",,"43003023.4500","MicrosoftAccount\hocvienbimat@gmail.com","2026-06-01T22:28:56.9454755"
163,"Franchise","RevenueShareSettlement","82","INSERT",,"Approved","MicrosoftAccount\hocvienbimat@gmail.com","2026-06-01T22:28:56.9507351"
164,"Franchise","RevenueShareSettlement","82","SETTLEMENT",,"54314645.0500","MicrosoftAccount\hocvienbimat@gmail.com","2026-06-01T22:28:56.9517349"
165,"Franchise","RevenueShareSettlement","83","INSERT",,"Approved","MicrosoftAccount\hocvienbimat@gmail.com","2026-06-01T22:28:56.9589409"
166,"Franchise","RevenueShareSettlement","83","SETTLEMENT",,"86988794.7500","MicrosoftAccount\hocvienbimat@gmail.com","2026-06-01T22:28:56.9600308"
167,"Franchise","RevenueShareSettlement","84","INSERT",,"Approved","MicrosoftAccount\hocvienbimat@gmail.com","2026-06-01T22:28:56.9668311"
168,"Franchise","RevenueShareSettlement","84","SETTLEMENT",,"58694118.5000","MicrosoftAccount\hocvienbimat@gmail.com","2026-06-01T22:28:56.9678458"
169,"Franchise","RevenueShareSettlement","85","INSERT",,"Approved","MicrosoftAccount\hocvienbimat@gmail.com","2026-06-01T22:28:56.9755657"
170,"Franchise","RevenueShareSettlement","85","SETTLEMENT",,"91833142.5000","MicrosoftAccount\hocvienbimat@gmail.com","2026-06-01T22:28:56.9755657"
171,"Franchise","RevenueShareSettlement","86","INSERT",,"Approved","MicrosoftAccount\hocvienbimat@gmail.com","2026-06-01T22:28:56.9811071"
172,"Franchise","RevenueShareSettlement","86","SETTLEMENT",,"57053082.1000","MicrosoftAccount\hocvienbimat@gmail.com","2026-06-01T22:28:56.9823342"
173,"Franchise","RevenueShareSettlement","87","INSERT",,"Approved","MicrosoftAccount\hocvienbimat@gmail.com","2026-06-01T22:28:56.9873645"
174,"Franchise","RevenueShareSettlement","87","SETTLEMENT",,"74331276.5000","MicrosoftAccount\hocvienbimat@gmail.com","2026-06-01T22:28:56.9873645"
175,"Franchise","RevenueShareSettlement","88","INSERT",,"Approved","MicrosoftAccount\hocvienbimat@gmail.com","2026-06-01T22:28:56.9953914"
176,"Franchise","RevenueShareSettlement","88","SETTLEMENT",,"77797215.8000","MicrosoftAccount\hocvienbimat@gmail.com","2026-06-01T22:28:56.9953914"
177,"Franchise","RevenueShareSettlement","89","INSERT",,"Approved","MicrosoftAccount\hocvienbimat@gmail.com","2026-06-01T22:28:57.0011594"
178,"Franchise","RevenueShareSettlement","89","SETTLEMENT",,"76354804.0000","MicrosoftAccount\hocvienbimat@gmail.com","2026-06-01T22:28:57.0011594"
179,"Franchise","RevenueShareSettlement","90","INSERT",,"Approved","MicrosoftAccount\hocvienbimat@gmail.com","2026-06-01T22:28:57.0100826"
180,"Franchise","RevenueShareSettlement","90","SETTLEMENT",,"102855600.0000","MicrosoftAccount\hocvienbimat@gmail.com","2026-06-01T22:28:57.0100826"
181,"Franchise","RevenueShareSettlement","91","INSERT",,"Approved","MicrosoftAccount\hocvienbimat@gmail.com","2026-06-01T22:28:57.0175864"
182,"Franchise","RevenueShareSettlement","91","SETTLEMENT",,"66747493.3000","MicrosoftAccount\hocvienbimat@gmail.com","2026-06-01T22:28:57.0175864"
183,"Franchise","RevenueShareSettlement","92","INSERT",,"Approved","MicrosoftAccount\hocvienbimat@gmail.com","2026-06-01T22:28:57.0344017"
184,"Franchise","RevenueShareSettlement","92","SETTLEMENT",,"214696597.8000","MicrosoftAccount\hocvienbimat@gmail.com","2026-06-01T22:28:57.0344017"
185,"Franchise","RevenueShareSettlement","93","INSERT",,"Approved","MicrosoftAccount\hocvienbimat@gmail.com","2026-06-01T22:28:57.0541014"
186,"Franchise","RevenueShareSettlement","93","SETTLEMENT",,"223125587.4000","MicrosoftAccount\hocvienbimat@gmail.com","2026-06-01T22:28:57.0555551"
187,"Franchise","RevenueShareSettlement","94","INSERT",,"Approved","MicrosoftAccount\hocvienbimat@gmail.com","2026-06-01T22:28:57.0603074"
188,"Franchise","RevenueShareSettlement","94","SETTLEMENT",,"48972998.0500","MicrosoftAccount\hocvienbimat@gmail.com","2026-06-01T22:28:57.0603074"
189,"Franchise","RevenueShareSettlement","95","INSERT",,"Approved","MicrosoftAccount\hocvienbimat@gmail.com","2026-06-01T22:28:57.0648167"
190,"Franchise","RevenueShareSettlement","95","SETTLEMENT",,"47639526.5500","MicrosoftAccount\hocvienbimat@gmail.com","2026-06-01T22:28:57.0648167"
191,"Franchise","RevenueShareSettlement","96","INSERT",,"Approved","MicrosoftAccount\hocvienbimat@gmail.com","2026-06-01T22:28:57.0678441"
192,"Franchise","RevenueShareSettlement","96","SETTLEMENT",,"43195433.3000","MicrosoftAccount\hocvienbimat@gmail.com","2026-06-01T22:28:57.0678441"
193,"Franchise","RevenueShareSettlement","97","INSERT",,"Approved","MicrosoftAccount\hocvienbimat@gmail.com","2026-06-01T22:28:57.0729179"
194,"Franchise","RevenueShareSettlement","97","SETTLEMENT",,"53759712.7000","MicrosoftAccount\hocvienbimat@gmail.com","2026-06-01T22:28:57.0739164"
195,"Franchise","RevenueShareSettlement","98","INSERT",,"Approved","MicrosoftAccount\hocvienbimat@gmail.com","2026-06-01T22:28:57.0779207"
196,"Franchise","RevenueShareSettlement","98","SETTLEMENT",,"87888646.2500","MicrosoftAccount\hocvienbimat@gmail.com","2026-06-01T22:28:57.0779207"
197,"Franchise","RevenueShareSettlement","99","INSERT",,"Approved","MicrosoftAccount\hocvienbimat@gmail.com","2026-06-01T22:28:57.0839781"
198,"Franchise","RevenueShareSettlement","99","SETTLEMENT",,"58810699.1000","MicrosoftAccount\hocvienbimat@gmail.com","2026-06-01T22:28:57.0839781"
199,"Franchise","RevenueShareSettlement","100","INSERT",,"Approved","MicrosoftAccount\hocvienbimat@gmail.com","2026-06-01T22:28:57.0890007"
200,"Franchise","RevenueShareSettlement","100","SETTLEMENT",,"91915751.5000","MicrosoftAccount\hocvienbimat@gmail.com","2026-06-01T22:28:57.0900076"
201,"Franchise","RevenueShareSettlement","101","INSERT",,"Approved","MicrosoftAccount\hocvienbimat@gmail.com","2026-06-01T22:28:57.0940036"
202,"Franchise","RevenueShareSettlement","101","SETTLEMENT",,"57582477.3000","MicrosoftAccount\hocvienbimat@gmail.com","2026-06-01T22:28:57.0951757"
203,"Franchise","RevenueShareSettlement","102","INSERT",,"Approved","MicrosoftAccount\hocvienbimat@gmail.com","2026-06-01T22:28:57.0981758"
204,"Franchise","RevenueShareSettlement","102","SETTLEMENT",,"74569724.2500","MicrosoftAccount\hocvienbimat@gmail.com","2026-06-01T22:28:57.0981758"
205,"Franchise","RevenueShareSettlement","103","INSERT",,"Approved","MicrosoftAccount\hocvienbimat@gmail.com","2026-06-01T22:28:57.1047105"
206,"Franchise","RevenueShareSettlement","103","SETTLEMENT",,"77367549.0000","MicrosoftAccount\hocvienbimat@gmail.com","2026-06-01T22:28:57.1057148"
207,"Franchise","RevenueShareSettlement","104","INSERT",,"Approved","MicrosoftAccount\hocvienbimat@gmail.com","2026-06-01T22:28:57.1104350"
208,"Franchise","RevenueShareSettlement","104","SETTLEMENT",,"76271609.2500","MicrosoftAccount\hocvienbimat@gmail.com","2026-06-01T22:28:57.1104350"
209,"Franchise","RevenueShareSettlement","105","INSERT",,"Approved","MicrosoftAccount\hocvienbimat@gmail.com","2026-06-01T22:28:57.1184124"
210,"Franchise","RevenueShareSettlement","105","SETTLEMENT",,"102660300.0000","MicrosoftAccount\hocvienbimat@gmail.com","2026-06-01T22:28:57.1194172"
211,"Franchise","RevenueShareSettlement","106","INSERT",,"Approved","MicrosoftAccount\hocvienbimat@gmail.com","2026-06-01T22:28:57.1251545"
212,"Franchise","RevenueShareSettlement","106","SETTLEMENT",,"66646299.8000","MicrosoftAccount\hocvienbimat@gmail.com","2026-06-01T22:28:57.1261517"
213,"Franchise","RevenueShareSettlement","107","INSERT",,"Approved","MicrosoftAccount\hocvienbimat@gmail.com","2026-06-01T22:28:57.1445602"
214,"Franchise","RevenueShareSettlement","107","SETTLEMENT",,"214935735.4000","MicrosoftAccount\hocvienbimat@gmail.com","2026-06-01T22:28:57.1455788"
215,"Franchise","RevenueShareSettlement","108","INSERT",,"Approved","MicrosoftAccount\hocvienbimat@gmail.com","2026-06-01T22:28:57.1639700"
216,"Franchise","RevenueShareSettlement","108","SETTLEMENT",,"223060709.7500","MicrosoftAccount\hocvienbimat@gmail.com","2026-06-01T22:28:57.1639700"
217,"Franchise","RevenueShareSettlement","109","INSERT",,"Approved","MicrosoftAccount\hocvienbimat@gmail.com","2026-06-01T22:28:57.1694871"
218,"Franchise","RevenueShareSettlement","109","SETTLEMENT",,"49078416.5000","MicrosoftAccount\hocvienbimat@gmail.com","2026-06-01T22:28:57.1694871"
219,"Franchise","RevenueShareSettlement","110","INSERT",,"Approved","MicrosoftAccount\hocvienbimat@gmail.com","2026-06-01T22:28:57.1750527"
220,"Franchise","RevenueShareSettlement","110","SETTLEMENT",,"47816710.4500","MicrosoftAccount\hocvienbimat@gmail.com","2026-06-01T22:28:57.1750527"
221,"Franchise","RevenueShareSettlement","111","INSERT",,"Approved","MicrosoftAccount\hocvienbimat@gmail.com","2026-06-01T22:28:57.1782552"
222,"Franchise","RevenueShareSettlement","111","SETTLEMENT",,"42908616.0500","MicrosoftAccount\hocvienbimat@gmail.com","2026-06-01T22:28:57.1795964"
223,"Franchise","RevenueShareSettlement","112","INSERT",,"Approved","MicrosoftAccount\hocvienbimat@gmail.com","2026-06-01T22:28:57.1830057"
224,"Franchise","RevenueShareSettlement","112","SETTLEMENT",,"53845289.1000","MicrosoftAccount\hocvienbimat@gmail.com","2026-06-01T22:28:57.1830057"
225,"Franchise","RevenueShareSettlement","113","INSERT",,"Approved","MicrosoftAccount\hocvienbimat@gmail.com","2026-06-01T22:28:57.1899692"
226,"Franchise","RevenueShareSettlement","113","SETTLEMENT",,"87507029.5000","MicrosoftAccount\hocvienbimat@gmail.com","2026-06-01T22:28:57.1899692"
227,"Franchise","RevenueShareSettlement","114","INSERT",,"Approved","MicrosoftAccount\hocvienbimat@gmail.com","2026-06-01T22:28:57.1949967"
228,"Franchise","RevenueShareSettlement","114","SETTLEMENT",,"58654622.6000","MicrosoftAccount\hocvienbimat@gmail.com","2026-06-01T22:28:57.1949967"
229,"Franchise","RevenueShareSettlement","115","INSERT",,"Approved","MicrosoftAccount\hocvienbimat@gmail.com","2026-06-01T22:28:57.2009969"
230,"Franchise","RevenueShareSettlement","115","SETTLEMENT",,"92078031.5000","MicrosoftAccount\hocvienbimat@gmail.com","2026-06-01T22:28:57.2019974"
231,"Franchise","RevenueShareSettlement","116","INSERT",,"Approved","MicrosoftAccount\hocvienbimat@gmail.com","2026-06-01T22:28:57.2098042"
232,"Franchise","RevenueShareSettlement","116","SETTLEMENT",,"57565199.5000","MicrosoftAccount\hocvienbimat@gmail.com","2026-06-01T22:28:57.2103856"
233,"Franchise","RevenueShareSettlement","117","INSERT",,"Approved","MicrosoftAccount\hocvienbimat@gmail.com","2026-06-01T22:28:57.2143315"
234,"Franchise","RevenueShareSettlement","117","SETTLEMENT",,"74297647.7500","MicrosoftAccount\hocvienbimat@gmail.com","2026-06-01T22:28:57.2149321"
235,"Franchise","RevenueShareSettlement","118","INSERT",,"Approved","MicrosoftAccount\hocvienbimat@gmail.com","2026-06-01T22:28:57.2226549"
236,"Franchise","RevenueShareSettlement","118","SETTLEMENT",,"77096511.5000","MicrosoftAccount\hocvienbimat@gmail.com","2026-06-01T22:28:57.2226549"
237,"Franchise","RevenueShareSettlement","119","INSERT",,"Approved","MicrosoftAccount\hocvienbimat@gmail.com","2026-06-01T22:28:57.2281654"
238,"Franchise","RevenueShareSettlement","119","SETTLEMENT",,"76437458.2500","MicrosoftAccount\hocvienbimat@gmail.com","2026-06-01T22:28:57.2281654"
239,"Franchise","RevenueShareSettlement","120","INSERT",,"Approved","MicrosoftAccount\hocvienbimat@gmail.com","2026-06-01T22:28:57.2357241"
240,"Franchise","RevenueShareSettlement","120","SETTLEMENT",,"102417320.0000","MicrosoftAccount\hocvienbimat@gmail.com","2026-06-01T22:28:57.2357241"
241,"Franchise","RevenueShareSettlement","121","INSERT",,"Approved","MicrosoftAccount\hocvienbimat@gmail.com","2026-06-01T22:28:57.2397289"
242,"Franchise","RevenueShareSettlement","121","SETTLEMENT",,"66996649.5000","MicrosoftAccount\hocvienbimat@gmail.com","2026-06-01T22:28:57.2397289"
243,"Franchise","RevenueShareSettlement","122","INSERT",,"Approved","MicrosoftAccount\hocvienbimat@gmail.com","2026-06-01T22:28:57.2573078"
244,"Franchise","RevenueShareSettlement","122","SETTLEMENT",,"214466945.1000","MicrosoftAccount\hocvienbimat@gmail.com","2026-06-01T22:28:57.2573078"
245,"Franchise","RevenueShareSettlement","123","INSERT",,"Approved","MicrosoftAccount\hocvienbimat@gmail.com","2026-06-01T22:28:57.2752390"
246,"Franchise","RevenueShareSettlement","123","SETTLEMENT",,"223157393.0500","MicrosoftAccount\hocvienbimat@gmail.com","2026-06-01T22:28:57.2752390"
247,"Franchise","RevenueShareSettlement","124","INSERT",,"Approved","MicrosoftAccount\hocvienbimat@gmail.com","2026-06-01T22:28:57.2788434"
248,"Franchise","RevenueShareSettlement","124","SETTLEMENT",,"49262058.2500","MicrosoftAccount\hocvienbimat@gmail.com","2026-06-01T22:28:57.2798500"
249,"Franchise","RevenueShareSettlement","125","INSERT",,"Approved","MicrosoftAccount\hocvienbimat@gmail.com","2026-06-01T22:28:57.2852219"
250,"Franchise","RevenueShareSettlement","125","SETTLEMENT",,"47577342.1000","MicrosoftAccount\hocvienbimat@gmail.com","2026-06-01T22:28:57.2852219"
251,"Franchise","RevenueShareSettlement","126","INSERT",,"Approved","MicrosoftAccount\hocvienbimat@gmail.com","2026-06-01T22:28:57.2892623"
252,"Franchise","RevenueShareSettlement","126","SETTLEMENT",,"42967861.7500","MicrosoftAccount\hocvienbimat@gmail.com","2026-06-01T22:28:57.2902652"
253,"Franchise","RevenueShareSettlement","127","INSERT",,"Approved","MicrosoftAccount\hocvienbimat@gmail.com","2026-06-01T22:28:57.2947770"
254,"Franchise","RevenueShareSettlement","127","SETTLEMENT",,"53977833.1000","MicrosoftAccount\hocvienbimat@gmail.com","2026-06-01T22:28:57.2947770"
255,"Franchise","RevenueShareSettlement","128","INSERT",,"Approved","MicrosoftAccount\hocvienbimat@gmail.com","2026-06-01T22:28:57.3009155"
256,"Franchise","RevenueShareSettlement","128","SETTLEMENT",,"87023345.5000","MicrosoftAccount\hocvienbimat@gmail.com","2026-06-01T22:28:57.3009155"
257,"Franchise","RevenueShareSettlement","129","INSERT",,"Approved","MicrosoftAccount\hocvienbimat@gmail.com","2026-06-01T22:28:57.3081394"
258,"Franchise","RevenueShareSettlement","129","SETTLEMENT",,"58258595.2000","MicrosoftAccount\hocvienbimat@gmail.com","2026-06-01T22:28:57.3081394"
259,"Franchise","RevenueShareSettlement","130","INSERT",,"Approved","MicrosoftAccount\hocvienbimat@gmail.com","2026-06-01T22:28:57.3145928"
260,"Franchise","RevenueShareSettlement","130","SETTLEMENT",,"91676719.5000","MicrosoftAccount\hocvienbimat@gmail.com","2026-06-01T22:28:57.3145928"
261,"Franchise","RevenueShareSettlement","131","INSERT",,"Approved","MicrosoftAccount\hocvienbimat@gmail.com","2026-06-01T22:28:57.3205957"
262,"Franchise","RevenueShareSettlement","131","SETTLEMENT",,"57195391.8000","MicrosoftAccount\hocvienbimat@gmail.com","2026-06-01T22:28:57.3205957"
263,"Franchise","RevenueShareSettlement","132","INSERT",,"Approved","MicrosoftAccount\hocvienbimat@gmail.com","2026-06-01T22:28:57.3251246"
264,"Franchise","RevenueShareSettlement","132","SETTLEMENT",,"74384933.5000","MicrosoftAccount\hocvienbimat@gmail.com","2026-06-01T22:28:57.3251246"
265,"Franchise","RevenueShareSettlement","133","INSERT",,"Approved","MicrosoftAccount\hocvienbimat@gmail.com","2026-06-01T22:28:57.3316555"
266,"Franchise","RevenueShareSettlement","133","SETTLEMENT",,"77720135.3000","MicrosoftAccount\hocvienbimat@gmail.com","2026-06-01T22:28:57.3316555"
267,"Franchise","RevenueShareSettlement","134","INSERT",,"Approved","MicrosoftAccount\hocvienbimat@gmail.com","2026-06-01T22:28:57.3372078"
268,"Franchise","RevenueShareSettlement","134","SETTLEMENT",,"76494296.2500","MicrosoftAccount\hocvienbimat@gmail.com","2026-06-01T22:28:57.3372078"
269,"Franchise","RevenueShareSettlement","135","INSERT",,"Approved","MicrosoftAccount\hocvienbimat@gmail.com","2026-06-01T22:28:57.3441681"
270,"Franchise","RevenueShareSettlement","135","SETTLEMENT",,"103024650.0000","MicrosoftAccount\hocvienbimat@gmail.com","2026-06-01T22:28:57.3441681"
271,"Franchise","RevenueShareSettlement","136","INSERT",,"Approved","MicrosoftAccount\hocvienbimat@gmail.com","2026-06-01T22:28:57.3506791"
272,"Franchise","RevenueShareSettlement","136","SETTLEMENT",,"66868436.7500","MicrosoftAccount\hocvienbimat@gmail.com","2026-06-01T22:28:57.3506791"
273,"Franchise","RevenueShareSettlement","137","INSERT",,"Approved","MicrosoftAccount\hocvienbimat@gmail.com","2026-06-01T22:28:57.3672674"
274,"Franchise","RevenueShareSettlement","137","SETTLEMENT",,"214363982.5500","MicrosoftAccount\hocvienbimat@gmail.com","2026-06-01T22:28:57.3672674"
275,"Franchise","RevenueShareSettlement","138","INSERT",,"Approved","MicrosoftAccount\hocvienbimat@gmail.com","2026-06-01T22:28:57.3844202"
276,"Franchise","RevenueShareSettlement","138","SETTLEMENT",,"222108398.4500","MicrosoftAccount\hocvienbimat@gmail.com","2026-06-01T22:28:57.3854330"
277,"Franchise","RevenueShareSettlement","139","INSERT",,"Approved","MicrosoftAccount\hocvienbimat@gmail.com","2026-06-01T22:28:57.3930510"
278,"Franchise","RevenueShareSettlement","139","SETTLEMENT",,"48849397.5500","MicrosoftAccount\hocvienbimat@gmail.com","2026-06-01T22:28:57.3930510"
279,"Franchise","RevenueShareSettlement","140","INSERT",,"Approved","MicrosoftAccount\hocvienbimat@gmail.com","2026-06-01T22:28:57.4020328"
280,"Franchise","RevenueShareSettlement","140","SETTLEMENT",,"47737965.3500","MicrosoftAccount\hocvienbimat@gmail.com","2026-06-01T22:28:57.4020328"
281,"Franchise","RevenueShareSettlement","141","INSERT",,"Approved","MicrosoftAccount\hocvienbimat@gmail.com","2026-06-01T22:28:57.4071551"
282,"Franchise","RevenueShareSettlement","141","SETTLEMENT",,"43259765.7500","MicrosoftAccount\hocvienbimat@gmail.com","2026-06-01T22:28:57.4081562"
283,"Franchise","RevenueShareSettlement","142","INSERT",,"Approved","MicrosoftAccount\hocvienbimat@gmail.com","2026-06-01T22:28:57.4122692"
284,"Franchise","RevenueShareSettlement","142","SETTLEMENT",,"54352655.9500","MicrosoftAccount\hocvienbimat@gmail.com","2026-06-01T22:28:57.4122692"
285,"Franchise","RevenueShareSettlement","143","INSERT",,"Approved","MicrosoftAccount\hocvienbimat@gmail.com","2026-06-01T22:28:57.4188808"
286,"Franchise","RevenueShareSettlement","143","SETTLEMENT",,"87421655.2500","MicrosoftAccount\hocvienbimat@gmail.com","2026-06-01T22:28:57.4188808"
287,"Franchise","RevenueShareSettlement","144","INSERT",,"Approved","MicrosoftAccount\hocvienbimat@gmail.com","2026-06-01T22:28:57.4250369"
288,"Franchise","RevenueShareSettlement","144","SETTLEMENT",,"58324848.3000","MicrosoftAccount\hocvienbimat@gmail.com","2026-06-01T22:28:57.4250369"
289,"Franchise","RevenueShareSettlement","145","INSERT",,"Approved","MicrosoftAccount\hocvienbimat@gmail.com","2026-06-01T22:28:57.4322183"
290,"Franchise","RevenueShareSettlement","145","SETTLEMENT",,"92066450.0000","MicrosoftAccount\hocvienbimat@gmail.com","2026-06-01T22:28:57.4333616"
291,"Franchise","RevenueShareSettlement","146","INSERT",,"Approved","MicrosoftAccount\hocvienbimat@gmail.com","2026-06-01T22:28:57.4374469"
292,"Franchise","RevenueShareSettlement","146","SETTLEMENT",,"57204990.1000","MicrosoftAccount\hocvienbimat@gmail.com","2026-06-01T22:28:57.4374469"
293,"Franchise","RevenueShareSettlement","147","INSERT",,"Approved","MicrosoftAccount\hocvienbimat@gmail.com","2026-06-01T22:28:57.4439906"
294,"Franchise","RevenueShareSettlement","147","SETTLEMENT",,"74266960.7500","MicrosoftAccount\hocvienbimat@gmail.com","2026-06-01T22:28:57.4439906"
295,"Franchise","RevenueShareSettlement","148","INSERT",,"Approved","MicrosoftAccount\hocvienbimat@gmail.com","2026-06-01T22:28:57.4520556"
296,"Franchise","RevenueShareSettlement","148","SETTLEMENT",,"77720235.8000","MicrosoftAccount\hocvienbimat@gmail.com","2026-06-01T22:28:57.4520556"
297,"Franchise","RevenueShareSettlement","149","INSERT",,"Approved","MicrosoftAccount\hocvienbimat@gmail.com","2026-06-01T22:28:57.4574943"
298,"Franchise","RevenueShareSettlement","149","SETTLEMENT",,"76263133.5000","MicrosoftAccount\hocvienbimat@gmail.com","2026-06-01T22:28:57.4574943"
299,"Franchise","RevenueShareSettlement","150","INSERT",,"Approved","MicrosoftAccount\hocvienbimat@gmail.com","2026-06-01T22:28:57.4669342"
300,"Franchise","RevenueShareSettlement","150","SETTLEMENT",,"102996912.5000","MicrosoftAccount\hocvienbimat@gmail.com","2026-06-01T22:28:57.4669342"
301,"Franchise","RevenueShareSettlement","151","INSERT",,"Approved","MicrosoftAccount\hocvienbimat@gmail.com","2026-06-01T22:28:57.4725076"
302,"Franchise","RevenueShareSettlement","151","SETTLEMENT",,"66643993.8000","MicrosoftAccount\hocvienbimat@gmail.com","2026-06-01T22:28:57.4725076"
303,"Franchise","RevenueShareSettlement","152","INSERT",,"Approved","MicrosoftAccount\hocvienbimat@gmail.com","2026-06-01T22:28:57.4851978"
304,"Franchise","RevenueShareSettlement","152","SETTLEMENT",,"215057427.3500","MicrosoftAccount\hocvienbimat@gmail.com","2026-06-01T22:28:57.4851978"
305,"Franchise","RevenueShareSettlement","153","INSERT",,"Approved","MicrosoftAccount\hocvienbimat@gmail.com","2026-06-01T22:28:57.5005188"
306,"Franchise","RevenueShareSettlement","153","SETTLEMENT",,"223524087.8500","MicrosoftAccount\hocvienbimat@gmail.com","2026-06-01T22:28:57.5005188"
307,"Franchise","RevenueShareSettlement","154","INSERT",,"Approved","MicrosoftAccount\hocvienbimat@gmail.com","2026-06-01T22:28:57.5054160"
308,"Franchise","RevenueShareSettlement","154","SETTLEMENT",,"49207023.0500","MicrosoftAccount\hocvienbimat@gmail.com","2026-06-01T22:28:57.5064195"
309,"Franchise","RevenueShareSettlement","155","INSERT",,"Approved","MicrosoftAccount\hocvienbimat@gmail.com","2026-06-01T22:28:57.5114360"
310,"Franchise","RevenueShareSettlement","155","SETTLEMENT",,"47538587.4500","MicrosoftAccount\hocvienbimat@gmail.com","2026-06-01T22:28:57.5124341"
311,"Franchise","RevenueShareSettlement","156","INSERT",,"Approved","MicrosoftAccount\hocvienbimat@gmail.com","2026-06-01T22:28:57.5149813"
312,"Franchise","RevenueShareSettlement","156","SETTLEMENT",,"42787120.8000","MicrosoftAccount\hocvienbimat@gmail.com","2026-06-01T22:28:57.5164646"
313,"Franchise","RevenueShareSettlement","157","INSERT",,"Approved","MicrosoftAccount\hocvienbimat@gmail.com","2026-06-01T22:28:57.5209124"
314,"Franchise","RevenueShareSettlement","157","SETTLEMENT",,"53745717.5500","MicrosoftAccount\hocvienbimat@gmail.com","2026-06-01T22:28:57.5209124"
315,"Franchise","RevenueShareSettlement","158","INSERT",,"Approved","MicrosoftAccount\hocvienbimat@gmail.com","2026-06-01T22:28:57.5264395"
316,"Franchise","RevenueShareSettlement","158","SETTLEMENT",,"87483620.0000","MicrosoftAccount\hocvienbimat@gmail.com","2026-06-01T22:28:57.5264395"
317,"Franchise","RevenueShareSettlement","159","INSERT",,"Approved","MicrosoftAccount\hocvienbimat@gmail.com","2026-06-01T22:28:57.5304770"
318,"Franchise","RevenueShareSettlement","159","SETTLEMENT",,"58849545.6000","MicrosoftAccount\hocvienbimat@gmail.com","2026-06-01T22:28:57.5315030"
319,"Franchise","RevenueShareSettlement","160","INSERT",,"Approved","MicrosoftAccount\hocvienbimat@gmail.com","2026-06-01T22:28:57.5373964"
320,"Franchise","RevenueShareSettlement","160","SETTLEMENT",,"91579809.7500","MicrosoftAccount\hocvienbimat@gmail.com","2026-06-01T22:28:57.5373964"
321,"Franchise","RevenueShareSettlement","161","INSERT",,"Approved","MicrosoftAccount\hocvienbimat@gmail.com","2026-06-01T22:28:57.5426851"
322,"Franchise","RevenueShareSettlement","161","SETTLEMENT",,"57861476.6000","MicrosoftAccount\hocvienbimat@gmail.com","2026-06-01T22:28:57.5441964"
323,"Franchise","RevenueShareSettlement","162","INSERT",,"Approved","MicrosoftAccount\hocvienbimat@gmail.com","2026-06-01T22:28:57.5494358"
324,"Franchise","RevenueShareSettlement","162","SETTLEMENT",,"74532221.7500","MicrosoftAccount\hocvienbimat@gmail.com","2026-06-01T22:28:57.5505507"
325,"Franchise","RevenueShareSettlement","163","INSERT",,"Approved","MicrosoftAccount\hocvienbimat@gmail.com","2026-06-01T22:28:57.5550177"
326,"Franchise","RevenueShareSettlement","163","SETTLEMENT",,"77423012.7000","MicrosoftAccount\hocvienbimat@gmail.com","2026-06-01T22:28:57.5560185"
327,"Franchise","RevenueShareSettlement","164","INSERT",,"Approved","MicrosoftAccount\hocvienbimat@gmail.com","2026-06-01T22:28:57.5600323"
328,"Franchise","RevenueShareSettlement","164","SETTLEMENT",,"76371252.2500","MicrosoftAccount\hocvienbimat@gmail.com","2026-06-01T22:28:57.5600323"
329,"Franchise","RevenueShareSettlement","165","INSERT",,"Approved","MicrosoftAccount\hocvienbimat@gmail.com","2026-06-01T22:28:57.5661384"
330,"Franchise","RevenueShareSettlement","165","SETTLEMENT",,"102684175.0000","MicrosoftAccount\hocvienbimat@gmail.com","2026-06-01T22:28:57.5661384"
331,"Franchise","RevenueShareSettlement","166","INSERT",,"Approved","MicrosoftAccount\hocvienbimat@gmail.com","2026-06-01T22:28:57.5715698"
332,"Franchise","RevenueShareSettlement","166","SETTLEMENT",,"66677816.5500","MicrosoftAccount\hocvienbimat@gmail.com","2026-06-01T22:28:57.5725700"
333,"Franchise","RevenueShareSettlement","167","INSERT",,"Approved","MicrosoftAccount\hocvienbimat@gmail.com","2026-06-01T22:28:57.5892192"
334,"Franchise","RevenueShareSettlement","167","SETTLEMENT",,"215166937.3500","MicrosoftAccount\hocvienbimat@gmail.com","2026-06-01T22:28:57.5892192"
335,"Franchise","RevenueShareSettlement","168","INSERT",,"Approved","MicrosoftAccount\hocvienbimat@gmail.com","2026-06-01T22:28:57.6058922"
336,"Franchise","RevenueShareSettlement","168","SETTLEMENT",,"222876730.7000","MicrosoftAccount\hocvienbimat@gmail.com","2026-06-01T22:28:57.6058922"
337,"Franchise","RevenueShareSettlement","169","INSERT",,"Approved","MicrosoftAccount\hocvienbimat@gmail.com","2026-06-01T22:28:57.6106635"
338,"Franchise","RevenueShareSettlement","169","SETTLEMENT",,"49123664.0000","MicrosoftAccount\hocvienbimat@gmail.com","2026-06-01T22:28:57.6121756"
339,"Franchise","RevenueShareSettlement","170","INSERT",,"Approved","MicrosoftAccount\hocvienbimat@gmail.com","2026-06-01T22:28:57.6173524"
340,"Franchise","RevenueShareSettlement","170","SETTLEMENT",,"47518373.3000","MicrosoftAccount\hocvienbimat@gmail.com","2026-06-01T22:28:57.6173524"
341,"Franchise","RevenueShareSettlement","171","INSERT",,"Approved","MicrosoftAccount\hocvienbimat@gmail.com","2026-06-01T22:28:57.6203536"
342,"Franchise","RevenueShareSettlement","171","SETTLEMENT",,"42852392.5500","MicrosoftAccount\hocvienbimat@gmail.com","2026-06-01T22:28:57.6203536"
343,"Franchise","RevenueShareSettlement","172","INSERT",,"Approved","MicrosoftAccount\hocvienbimat@gmail.com","2026-06-01T22:28:57.6250921"
344,"Franchise","RevenueShareSettlement","172","SETTLEMENT",,"53637126.8500","MicrosoftAccount\hocvienbimat@gmail.com","2026-06-01T22:28:57.6250921"
345,"Franchise","RevenueShareSettlement","173","INSERT",,"Approved","MicrosoftAccount\hocvienbimat@gmail.com","2026-06-01T22:28:57.6313012"
346,"Franchise","RevenueShareSettlement","173","SETTLEMENT",,"87604869.0000","MicrosoftAccount\hocvienbimat@gmail.com","2026-06-01T22:28:57.6313012"
347,"Franchise","RevenueShareSettlement","174","INSERT",,"Approved","MicrosoftAccount\hocvienbimat@gmail.com","2026-06-01T22:28:57.6368328"
348,"Franchise","RevenueShareSettlement","174","SETTLEMENT",,"58585173.3000","MicrosoftAccount\hocvienbimat@gmail.com","2026-06-01T22:28:57.6383464"
349,"Franchise","RevenueShareSettlement","175","INSERT",,"Approved","MicrosoftAccount\hocvienbimat@gmail.com","2026-06-01T22:28:57.6440223"
350,"Franchise","RevenueShareSettlement","175","SETTLEMENT",,"92312185.7500","MicrosoftAccount\hocvienbimat@gmail.com","2026-06-01T22:28:57.6440223"
351,"Franchise","RevenueShareSettlement","176","INSERT",,"Approved","MicrosoftAccount\hocvienbimat@gmail.com","2026-06-01T22:28:57.6503453"
352,"Franchise","RevenueShareSettlement","176","SETTLEMENT",,"57495518.0000","MicrosoftAccount\hocvienbimat@gmail.com","2026-06-01T22:28:57.6503453"
353,"Franchise","RevenueShareSettlement","177","INSERT",,"Approved","MicrosoftAccount\hocvienbimat@gmail.com","2026-06-01T22:28:57.6568748"
354,"Franchise","RevenueShareSettlement","177","SETTLEMENT",,"74395863.5000","MicrosoftAccount\hocvienbimat@gmail.com","2026-06-01T22:28:57.6568748"
355,"Franchise","RevenueShareSettlement","178","INSERT",,"Approved","MicrosoftAccount\hocvienbimat@gmail.com","2026-06-01T22:28:57.6644058"
356,"Franchise","RevenueShareSettlement","178","SETTLEMENT",,"77332407.8000","MicrosoftAccount\hocvienbimat@gmail.com","2026-06-01T22:28:57.6644058"
357,"Franchise","RevenueShareSettlement","179","INSERT",,"Approved","MicrosoftAccount\hocvienbimat@gmail.com","2026-06-01T22:28:57.6700726"
358,"Franchise","RevenueShareSettlement","179","SETTLEMENT",,"76551913.7500","MicrosoftAccount\hocvienbimat@gmail.com","2026-06-01T22:28:57.6700726"
359,"Franchise","RevenueShareSettlement","180","INSERT",,"Approved","MicrosoftAccount\hocvienbimat@gmail.com","2026-06-01T22:28:57.6784692"
360,"Franchise","RevenueShareSettlement","180","SETTLEMENT",,"102869792.5000","MicrosoftAccount\hocvienbimat@gmail.com","2026-06-01T22:28:57.6784692"
361,"Franchise","RevenueShareSettlement","181","INSERT",,"Approved","MicrosoftAccount\hocvienbimat@gmail.com","2026-06-01T22:28:57.6829749"
362,"Franchise","RevenueShareSettlement","181","SETTLEMENT",,"74445957.7000","MicrosoftAccount\hocvienbimat@gmail.com","2026-06-01T22:28:57.6829749"
363,"Franchise","RevenueShareSettlement","182","INSERT",,"Approved","MicrosoftAccount\hocvienbimat@gmail.com","2026-06-01T22:28:57.7000643"
364,"Franchise","RevenueShareSettlement","182","SETTLEMENT",,"237909224.6500","MicrosoftAccount\hocvienbimat@gmail.com","2026-06-01T22:28:57.7005821"
365,"Franchise","RevenueShareSettlement","183","INSERT",,"Approved","MicrosoftAccount\hocvienbimat@gmail.com","2026-06-01T22:28:57.7182036"
366,"Franchise","RevenueShareSettlement","183","SETTLEMENT",,"246904906.7000","MicrosoftAccount\hocvienbimat@gmail.com","2026-06-01T22:28:57.7192093"
367,"Franchise","RevenueShareSettlement","184","INSERT",,"Approved","MicrosoftAccount\hocvienbimat@gmail.com","2026-06-01T22:28:57.7232100"
368,"Franchise","RevenueShareSettlement","184","SETTLEMENT",,"54104878.2500","MicrosoftAccount\hocvienbimat@gmail.com","2026-06-01T22:28:57.7242081"
369,"Franchise","RevenueShareSettlement","185","INSERT",,"Approved","MicrosoftAccount\hocvienbimat@gmail.com","2026-06-01T22:28:57.7293605"
370,"Franchise","RevenueShareSettlement","185","SETTLEMENT",,"52906370.3500","MicrosoftAccount\hocvienbimat@gmail.com","2026-06-01T22:28:57.7293605"
371,"Franchise","RevenueShareSettlement","186","INSERT",,"Approved","MicrosoftAccount\hocvienbimat@gmail.com","2026-06-01T22:28:57.7338280"
372,"Franchise","RevenueShareSettlement","186","SETTLEMENT",,"47653173.0000","MicrosoftAccount\hocvienbimat@gmail.com","2026-06-01T22:28:57.7348330"
373,"Franchise","RevenueShareSettlement","187","INSERT",,"Approved","MicrosoftAccount\hocvienbimat@gmail.com","2026-06-01T22:28:57.7398498"
374,"Franchise","RevenueShareSettlement","187","SETTLEMENT",,"59903829.0500","MicrosoftAccount\hocvienbimat@gmail.com","2026-06-01T22:28:57.7398498"
375,"Franchise","RevenueShareSettlement","188","INSERT",,"Approved","MicrosoftAccount\hocvienbimat@gmail.com","2026-06-01T22:28:57.7450585"
376,"Franchise","RevenueShareSettlement","188","SETTLEMENT",,"96913659.2500","MicrosoftAccount\hocvienbimat@gmail.com","2026-06-01T22:28:57.7450585"
377,"Franchise","RevenueShareSettlement","189","INSERT",,"Approved","MicrosoftAccount\hocvienbimat@gmail.com","2026-06-01T22:28:57.7511832"
378,"Franchise","RevenueShareSettlement","189","SETTLEMENT",,"64767563.7000","MicrosoftAccount\hocvienbimat@gmail.com","2026-06-01T22:28:57.7511832"
379,"Franchise","RevenueShareSettlement","190","INSERT",,"Approved","MicrosoftAccount\hocvienbimat@gmail.com","2026-06-01T22:28:57.7582867"
380,"Franchise","RevenueShareSettlement","190","SETTLEMENT",,"101976324.5000","MicrosoftAccount\hocvienbimat@gmail.com","2026-06-01T22:28:57.7582867"
381,"Franchise","RevenueShareSettlement","191","INSERT",,"Approved","MicrosoftAccount\hocvienbimat@gmail.com","2026-06-01T22:28:57.7643100"
382,"Franchise","RevenueShareSettlement","191","SETTLEMENT",,"63600910.3000","MicrosoftAccount\hocvienbimat@gmail.com","2026-06-01T22:28:57.7643100"
383,"Franchise","RevenueShareSettlement","192","INSERT",,"Approved","MicrosoftAccount\hocvienbimat@gmail.com","2026-06-01T22:28:57.7698348"
384,"Franchise","RevenueShareSettlement","192","SETTLEMENT",,"82699102.2500","MicrosoftAccount\hocvienbimat@gmail.com","2026-06-01T22:28:57.7698348"
385,"Franchise","RevenueShareSettlement","193","INSERT",,"Approved","MicrosoftAccount\hocvienbimat@gmail.com","2026-06-01T22:28:57.7773870"
386,"Franchise","RevenueShareSettlement","193","SETTLEMENT",,"86422727.3000","MicrosoftAccount\hocvienbimat@gmail.com","2026-06-01T22:28:57.7773870"
387,"Franchise","RevenueShareSettlement","194","INSERT",,"Approved","MicrosoftAccount\hocvienbimat@gmail.com","2026-06-01T22:28:57.7875136"
388,"Franchise","RevenueShareSettlement","194","SETTLEMENT",,"84968082.0000","MicrosoftAccount\hocvienbimat@gmail.com","2026-06-01T22:28:57.7885361"
389,"Franchise","RevenueShareSettlement","195","INSERT",,"Approved","MicrosoftAccount\hocvienbimat@gmail.com","2026-06-01T22:28:57.7993639"
390,"Franchise","RevenueShareSettlement","195","SETTLEMENT",,"114299072.5000","MicrosoftAccount\hocvienbimat@gmail.com","2026-06-01T22:28:57.8003626"
391,"Franchise","RevenueShareSettlement","196","INSERT",,"Approved","MicrosoftAccount\hocvienbimat@gmail.com","2026-06-01T22:28:57.8075133"
392,"Franchise","RevenueShareSettlement","196","SETTLEMENT",,"74276296.3000","MicrosoftAccount\hocvienbimat@gmail.com","2026-06-01T22:28:57.8075133"
393,"Franchise","RevenueShareSettlement","197","INSERT",,"Approved","MicrosoftAccount\hocvienbimat@gmail.com","2026-06-01T22:28:57.8555778"
394,"Franchise","RevenueShareSettlement","197","SETTLEMENT",,"238694315.2500","MicrosoftAccount\hocvienbimat@gmail.com","2026-06-01T22:28:57.8570428"
395,"Franchise","RevenueShareSettlement","198","INSERT",,"Approved","MicrosoftAccount\hocvienbimat@gmail.com","2026-06-01T22:28:57.9239883"
396,"Franchise","RevenueShareSettlement","198","SETTLEMENT",,"248450496.4500","MicrosoftAccount\hocvienbimat@gmail.com","2026-06-01T22:28:57.9250883"
397,"Franchise","RevenueShareSettlement","199","INSERT",,"Approved","MicrosoftAccount\hocvienbimat@gmail.com","2026-06-01T22:28:57.9423745"
398,"Franchise","RevenueShareSettlement","199","SETTLEMENT",,"54738466.0500","MicrosoftAccount\hocvienbimat@gmail.com","2026-06-01T22:28:57.9423745"
399,"Franchise","RevenueShareSettlement","200","INSERT",,"Approved","MicrosoftAccount\hocvienbimat@gmail.com","2026-06-01T22:28:57.9503289"
400,"Franchise","RevenueShareSettlement","200","SETTLEMENT",,"52975408.3000","MicrosoftAccount\hocvienbimat@gmail.com","2026-06-01T22:28:57.9503289"
401,"Franchise","RevenueShareSettlement","201","INSERT",,"Approved","MicrosoftAccount\hocvienbimat@gmail.com","2026-06-01T22:28:57.9573291"
402,"Franchise","RevenueShareSettlement","201","SETTLEMENT",,"47823000.0000","MicrosoftAccount\hocvienbimat@gmail.com","2026-06-01T22:28:57.9573291"
403,"Franchise","RevenueShareSettlement","202","INSERT",,"Approved","MicrosoftAccount\hocvienbimat@gmail.com","2026-06-01T22:28:57.9631895"
404,"Franchise","RevenueShareSettlement","202","SETTLEMENT",,"60375931.0000","MicrosoftAccount\hocvienbimat@gmail.com","2026-06-01T22:28:57.9637819"
405,"Franchise","RevenueShareSettlement","203","INSERT",,"Approved","MicrosoftAccount\hocvienbimat@gmail.com","2026-06-01T22:28:57.9801170"
406,"Franchise","RevenueShareSettlement","203","SETTLEMENT",,"96868025.7500","MicrosoftAccount\hocvienbimat@gmail.com","2026-06-01T22:28:57.9811559"
407,"Franchise","RevenueShareSettlement","204","INSERT",,"Approved","MicrosoftAccount\hocvienbimat@gmail.com","2026-06-01T22:28:57.9888341"
408,"Franchise","RevenueShareSettlement","204","SETTLEMENT",,"64977211.6000","MicrosoftAccount\hocvienbimat@gmail.com","2026-06-01T22:28:57.9898475"
409,"Franchise","RevenueShareSettlement","205","INSERT",,"Approved","MicrosoftAccount\hocvienbimat@gmail.com","2026-06-01T22:28:57.9963811"
410,"Franchise","RevenueShareSettlement","205","SETTLEMENT",,"102300674.5000","MicrosoftAccount\hocvienbimat@gmail.com","2026-06-01T22:28:57.9963811"
411,"Franchise","RevenueShareSettlement","206","INSERT",,"Approved","MicrosoftAccount\hocvienbimat@gmail.com","2026-06-01T22:28:58.0032447"
412,"Franchise","RevenueShareSettlement","206","SETTLEMENT",,"64056567.6000","MicrosoftAccount\hocvienbimat@gmail.com","2026-06-01T22:28:58.0032447"
413,"Franchise","RevenueShareSettlement","207","INSERT",,"Approved","MicrosoftAccount\hocvienbimat@gmail.com","2026-06-01T22:28:58.0094253"
414,"Franchise","RevenueShareSettlement","207","SETTLEMENT",,"83005040.5000","MicrosoftAccount\hocvienbimat@gmail.com","2026-06-01T22:28:58.0094253"
415,"Franchise","RevenueShareSettlement","208","INSERT",,"Approved","MicrosoftAccount\hocvienbimat@gmail.com","2026-06-01T22:28:58.0141052"
416,"Franchise","RevenueShareSettlement","208","SETTLEMENT",,"86356637.5000","MicrosoftAccount\hocvienbimat@gmail.com","2026-06-01T22:28:58.0151313"
417,"Franchise","RevenueShareSettlement","209","INSERT",,"Approved","MicrosoftAccount\hocvienbimat@gmail.com","2026-06-01T22:28:58.0202565"
418,"Franchise","RevenueShareSettlement","209","SETTLEMENT",,"85063840.5000","MicrosoftAccount\hocvienbimat@gmail.com","2026-06-01T22:28:58.0202565"
419,"Franchise","RevenueShareSettlement","210","INSERT",,"Approved","MicrosoftAccount\hocvienbimat@gmail.com","2026-06-01T22:28:58.0285303"
420,"Franchise","RevenueShareSettlement","210","SETTLEMENT",,"114815222.5000","MicrosoftAccount\hocvienbimat@gmail.com","2026-06-01T22:28:58.0285303"
421,"Franchise","RevenueShareSettlement","211","INSERT",,"Approved","MicrosoftAccount\hocvienbimat@gmail.com","2026-06-01T22:28:58.0350782"
422,"Franchise","RevenueShareSettlement","211","SETTLEMENT",,"73913905.8000","MicrosoftAccount\hocvienbimat@gmail.com","2026-06-01T22:28:58.0350782"
423,"Franchise","RevenueShareSettlement","212","INSERT",,"Approved","MicrosoftAccount\hocvienbimat@gmail.com","2026-06-01T22:28:58.0543684"
424,"Franchise","RevenueShareSettlement","212","SETTLEMENT",,"239696148.3500","MicrosoftAccount\hocvienbimat@gmail.com","2026-06-01T22:28:58.0543684"
425,"Franchise","RevenueShareSettlement","213","INSERT",,"Approved","MicrosoftAccount\hocvienbimat@gmail.com","2026-06-01T22:28:58.0707538"
426,"Franchise","RevenueShareSettlement","213","SETTLEMENT",,"248993450.5000","MicrosoftAccount\hocvienbimat@gmail.com","2026-06-01T22:28:58.0718140"
427,"Franchise","RevenueShareSettlement","214","INSERT",,"Approved","MicrosoftAccount\hocvienbimat@gmail.com","2026-06-01T22:28:58.0754518"
428,"Franchise","RevenueShareSettlement","214","SETTLEMENT",,"54386442.0500","MicrosoftAccount\hocvienbimat@gmail.com","2026-06-01T22:28:58.0754518"
429,"Franchise","RevenueShareSettlement","215","INSERT",,"Approved","MicrosoftAccount\hocvienbimat@gmail.com","2026-06-01T22:28:58.0809825"
430,"Franchise","RevenueShareSettlement","215","SETTLEMENT",,"53192986.5000","MicrosoftAccount\hocvienbimat@gmail.com","2026-06-01T22:28:58.0809825"
431,"Franchise","RevenueShareSettlement","216","INSERT",,"Approved","MicrosoftAccount\hocvienbimat@gmail.com","2026-06-01T22:28:58.0840950"
432,"Franchise","RevenueShareSettlement","216","SETTLEMENT",,"48100230.5500","MicrosoftAccount\hocvienbimat@gmail.com","2026-06-01T22:28:58.0840950"
433,"Franchise","RevenueShareSettlement","217","INSERT",,"Approved","MicrosoftAccount\hocvienbimat@gmail.com","2026-06-01T22:28:58.0887934"
434,"Franchise","RevenueShareSettlement","217","SETTLEMENT",,"60261029.3000","MicrosoftAccount\hocvienbimat@gmail.com","2026-06-01T22:28:58.0887934"
435,"Franchise","RevenueShareSettlement","218","INSERT",,"Approved","MicrosoftAccount\hocvienbimat@gmail.com","2026-06-01T22:28:58.0943827"
436,"Franchise","RevenueShareSettlement","218","SETTLEMENT",,"96953265.0000","MicrosoftAccount\hocvienbimat@gmail.com","2026-06-01T22:28:58.0943827"
437,"Franchise","RevenueShareSettlement","219","INSERT",,"Approved","MicrosoftAccount\hocvienbimat@gmail.com","2026-06-01T22:28:58.1008701"
438,"Franchise","RevenueShareSettlement","219","SETTLEMENT",,"65766240.6000","MicrosoftAccount\hocvienbimat@gmail.com","2026-06-01T22:28:58.1008701"
439,"Franchise","RevenueShareSettlement","220","INSERT",,"Approved","MicrosoftAccount\hocvienbimat@gmail.com","2026-06-01T22:28:58.1053171"
440,"Franchise","RevenueShareSettlement","220","SETTLEMENT",,"102030715.2500","MicrosoftAccount\hocvienbimat@gmail.com","2026-06-01T22:28:58.1063185"
441,"Franchise","RevenueShareSettlement","221","INSERT",,"Approved","MicrosoftAccount\hocvienbimat@gmail.com","2026-06-01T22:28:58.1128615"
442,"Franchise","RevenueShareSettlement","221","SETTLEMENT",,"64392744.0000","MicrosoftAccount\hocvienbimat@gmail.com","2026-06-01T22:28:58.1128615"
443,"Franchise","RevenueShareSettlement","222","INSERT",,"Approved","MicrosoftAccount\hocvienbimat@gmail.com","2026-06-01T22:28:58.1194595"
444,"Franchise","RevenueShareSettlement","222","SETTLEMENT",,"82822272.0000","MicrosoftAccount\hocvienbimat@gmail.com","2026-06-01T22:28:58.1194595"
445,"Franchise","RevenueShareSettlement","223","INSERT",,"Approved","MicrosoftAccount\hocvienbimat@gmail.com","2026-06-01T22:28:58.1277252"
446,"Franchise","RevenueShareSettlement","223","SETTLEMENT",,"86290866.5000","MicrosoftAccount\hocvienbimat@gmail.com","2026-06-01T22:28:58.1277252"
447,"Franchise","RevenueShareSettlement","224","INSERT",,"Approved","MicrosoftAccount\hocvienbimat@gmail.com","2026-06-01T22:28:58.1323231"
448,"Franchise","RevenueShareSettlement","224","SETTLEMENT",,"85020652.7500","MicrosoftAccount\hocvienbimat@gmail.com","2026-06-01T22:28:58.1323231"
449,"Franchise","RevenueShareSettlement","225","INSERT",,"Approved","MicrosoftAccount\hocvienbimat@gmail.com","2026-06-01T22:28:58.1409529"
450,"Franchise","RevenueShareSettlement","225","SETTLEMENT",,"113884005.0000","MicrosoftAccount\hocvienbimat@gmail.com","2026-06-01T22:28:58.1419526"
451,"Franchise","RevenueShareSettlement","226","INSERT",,"Approved","MicrosoftAccount\hocvienbimat@gmail.com","2026-06-01T22:28:58.1478389"
452,"Franchise","RevenueShareSettlement","226","SETTLEMENT",,"74546999.0000","MicrosoftAccount\hocvienbimat@gmail.com","2026-06-01T22:28:58.1478389"
453,"Franchise","RevenueShareSettlement","227","INSERT",,"Approved","MicrosoftAccount\hocvienbimat@gmail.com","2026-06-01T22:28:58.1669916"
454,"Franchise","RevenueShareSettlement","227","SETTLEMENT",,"239805424.6500","MicrosoftAccount\hocvienbimat@gmail.com","2026-06-01T22:28:58.1669916"
455,"Franchise","RevenueShareSettlement","228","INSERT",,"Approved","MicrosoftAccount\hocvienbimat@gmail.com","2026-06-01T22:28:58.1825745"
456,"Franchise","RevenueShareSettlement","228","SETTLEMENT",,"248273713.0500","MicrosoftAccount\hocvienbimat@gmail.com","2026-06-01T22:28:58.1825745"
457,"Franchise","RevenueShareSettlement","229","INSERT",,"Approved","MicrosoftAccount\hocvienbimat@gmail.com","2026-06-01T22:28:58.1865790"
458,"Franchise","RevenueShareSettlement","229","SETTLEMENT",,"54770067.4500","MicrosoftAccount\hocvienbimat@gmail.com","2026-06-01T22:28:58.1865790"
459,"Franchise","RevenueShareSettlement","230","INSERT",,"Approved","MicrosoftAccount\hocvienbimat@gmail.com","2026-06-01T22:28:58.1915773"
460,"Franchise","RevenueShareSettlement","230","SETTLEMENT",,"52993117.3000","MicrosoftAccount\hocvienbimat@gmail.com","2026-06-01T22:28:58.1925789"
461,"Franchise","RevenueShareSettlement","231","INSERT",,"Approved","MicrosoftAccount\hocvienbimat@gmail.com","2026-06-01T22:28:58.1962035"
462,"Franchise","RevenueShareSettlement","231","SETTLEMENT",,"47954683.5500","MicrosoftAccount\hocvienbimat@gmail.com","2026-06-01T22:28:58.1962035"
463,"Franchise","RevenueShareSettlement","232","INSERT",,"Approved","MicrosoftAccount\hocvienbimat@gmail.com","2026-06-01T22:28:58.2012007"
464,"Franchise","RevenueShareSettlement","232","SETTLEMENT",,"59886365.3500","MicrosoftAccount\hocvienbimat@gmail.com","2026-06-01T22:28:58.2012007"
465,"Franchise","RevenueShareSettlement","233","INSERT",,"Approved","MicrosoftAccount\hocvienbimat@gmail.com","2026-06-01T22:28:58.2082962"
466,"Franchise","RevenueShareSettlement","233","SETTLEMENT",,"97670511.0000","MicrosoftAccount\hocvienbimat@gmail.com","2026-06-01T22:28:58.2082962"
467,"Franchise","RevenueShareSettlement","234","INSERT",,"Approved","MicrosoftAccount\hocvienbimat@gmail.com","2026-06-01T22:28:58.2123017"
468,"Franchise","RevenueShareSettlement","234","SETTLEMENT",,"65319472.0000","MicrosoftAccount\hocvienbimat@gmail.com","2026-06-01T22:28:58.2132999"
469,"Franchise","RevenueShareSettlement","235","INSERT",,"Approved","MicrosoftAccount\hocvienbimat@gmail.com","2026-06-01T22:28:58.2182993"
470,"Franchise","RevenueShareSettlement","235","SETTLEMENT",,"102715341.5000","MicrosoftAccount\hocvienbimat@gmail.com","2026-06-01T22:28:58.2193420"
471,"Franchise","RevenueShareSettlement","236","INSERT",,"Approved","MicrosoftAccount\hocvienbimat@gmail.com","2026-06-01T22:28:58.2248630"
472,"Franchise","RevenueShareSettlement","236","SETTLEMENT",,"64207856.0000","MicrosoftAccount\hocvienbimat@gmail.com","2026-06-01T22:28:58.2248630"
473,"Franchise","RevenueShareSettlement","237","INSERT",,"Approved","MicrosoftAccount\hocvienbimat@gmail.com","2026-06-01T22:28:58.2312904"
474,"Franchise","RevenueShareSettlement","237","SETTLEMENT",,"82398465.5000","MicrosoftAccount\hocvienbimat@gmail.com","2026-06-01T22:28:58.2312904"
475,"Franchise","RevenueShareSettlement","238","INSERT",,"Approved","MicrosoftAccount\hocvienbimat@gmail.com","2026-06-01T22:28:58.2370204"
476,"Franchise","RevenueShareSettlement","238","SETTLEMENT",,"86272289.3000","MicrosoftAccount\hocvienbimat@gmail.com","2026-06-01T22:28:58.2380183"
477,"Franchise","RevenueShareSettlement","239","INSERT",,"Approved","MicrosoftAccount\hocvienbimat@gmail.com","2026-06-01T22:28:58.2423614"
478,"Franchise","RevenueShareSettlement","239","SETTLEMENT",,"84237967.5000","MicrosoftAccount\hocvienbimat@gmail.com","2026-06-01T22:28:58.2423614"
479,"Franchise","RevenueShareSettlement","240","INSERT",,"Approved","MicrosoftAccount\hocvienbimat@gmail.com","2026-06-01T22:28:58.2499820"
480,"Franchise","RevenueShareSettlement","240","SETTLEMENT",,"114549072.5000","MicrosoftAccount\hocvienbimat@gmail.com","2026-06-01T22:28:58.2499820"
481,"Franchise","RevenueShareSettlement","241","INSERT",,"Approved","MicrosoftAccount\hocvienbimat@gmail.com","2026-06-01T22:28:58.2550461"
482,"Franchise","RevenueShareSettlement","241","SETTLEMENT",,"74117812.2500","MicrosoftAccount\hocvienbimat@gmail.com","2026-06-01T22:28:58.2550461"
483,"Franchise","RevenueShareSettlement","242","INSERT",,"Approved","MicrosoftAccount\hocvienbimat@gmail.com","2026-06-01T22:28:58.2707363"
484,"Franchise","RevenueShareSettlement","242","SETTLEMENT",,"239017107.8000","MicrosoftAccount\hocvienbimat@gmail.com","2026-06-01T22:28:58.2707363"
485,"Franchise","RevenueShareSettlement","243","INSERT",,"Approved","MicrosoftAccount\hocvienbimat@gmail.com","2026-06-01T22:28:58.2877205"
486,"Franchise","RevenueShareSettlement","243","SETTLEMENT",,"247925549.4000","MicrosoftAccount\hocvienbimat@gmail.com","2026-06-01T22:28:58.2887330"
487,"Franchise","RevenueShareSettlement","244","INSERT",,"Approved","MicrosoftAccount\hocvienbimat@gmail.com","2026-06-01T22:28:58.2927384"
488,"Franchise","RevenueShareSettlement","244","SETTLEMENT",,"54394993.3000","MicrosoftAccount\hocvienbimat@gmail.com","2026-06-01T22:28:58.2927384"
489,"Franchise","RevenueShareSettlement","245","INSERT",,"Approved","MicrosoftAccount\hocvienbimat@gmail.com","2026-06-01T22:28:58.2977535"
490,"Franchise","RevenueShareSettlement","245","SETTLEMENT",,"53476567.1000","MicrosoftAccount\hocvienbimat@gmail.com","2026-06-01T22:28:58.2977535"
491,"Franchise","RevenueShareSettlement","246","INSERT",,"Approved","MicrosoftAccount\hocvienbimat@gmail.com","2026-06-01T22:28:58.3007448"
492,"Franchise","RevenueShareSettlement","246","SETTLEMENT",,"47895696.4500","MicrosoftAccount\hocvienbimat@gmail.com","2026-06-01T22:28:58.3007448"
493,"Franchise","RevenueShareSettlement","247","INSERT",,"Approved","MicrosoftAccount\hocvienbimat@gmail.com","2026-06-01T22:28:58.3059768"
494,"Franchise","RevenueShareSettlement","247","SETTLEMENT",,"60254394.0500","MicrosoftAccount\hocvienbimat@gmail.com","2026-06-01T22:28:58.3064917"
495,"Franchise","RevenueShareSettlement","248","INSERT",,"Approved","MicrosoftAccount\hocvienbimat@gmail.com","2026-06-01T22:28:58.3105153"
496,"Franchise","RevenueShareSettlement","248","SETTLEMENT",,"97394613.5000","MicrosoftAccount\hocvienbimat@gmail.com","2026-06-01T22:28:58.3105153"
497,"Franchise","RevenueShareSettlement","249","INSERT",,"Approved","MicrosoftAccount\hocvienbimat@gmail.com","2026-06-01T22:28:58.3150348"
498,"Franchise","RevenueShareSettlement","249","SETTLEMENT",,"65007786.0000","MicrosoftAccount\hocvienbimat@gmail.com","2026-06-01T22:28:58.3150348"
499,"Franchise","RevenueShareSettlement","250","INSERT",,"Approved","MicrosoftAccount\hocvienbimat@gmail.com","2026-06-01T22:28:58.3210994"
500,"Franchise","RevenueShareSettlement","250","SETTLEMENT",,"102207277.5000","MicrosoftAccount\hocvienbimat@gmail.com","2026-06-01T22:28:58.3210994"
501,"Franchise","RevenueShareSettlement","251","INSERT",,"Approved","MicrosoftAccount\hocvienbimat@gmail.com","2026-06-01T22:28:58.3262076"
502,"Franchise","RevenueShareSettlement","251","SETTLEMENT",,"63903228.6000","MicrosoftAccount\hocvienbimat@gmail.com","2026-06-01T22:28:58.3262076"
503,"Franchise","RevenueShareSettlement","252","INSERT",,"Approved","MicrosoftAccount\hocvienbimat@gmail.com","2026-06-01T22:28:58.3297965"
504,"Franchise","RevenueShareSettlement","252","SETTLEMENT",,"82621352.7500","MicrosoftAccount\hocvienbimat@gmail.com","2026-06-01T22:28:58.3307945"
505,"Franchise","RevenueShareSettlement","253","INSERT",,"Approved","MicrosoftAccount\hocvienbimat@gmail.com","2026-06-01T22:28:58.3374316"
506,"Franchise","RevenueShareSettlement","253","SETTLEMENT",,"86604817.3000","MicrosoftAccount\hocvienbimat@gmail.com","2026-06-01T22:28:58.3374316"
507,"Franchise","RevenueShareSettlement","254","INSERT",,"Approved","MicrosoftAccount\hocvienbimat@gmail.com","2026-06-01T22:28:58.3423289"
508,"Franchise","RevenueShareSettlement","254","SETTLEMENT",,"84900522.7500","MicrosoftAccount\hocvienbimat@gmail.com","2026-06-01T22:28:58.3423289"
509,"Franchise","RevenueShareSettlement","255","INSERT",,"Approved","MicrosoftAccount\hocvienbimat@gmail.com","2026-06-01T22:28:58.3522394"
510,"Franchise","RevenueShareSettlement","255","SETTLEMENT",,"114736252.5000","MicrosoftAccount\hocvienbimat@gmail.com","2026-06-01T22:28:58.3522394"
511,"Franchise","RevenueShareSettlement","256","INSERT",,"Approved","MicrosoftAccount\hocvienbimat@gmail.com","2026-06-01T22:28:58.3572114"
512,"Franchise","RevenueShareSettlement","256","SETTLEMENT",,"74350621.8000","MicrosoftAccount\hocvienbimat@gmail.com","2026-06-01T22:28:58.3572114"
513,"Franchise","RevenueShareSettlement","257","INSERT",,"Approved","MicrosoftAccount\hocvienbimat@gmail.com","2026-06-01T22:28:58.3720178"
514,"Franchise","RevenueShareSettlement","257","SETTLEMENT",,"239163692.0500","MicrosoftAccount\hocvienbimat@gmail.com","2026-06-01T22:28:58.3720178"
515,"Franchise","RevenueShareSettlement","258","INSERT",,"Approved","MicrosoftAccount\hocvienbimat@gmail.com","2026-06-01T22:28:58.3861043"
516,"Franchise","RevenueShareSettlement","258","SETTLEMENT",,"248234528.9000","MicrosoftAccount\hocvienbimat@gmail.com","2026-06-01T22:28:58.3861043"
517,"Franchise","RevenueShareSettlement","259","INSERT",,"Approved","MicrosoftAccount\hocvienbimat@gmail.com","2026-06-01T22:28:58.3901065"
518,"Franchise","RevenueShareSettlement","259","SETTLEMENT",,"54836041.3000","MicrosoftAccount\hocvienbimat@gmail.com","2026-06-01T22:28:58.3901065"
519,"Franchise","RevenueShareSettlement","260","INSERT",,"Approved","MicrosoftAccount\hocvienbimat@gmail.com","2026-06-01T22:28:58.3945876"
520,"Franchise","RevenueShareSettlement","260","SETTLEMENT",,"52635723.5500","MicrosoftAccount\hocvienbimat@gmail.com","2026-06-01T22:28:58.3945876"
521,"Franchise","RevenueShareSettlement","261","INSERT",,"Approved","MicrosoftAccount\hocvienbimat@gmail.com","2026-06-01T22:28:58.3979732"
522,"Franchise","RevenueShareSettlement","261","SETTLEMENT",,"47862845.3000","MicrosoftAccount\hocvienbimat@gmail.com","2026-06-01T22:28:58.3989746"
523,"Franchise","RevenueShareSettlement","262","INSERT",,"Approved","MicrosoftAccount\hocvienbimat@gmail.com","2026-06-01T22:28:58.4029719"
524,"Franchise","RevenueShareSettlement","262","SETTLEMENT",,"60269613.2000","MicrosoftAccount\hocvienbimat@gmail.com","2026-06-01T22:28:58.4029719"
525,"Franchise","RevenueShareSettlement","263","INSERT",,"Approved","MicrosoftAccount\hocvienbimat@gmail.com","2026-06-01T22:28:58.4080601"
526,"Franchise","RevenueShareSettlement","263","SETTLEMENT",,"96993755.0000","MicrosoftAccount\hocvienbimat@gmail.com","2026-06-01T22:28:58.4080601"
527,"Franchise","RevenueShareSettlement","264","INSERT",,"Approved","MicrosoftAccount\hocvienbimat@gmail.com","2026-06-01T22:28:58.4130710"
528,"Franchise","RevenueShareSettlement","264","SETTLEMENT",,"64937113.1000","MicrosoftAccount\hocvienbimat@gmail.com","2026-06-01T22:28:58.4135803"
529,"Franchise","RevenueShareSettlement","265","INSERT",,"Approved","MicrosoftAccount\hocvienbimat@gmail.com","2026-06-01T22:28:58.4188982"
530,"Franchise","RevenueShareSettlement","265","SETTLEMENT",,"101886896.5000","MicrosoftAccount\hocvienbimat@gmail.com","2026-06-01T22:28:58.4188982"
531,"Franchise","RevenueShareSettlement","266","INSERT",,"Approved","MicrosoftAccount\hocvienbimat@gmail.com","2026-06-01T22:28:58.4233539"
532,"Franchise","RevenueShareSettlement","266","SETTLEMENT",,"64147759.8000","MicrosoftAccount\hocvienbimat@gmail.com","2026-06-01T22:28:58.4233539"
533,"Franchise","RevenueShareSettlement","267","INSERT",,"Approved","MicrosoftAccount\hocvienbimat@gmail.com","2026-06-01T22:28:58.4273536"
534,"Franchise","RevenueShareSettlement","267","SETTLEMENT",,"83170806.7500","MicrosoftAccount\hocvienbimat@gmail.com","2026-06-01T22:28:58.4273536"
535,"Franchise","RevenueShareSettlement","268","INSERT",,"Approved","MicrosoftAccount\hocvienbimat@gmail.com","2026-06-01T22:28:58.4330216"
536,"Franchise","RevenueShareSettlement","268","SETTLEMENT",,"86834467.5000","MicrosoftAccount\hocvienbimat@gmail.com","2026-06-01T22:28:58.4330216"
537,"Franchise","RevenueShareSettlement","269","INSERT",,"Approved","MicrosoftAccount\hocvienbimat@gmail.com","2026-06-01T22:28:58.4360508"
538,"Franchise","RevenueShareSettlement","269","SETTLEMENT",,"85035416.7500","MicrosoftAccount\hocvienbimat@gmail.com","2026-06-01T22:28:58.4370528"
539,"Franchise","RevenueShareSettlement","270","INSERT",,"Approved","MicrosoftAccount\hocvienbimat@gmail.com","2026-06-01T22:28:58.4425155"
540,"Franchise","RevenueShareSettlement","270","SETTLEMENT",,"114734450.0000","MicrosoftAccount\hocvienbimat@gmail.com","2026-06-01T22:28:58.4425155"
541,"Franchise","RevenueShareSettlement","271","INSERT",,"Approved","MicrosoftAccount\hocvienbimat@gmail.com","2026-06-01T22:28:58.4470441"
542,"Franchise","RevenueShareSettlement","271","SETTLEMENT",,"74177751.0500","MicrosoftAccount\hocvienbimat@gmail.com","2026-06-01T22:28:58.4470441"
543,"Franchise","RevenueShareSettlement","272","INSERT",,"Approved","MicrosoftAccount\hocvienbimat@gmail.com","2026-06-01T22:28:58.4601308"
544,"Franchise","RevenueShareSettlement","272","SETTLEMENT",,"239335938.4000","MicrosoftAccount\hocvienbimat@gmail.com","2026-06-01T22:28:58.4601308"
545,"Franchise","RevenueShareSettlement","273","INSERT",,"Approved","MicrosoftAccount\hocvienbimat@gmail.com","2026-06-01T22:28:58.4729557"
546,"Franchise","RevenueShareSettlement","273","SETTLEMENT",,"247879182.7500","MicrosoftAccount\hocvienbimat@gmail.com","2026-06-01T22:28:58.4739624"
547,"Franchise","RevenueShareSettlement","274","INSERT",,"Approved","MicrosoftAccount\hocvienbimat@gmail.com","2026-06-01T22:28:58.4770817"
548,"Franchise","RevenueShareSettlement","274","SETTLEMENT",,"54968887.5000","MicrosoftAccount\hocvienbimat@gmail.com","2026-06-01T22:28:58.4770817"
549,"Franchise","RevenueShareSettlement","275","INSERT",,"Approved","MicrosoftAccount\hocvienbimat@gmail.com","2026-06-01T22:28:58.4810794"
550,"Franchise","RevenueShareSettlement","275","SETTLEMENT",,"53268383.2000","MicrosoftAccount\hocvienbimat@gmail.com","2026-06-01T22:28:58.4810794"
551,"Franchise","RevenueShareSettlement","276","INSERT",,"Approved","MicrosoftAccount\hocvienbimat@gmail.com","2026-06-01T22:28:58.4840812"
552,"Franchise","RevenueShareSettlement","276","SETTLEMENT",,"48118588.0500","MicrosoftAccount\hocvienbimat@gmail.com","2026-06-01T22:28:58.4840812"
553,"Franchise","RevenueShareSettlement","277","INSERT",,"Approved","MicrosoftAccount\hocvienbimat@gmail.com","2026-06-01T22:28:58.4880880"
554,"Franchise","RevenueShareSettlement","277","SETTLEMENT",,"60402342.1000","MicrosoftAccount\hocvienbimat@gmail.com","2026-06-01T22:28:58.4880880"
555,"Franchise","RevenueShareSettlement","278","INSERT",,"Approved","MicrosoftAccount\hocvienbimat@gmail.com","2026-06-01T22:28:58.4931331"
556,"Franchise","RevenueShareSettlement","278","SETTLEMENT",,"97064793.2500","MicrosoftAccount\hocvienbimat@gmail.com","2026-06-01T22:28:58.4931331"
557,"Franchise","RevenueShareSettlement","279","INSERT",,"Approved","MicrosoftAccount\hocvienbimat@gmail.com","2026-06-01T22:28:58.4971959"
558,"Franchise","RevenueShareSettlement","279","SETTLEMENT",,"65345806.1000","MicrosoftAccount\hocvienbimat@gmail.com","2026-06-01T22:28:58.4971959"
559,"Franchise","RevenueShareSettlement","280","INSERT",,"Approved","MicrosoftAccount\hocvienbimat@gmail.com","2026-06-01T22:28:58.5035392"
560,"Franchise","RevenueShareSettlement","280","SETTLEMENT",,"102362476.5000","MicrosoftAccount\hocvienbimat@gmail.com","2026-06-01T22:28:58.5035392"
561,"Franchise","RevenueShareSettlement","281","INSERT",,"Approved","MicrosoftAccount\hocvienbimat@gmail.com","2026-06-01T22:28:58.5080883"
562,"Franchise","RevenueShareSettlement","281","SETTLEMENT",,"64204240.0000","MicrosoftAccount\hocvienbimat@gmail.com","2026-06-01T22:28:58.5080883"
563,"Franchise","RevenueShareSettlement","282","INSERT",,"Approved","MicrosoftAccount\hocvienbimat@gmail.com","2026-06-01T22:28:58.5128730"
564,"Franchise","RevenueShareSettlement","282","SETTLEMENT",,"82621342.7500","MicrosoftAccount\hocvienbimat@gmail.com","2026-06-01T22:28:58.5128730"
565,"Franchise","RevenueShareSettlement","283","INSERT",,"Approved","MicrosoftAccount\hocvienbimat@gmail.com","2026-06-01T22:28:58.5181465"
566,"Franchise","RevenueShareSettlement","283","SETTLEMENT",,"86245998.0000","MicrosoftAccount\hocvienbimat@gmail.com","2026-06-01T22:28:58.5181465"
567,"Franchise","RevenueShareSettlement","284","INSERT",,"Approved","MicrosoftAccount\hocvienbimat@gmail.com","2026-06-01T22:28:58.5217334"
568,"Franchise","RevenueShareSettlement","284","SETTLEMENT",,"85123458.2500","MicrosoftAccount\hocvienbimat@gmail.com","2026-06-01T22:28:58.5217334"
569,"Franchise","RevenueShareSettlement","285","INSERT",,"Approved","MicrosoftAccount\hocvienbimat@gmail.com","2026-06-01T22:28:58.5272635"
570,"Franchise","RevenueShareSettlement","285","SETTLEMENT",,"114850250.0000","MicrosoftAccount\hocvienbimat@gmail.com","2026-06-01T22:28:58.5272635"
571,"Franchise","RevenueShareSettlement","286","INSERT",,"Approved","MicrosoftAccount\hocvienbimat@gmail.com","2026-06-01T22:28:58.5317942"
572,"Franchise","RevenueShareSettlement","286","SETTLEMENT",,"74633708.0000","MicrosoftAccount\hocvienbimat@gmail.com","2026-06-01T22:28:58.5317942"
573,"Franchise","RevenueShareSettlement","287","INSERT",,"Approved","MicrosoftAccount\hocvienbimat@gmail.com","2026-06-01T22:28:58.5471369"
574,"Franchise","RevenueShareSettlement","287","SETTLEMENT",,"239223928.8500","MicrosoftAccount\hocvienbimat@gmail.com","2026-06-01T22:28:58.5471369"
575,"Franchise","RevenueShareSettlement","288","INSERT",,"Approved","MicrosoftAccount\hocvienbimat@gmail.com","2026-06-01T22:28:58.5612877"
576,"Franchise","RevenueShareSettlement","288","SETTLEMENT",,"248666030.8000","MicrosoftAccount\hocvienbimat@gmail.com","2026-06-01T22:28:58.5622872"
577,"Franchise","RevenueShareSettlement","289","INSERT",,"Approved","MicrosoftAccount\hocvienbimat@gmail.com","2026-06-01T22:28:58.5647978"
578,"Franchise","RevenueShareSettlement","289","SETTLEMENT",,"54615268.5000","MicrosoftAccount\hocvienbimat@gmail.com","2026-06-01T22:28:58.5658060"
579,"Franchise","RevenueShareSettlement","290","INSERT",,"Approved","MicrosoftAccount\hocvienbimat@gmail.com","2026-06-01T22:28:58.5691905"
580,"Franchise","RevenueShareSettlement","290","SETTLEMENT",,"52968882.3500","MicrosoftAccount\hocvienbimat@gmail.com","2026-06-01T22:28:58.5691905"
581,"Franchise","RevenueShareSettlement","291","INSERT",,"Approved","MicrosoftAccount\hocvienbimat@gmail.com","2026-06-01T22:28:58.5717230"
582,"Franchise","RevenueShareSettlement","291","SETTLEMENT",,"47953979.0000","MicrosoftAccount\hocvienbimat@gmail.com","2026-06-01T22:28:58.5727369"
583,"Franchise","RevenueShareSettlement","292","INSERT",,"Approved","MicrosoftAccount\hocvienbimat@gmail.com","2026-06-01T22:28:58.5757521"
584,"Franchise","RevenueShareSettlement","292","SETTLEMENT",,"59876988.6000","MicrosoftAccount\hocvienbimat@gmail.com","2026-06-01T22:28:58.5767528"
585,"Franchise","RevenueShareSettlement","293","INSERT",,"Approved","MicrosoftAccount\hocvienbimat@gmail.com","2026-06-01T22:28:58.5819671"
586,"Franchise","RevenueShareSettlement","293","SETTLEMENT",,"97424213.0000","MicrosoftAccount\hocvienbimat@gmail.com","2026-06-01T22:28:58.5819671"
587,"Franchise","RevenueShareSettlement","294","INSERT",,"Approved","MicrosoftAccount\hocvienbimat@gmail.com","2026-06-01T22:28:58.5874967"
588,"Franchise","RevenueShareSettlement","294","SETTLEMENT",,"65435069.7000","MicrosoftAccount\hocvienbimat@gmail.com","2026-06-01T22:28:58.5874967"
589,"Franchise","RevenueShareSettlement","295","INSERT",,"Approved","MicrosoftAccount\hocvienbimat@gmail.com","2026-06-01T22:28:58.5943507"
590,"Franchise","RevenueShareSettlement","295","SETTLEMENT",,"102532810.7500","MicrosoftAccount\hocvienbimat@gmail.com","2026-06-01T22:28:58.5943507"
591,"Franchise","RevenueShareSettlement","296","INSERT",,"Approved","MicrosoftAccount\hocvienbimat@gmail.com","2026-06-01T22:28:58.5989143"
592,"Franchise","RevenueShareSettlement","296","SETTLEMENT",,"64286612.8000","MicrosoftAccount\hocvienbimat@gmail.com","2026-06-01T22:28:58.5989143"
593,"Franchise","RevenueShareSettlement","297","INSERT",,"Approved","MicrosoftAccount\hocvienbimat@gmail.com","2026-06-01T22:28:58.6025042"
594,"Franchise","RevenueShareSettlement","297","SETTLEMENT",,"82988143.5000","MicrosoftAccount\hocvienbimat@gmail.com","2026-06-01T22:28:58.6025042"
595,"Franchise","RevenueShareSettlement","298","INSERT",,"Approved","MicrosoftAccount\hocvienbimat@gmail.com","2026-06-01T22:28:58.6090443"
596,"Franchise","RevenueShareSettlement","298","SETTLEMENT",,"86169629.3000","MicrosoftAccount\hocvienbimat@gmail.com","2026-06-01T22:28:58.6090443"
597,"Franchise","RevenueShareSettlement","299","INSERT",,"Approved","MicrosoftAccount\hocvienbimat@gmail.com","2026-06-01T22:28:58.6140820"
598,"Franchise","RevenueShareSettlement","299","SETTLEMENT",,"85199953.7500","MicrosoftAccount\hocvienbimat@gmail.com","2026-06-01T22:28:58.6140820"
599,"Franchise","RevenueShareSettlement","300","INSERT",,"Approved","MicrosoftAccount\hocvienbimat@gmail.com","2026-06-01T22:28:58.6210929"
600,"Franchise","RevenueShareSettlement","300","SETTLEMENT",,"114541080.0000","MicrosoftAccount\hocvienbimat@gmail.com","2026-06-01T22:28:58.6220935"
601,"Franchise","RevenueShareSettlement","301","INSERT",,"Approved","MicrosoftAccount\hocvienbimat@gmail.com","2026-06-01T22:28:58.6266086"
602,"Franchise","RevenueShareSettlement","301","SETTLEMENT",,"74423222.0000","MicrosoftAccount\hocvienbimat@gmail.com","2026-06-01T22:28:58.6266086"
603,"Franchise","RevenueShareSettlement","302","INSERT",,"Approved","MicrosoftAccount\hocvienbimat@gmail.com","2026-06-01T22:28:58.6422389"
604,"Franchise","RevenueShareSettlement","302","SETTLEMENT",,"238784426.0500","MicrosoftAccount\hocvienbimat@gmail.com","2026-06-01T22:28:58.6432388"
605,"Franchise","RevenueShareSettlement","303","INSERT",,"Approved","MicrosoftAccount\hocvienbimat@gmail.com","2026-06-01T22:28:58.6588863"
606,"Franchise","RevenueShareSettlement","303","SETTLEMENT",,"248778558.7000","MicrosoftAccount\hocvienbimat@gmail.com","2026-06-01T22:28:58.6588863"
607,"Franchise","RevenueShareSettlement","304","INSERT",,"Approved","MicrosoftAccount\hocvienbimat@gmail.com","2026-06-01T22:28:58.6638898"
608,"Franchise","RevenueShareSettlement","304","SETTLEMENT",,"54384771.5500","MicrosoftAccount\hocvienbimat@gmail.com","2026-06-01T22:28:58.6638898"
609,"Franchise","RevenueShareSettlement","305","INSERT",,"Approved","MicrosoftAccount\hocvienbimat@gmail.com","2026-06-01T22:28:58.6678864"
610,"Franchise","RevenueShareSettlement","305","SETTLEMENT",,"53505456.1000","MicrosoftAccount\hocvienbimat@gmail.com","2026-06-01T22:28:58.6678864"
611,"Franchise","RevenueShareSettlement","306","INSERT",,"Approved","MicrosoftAccount\hocvienbimat@gmail.com","2026-06-01T22:28:58.6718873"
612,"Franchise","RevenueShareSettlement","306","SETTLEMENT",,"47949851.0000","MicrosoftAccount\hocvienbimat@gmail.com","2026-06-01T22:28:58.6718873"
613,"Franchise","RevenueShareSettlement","307","INSERT",,"Approved","MicrosoftAccount\hocvienbimat@gmail.com","2026-06-01T22:28:58.6754465"
614,"Franchise","RevenueShareSettlement","307","SETTLEMENT",,"60267138.7000","MicrosoftAccount\hocvienbimat@gmail.com","2026-06-01T22:28:58.6764458"
615,"Franchise","RevenueShareSettlement","308","INSERT",,"Approved","MicrosoftAccount\hocvienbimat@gmail.com","2026-06-01T22:28:58.6931714"
616,"Franchise","RevenueShareSettlement","308","SETTLEMENT",,"97475810.2500","MicrosoftAccount\hocvienbimat@gmail.com","2026-06-01T22:28:58.6941858"
617,"Franchise","RevenueShareSettlement","309","INSERT",,"Approved","MicrosoftAccount\hocvienbimat@gmail.com","2026-06-01T22:28:58.7000008"
618,"Franchise","RevenueShareSettlement","309","SETTLEMENT",,"64946646.3000","MicrosoftAccount\hocvienbimat@gmail.com","2026-06-01T22:28:58.7000008"
619,"Franchise","RevenueShareSettlement","310","INSERT",,"Approved","MicrosoftAccount\hocvienbimat@gmail.com","2026-06-01T22:28:58.7056266"
620,"Franchise","RevenueShareSettlement","310","SETTLEMENT",,"102940826.2500","MicrosoftAccount\hocvienbimat@gmail.com","2026-06-01T22:28:58.7056266"
621,"Franchise","RevenueShareSettlement","311","INSERT",,"Approved","MicrosoftAccount\hocvienbimat@gmail.com","2026-06-01T22:28:58.7116405"
622,"Franchise","RevenueShareSettlement","311","SETTLEMENT",,"63876346.1000","MicrosoftAccount\hocvienbimat@gmail.com","2026-06-01T22:28:58.7116405"
623,"Franchise","RevenueShareSettlement","312","INSERT",,"Approved","MicrosoftAccount\hocvienbimat@gmail.com","2026-06-01T22:28:58.7172390"
624,"Franchise","RevenueShareSettlement","312","SETTLEMENT",,"83072639.5000","MicrosoftAccount\hocvienbimat@gmail.com","2026-06-01T22:28:58.7172390"
625,"Franchise","RevenueShareSettlement","313","INSERT",,"Approved","MicrosoftAccount\hocvienbimat@gmail.com","2026-06-01T22:28:58.7244365"
626,"Franchise","RevenueShareSettlement","313","SETTLEMENT",,"86527868.3000","MicrosoftAccount\hocvienbimat@gmail.com","2026-06-01T22:28:58.7244365"
627,"Franchise","RevenueShareSettlement","314","INSERT",,"Approved","MicrosoftAccount\hocvienbimat@gmail.com","2026-06-01T22:28:58.7314984"
628,"Franchise","RevenueShareSettlement","314","SETTLEMENT",,"85017928.5000","MicrosoftAccount\hocvienbimat@gmail.com","2026-06-01T22:28:58.7314984"
629,"Franchise","RevenueShareSettlement","315","INSERT",,"Approved","MicrosoftAccount\hocvienbimat@gmail.com","2026-06-01T22:28:58.7411342"
630,"Franchise","RevenueShareSettlement","315","SETTLEMENT",,"113668565.0000","MicrosoftAccount\hocvienbimat@gmail.com","2026-06-01T22:28:58.7411342"
631,"Franchise","RevenueShareSettlement","316","INSERT",,"Approved","MicrosoftAccount\hocvienbimat@gmail.com","2026-06-01T22:28:58.7476621"
632,"Franchise","RevenueShareSettlement","316","SETTLEMENT",,"74390499.3000","MicrosoftAccount\hocvienbimat@gmail.com","2026-06-01T22:28:58.7476621"
633,"Franchise","RevenueShareSettlement","317","INSERT",,"Approved","MicrosoftAccount\hocvienbimat@gmail.com","2026-06-01T22:28:58.7642172"
634,"Franchise","RevenueShareSettlement","317","SETTLEMENT",,"238922585.6000","MicrosoftAccount\hocvienbimat@gmail.com","2026-06-01T22:28:58.7642172"
635,"Franchise","RevenueShareSettlement","318","INSERT",,"Approved","MicrosoftAccount\hocvienbimat@gmail.com","2026-06-01T22:28:58.7782762"
636,"Franchise","RevenueShareSettlement","318","SETTLEMENT",,"248213828.6000","MicrosoftAccount\hocvienbimat@gmail.com","2026-06-01T22:28:58.7782762"
637,"Franchise","RevenueShareSettlement","319","INSERT",,"Approved","MicrosoftAccount\hocvienbimat@gmail.com","2026-06-01T22:28:58.7835330"
638,"Franchise","RevenueShareSettlement","319","SETTLEMENT",,"54820277.0500","MicrosoftAccount\hocvienbimat@gmail.com","2026-06-01T22:28:58.7835330"
639,"Franchise","RevenueShareSettlement","320","INSERT",,"Approved","MicrosoftAccount\hocvienbimat@gmail.com","2026-06-01T22:28:58.7900723"
640,"Franchise","RevenueShareSettlement","320","SETTLEMENT",,"52888632.2000","MicrosoftAccount\hocvienbimat@gmail.com","2026-06-01T22:28:58.7900723"
641,"Franchise","RevenueShareSettlement","321","INSERT",,"Approved","MicrosoftAccount\hocvienbimat@gmail.com","2026-06-01T22:28:58.7951344"
642,"Franchise","RevenueShareSettlement","321","SETTLEMENT",,"47767482.8000","MicrosoftAccount\hocvienbimat@gmail.com","2026-06-01T22:28:58.7951344"
643,"Franchise","RevenueShareSettlement","322","INSERT",,"Approved","MicrosoftAccount\hocvienbimat@gmail.com","2026-06-01T22:28:58.8001474"
644,"Franchise","RevenueShareSettlement","322","SETTLEMENT",,"60142340.5500","MicrosoftAccount\hocvienbimat@gmail.com","2026-06-01T22:28:58.8001474"
645,"Franchise","RevenueShareSettlement","323","INSERT",,"Approved","MicrosoftAccount\hocvienbimat@gmail.com","2026-06-01T22:28:58.8058621"
646,"Franchise","RevenueShareSettlement","323","SETTLEMENT",,"97348365.0000","MicrosoftAccount\hocvienbimat@gmail.com","2026-06-01T22:28:58.8071397"
647,"Franchise","RevenueShareSettlement","324","INSERT",,"Approved","MicrosoftAccount\hocvienbimat@gmail.com","2026-06-01T22:28:58.8131784"
648,"Franchise","RevenueShareSettlement","324","SETTLEMENT",,"65112807.1000","MicrosoftAccount\hocvienbimat@gmail.com","2026-06-01T22:28:58.8131784"
649,"Franchise","RevenueShareSettlement","325","INSERT",,"Approved","MicrosoftAccount\hocvienbimat@gmail.com","2026-06-01T22:28:58.8202066"
650,"Franchise","RevenueShareSettlement","325","SETTLEMENT",,"101739094.7500","MicrosoftAccount\hocvienbimat@gmail.com","2026-06-01T22:28:58.8202066"
651,"Franchise","RevenueShareSettlement","326","INSERT",,"Approved","MicrosoftAccount\hocvienbimat@gmail.com","2026-06-01T22:28:58.8247205"
652,"Franchise","RevenueShareSettlement","326","SETTLEMENT",,"63934792.8000","MicrosoftAccount\hocvienbimat@gmail.com","2026-06-01T22:28:58.8247205"
653,"Franchise","RevenueShareSettlement","327","INSERT",,"Approved","MicrosoftAccount\hocvienbimat@gmail.com","2026-06-01T22:28:58.8298096"
654,"Franchise","RevenueShareSettlement","327","SETTLEMENT",,"82933476.7500","MicrosoftAccount\hocvienbimat@gmail.com","2026-06-01T22:28:58.8308086"
655,"Franchise","RevenueShareSettlement","328","INSERT",,"Approved","MicrosoftAccount\hocvienbimat@gmail.com","2026-06-01T22:28:58.8362303"
656,"Franchise","RevenueShareSettlement","328","SETTLEMENT",,"86422552.7000","MicrosoftAccount\hocvienbimat@gmail.com","2026-06-01T22:28:58.8372447"
657,"Franchise","RevenueShareSettlement","329","INSERT",,"Approved","MicrosoftAccount\hocvienbimat@gmail.com","2026-06-01T22:28:58.8422453"
658,"Franchise","RevenueShareSettlement","329","SETTLEMENT",,"85013648.5000","MicrosoftAccount\hocvienbimat@gmail.com","2026-06-01T22:28:58.8422453"
659,"Franchise","RevenueShareSettlement","330","INSERT",,"Approved","MicrosoftAccount\hocvienbimat@gmail.com","2026-06-01T22:28:58.8492565"
660,"Franchise","RevenueShareSettlement","330","SETTLEMENT",,"115007707.5000","MicrosoftAccount\hocvienbimat@gmail.com","2026-06-01T22:28:58.8492565"
661,"Franchise","RevenueShareSettlement","331","INSERT",,"Approved","MicrosoftAccount\hocvienbimat@gmail.com","2026-06-01T22:28:58.8547695"
662,"Franchise","RevenueShareSettlement","331","SETTLEMENT",,"74216115.0500","MicrosoftAccount\hocvienbimat@gmail.com","2026-06-01T22:28:58.8547695"
663,"Franchise","RevenueShareSettlement","332","INSERT",,"Approved","MicrosoftAccount\hocvienbimat@gmail.com","2026-06-01T22:28:58.8753251"
664,"Franchise","RevenueShareSettlement","332","SETTLEMENT",,"239525558.6000","MicrosoftAccount\hocvienbimat@gmail.com","2026-06-01T22:28:58.8753251"
665,"Franchise","RevenueShareSettlement","333","INSERT",,"Approved","MicrosoftAccount\hocvienbimat@gmail.com","2026-06-01T22:28:58.8925166"
666,"Franchise","RevenueShareSettlement","333","SETTLEMENT",,"247937635.9500","MicrosoftAccount\hocvienbimat@gmail.com","2026-06-01T22:28:58.8925166"
667,"Franchise","RevenueShareSettlement","334","INSERT",,"Approved","MicrosoftAccount\hocvienbimat@gmail.com","2026-06-01T22:28:58.9000868"
668,"Franchise","RevenueShareSettlement","334","SETTLEMENT",,"54956003.0000","MicrosoftAccount\hocvienbimat@gmail.com","2026-06-01T22:28:58.9000868"
669,"Franchise","RevenueShareSettlement","335","INSERT",,"Approved","MicrosoftAccount\hocvienbimat@gmail.com","2026-06-01T22:28:58.9076927"
670,"Franchise","RevenueShareSettlement","335","SETTLEMENT",,"53068699.0500","MicrosoftAccount\hocvienbimat@gmail.com","2026-06-01T22:28:58.9076927"
671,"Franchise","RevenueShareSettlement","336","INSERT",,"Approved","MicrosoftAccount\hocvienbimat@gmail.com","2026-06-01T22:28:58.9113994"
672,"Franchise","RevenueShareSettlement","336","SETTLEMENT",,"48047909.0500","MicrosoftAccount\hocvienbimat@gmail.com","2026-06-01T22:28:58.9113994"
673,"Franchise","RevenueShareSettlement","337","INSERT",,"Approved","MicrosoftAccount\hocvienbimat@gmail.com","2026-06-01T22:28:58.9172046"
674,"Franchise","RevenueShareSettlement","337","SETTLEMENT",,"60299935.1000","MicrosoftAccount\hocvienbimat@gmail.com","2026-06-01T22:28:58.9172046"
675,"Franchise","RevenueShareSettlement","338","INSERT",,"Approved","MicrosoftAccount\hocvienbimat@gmail.com","2026-06-01T22:28:58.9262959"
676,"Franchise","RevenueShareSettlement","338","SETTLEMENT",,"97050365.2500","MicrosoftAccount\hocvienbimat@gmail.com","2026-06-01T22:28:58.9262959"
677,"Franchise","RevenueShareSettlement","339","INSERT",,"Approved","MicrosoftAccount\hocvienbimat@gmail.com","2026-06-01T22:28:58.9393715"
678,"Franchise","RevenueShareSettlement","339","SETTLEMENT",,"65289796.3000","MicrosoftAccount\hocvienbimat@gmail.com","2026-06-01T22:28:58.9393715"
679,"Franchise","RevenueShareSettlement","340","INSERT",,"Approved","MicrosoftAccount\hocvienbimat@gmail.com","2026-06-01T22:28:58.9470663"
680,"Franchise","RevenueShareSettlement","340","SETTLEMENT",,"102482108.2500","MicrosoftAccount\hocvienbimat@gmail.com","2026-06-01T22:28:58.9470663"
681,"Franchise","RevenueShareSettlement","341","INSERT",,"Approved","MicrosoftAccount\hocvienbimat@gmail.com","2026-06-01T22:28:58.9540868"
682,"Franchise","RevenueShareSettlement","341","SETTLEMENT",,"64198113.5000","MicrosoftAccount\hocvienbimat@gmail.com","2026-06-01T22:28:58.9540868"
683,"Franchise","RevenueShareSettlement","342","INSERT",,"Approved","MicrosoftAccount\hocvienbimat@gmail.com","2026-06-01T22:28:58.9601044"
684,"Franchise","RevenueShareSettlement","342","SETTLEMENT",,"82699426.0000","MicrosoftAccount\hocvienbimat@gmail.com","2026-06-01T22:28:58.9601044"
685,"Franchise","RevenueShareSettlement","343","INSERT",,"Approved","MicrosoftAccount\hocvienbimat@gmail.com","2026-06-01T22:28:58.9682036"
686,"Franchise","RevenueShareSettlement","343","SETTLEMENT",,"86218225.3000","MicrosoftAccount\hocvienbimat@gmail.com","2026-06-01T22:28:58.9682036"
687,"Franchise","RevenueShareSettlement","344","INSERT",,"Approved","MicrosoftAccount\hocvienbimat@gmail.com","2026-06-01T22:28:58.9750031"
688,"Franchise","RevenueShareSettlement","344","SETTLEMENT",,"85315560.0000","MicrosoftAccount\hocvienbimat@gmail.com","2026-06-01T22:28:58.9750031"
689,"Franchise","RevenueShareSettlement","345","INSERT",,"Approved","MicrosoftAccount\hocvienbimat@gmail.com","2026-06-01T22:28:58.9824500"
690,"Franchise","RevenueShareSettlement","345","SETTLEMENT",,"114861202.5000","MicrosoftAccount\hocvienbimat@gmail.com","2026-06-01T22:28:58.9824500"
691,"Franchise","RevenueShareSettlement","346","INSERT",,"Approved","MicrosoftAccount\hocvienbimat@gmail.com","2026-06-01T22:28:58.9890990"
692,"Franchise","RevenueShareSettlement","346","SETTLEMENT",,"74577185.7000","MicrosoftAccount\hocvienbimat@gmail.com","2026-06-01T22:28:58.9890990"
693,"Franchise","RevenueShareSettlement","347","INSERT",,"Approved","MicrosoftAccount\hocvienbimat@gmail.com","2026-06-01T22:28:59.0011777"
694,"Franchise","RevenueShareSettlement","347","SETTLEMENT",,"239284598.4000","MicrosoftAccount\hocvienbimat@gmail.com","2026-06-01T22:28:59.0022299"
695,"Franchise","RevenueShareSettlement","348","INSERT",,"Approved","MicrosoftAccount\hocvienbimat@gmail.com","2026-06-01T22:28:59.0147996"
696,"Franchise","RevenueShareSettlement","348","SETTLEMENT",,"248649991.1500","MicrosoftAccount\hocvienbimat@gmail.com","2026-06-01T22:28:59.0158149"
697,"Franchise","RevenueShareSettlement","349","INSERT",,"Approved","MicrosoftAccount\hocvienbimat@gmail.com","2026-06-01T22:28:59.0188134"
698,"Franchise","RevenueShareSettlement","349","SETTLEMENT",,"54685740.5000","MicrosoftAccount\hocvienbimat@gmail.com","2026-06-01T22:28:59.0188134"
699,"Franchise","RevenueShareSettlement","350","INSERT",,"Approved","MicrosoftAccount\hocvienbimat@gmail.com","2026-06-01T22:28:59.0238143"
700,"Franchise","RevenueShareSettlement","350","SETTLEMENT",,"53227337.8500","MicrosoftAccount\hocvienbimat@gmail.com","2026-06-01T22:28:59.0238143"
701,"Franchise","RevenueShareSettlement","351","INSERT",,"Approved","MicrosoftAccount\hocvienbimat@gmail.com","2026-06-01T22:28:59.0289540"
702,"Franchise","RevenueShareSettlement","351","SETTLEMENT",,"47769908.0000","MicrosoftAccount\hocvienbimat@gmail.com","2026-06-01T22:28:59.0289540"
703,"Franchise","RevenueShareSettlement","352","INSERT",,"Approved","MicrosoftAccount\hocvienbimat@gmail.com","2026-06-01T22:28:59.0351545"
704,"Franchise","RevenueShareSettlement","352","SETTLEMENT",,"60030170.0500","MicrosoftAccount\hocvienbimat@gmail.com","2026-06-01T22:28:59.0351545"
705,"Franchise","RevenueShareSettlement","353","INSERT",,"Approved","MicrosoftAccount\hocvienbimat@gmail.com","2026-06-01T22:28:59.0402186"
706,"Franchise","RevenueShareSettlement","353","SETTLEMENT",,"97595501.7500","MicrosoftAccount\hocvienbimat@gmail.com","2026-06-01T22:28:59.0412161"
707,"Franchise","RevenueShareSettlement","354","INSERT",,"Approved","MicrosoftAccount\hocvienbimat@gmail.com","2026-06-01T22:28:59.0456630"
708,"Franchise","RevenueShareSettlement","354","SETTLEMENT",,"65394795.2000","MicrosoftAccount\hocvienbimat@gmail.com","2026-06-01T22:28:59.0456630"
709,"Franchise","RevenueShareSettlement","355","INSERT",,"Approved","MicrosoftAccount\hocvienbimat@gmail.com","2026-06-01T22:28:59.0520643"
710,"Franchise","RevenueShareSettlement","355","SETTLEMENT",,"102525327.0000","MicrosoftAccount\hocvienbimat@gmail.com","2026-06-01T22:28:59.0520643"
711,"Franchise","RevenueShareSettlement","356","INSERT",,"Approved","MicrosoftAccount\hocvienbimat@gmail.com","2026-06-01T22:28:59.0580758"
712,"Franchise","RevenueShareSettlement","356","SETTLEMENT",,"64253064.3000","MicrosoftAccount\hocvienbimat@gmail.com","2026-06-01T22:28:59.0580758"
713,"Franchise","RevenueShareSettlement","357","INSERT",,"Approved","MicrosoftAccount\hocvienbimat@gmail.com","2026-06-01T22:28:59.0626298"
714,"Franchise","RevenueShareSettlement","357","SETTLEMENT",,"83002734.7500","MicrosoftAccount\hocvienbimat@gmail.com","2026-06-01T22:28:59.0626298"
715,"Franchise","RevenueShareSettlement","358","INSERT",,"Approved","MicrosoftAccount\hocvienbimat@gmail.com","2026-06-01T22:28:59.0701625"
716,"Franchise","RevenueShareSettlement","358","SETTLEMENT",,"86432326.8000","MicrosoftAccount\hocvienbimat@gmail.com","2026-06-01T22:28:59.0701625"
717,"Franchise","RevenueShareSettlement","359","INSERT",,"Approved","MicrosoftAccount\hocvienbimat@gmail.com","2026-06-01T22:28:59.0741574"
718,"Franchise","RevenueShareSettlement","359","SETTLEMENT",,"85091595.7500","MicrosoftAccount\hocvienbimat@gmail.com","2026-06-01T22:28:59.0741574"
719,"Franchise","RevenueShareSettlement","360","INSERT",,"Approved","MicrosoftAccount\hocvienbimat@gmail.com","2026-06-01T22:28:59.0811031"
720,"Franchise","RevenueShareSettlement","360","SETTLEMENT",,"114107965.0000","MicrosoftAccount\hocvienbimat@gmail.com","2026-06-01T22:28:59.0811031"
721,"Franchise","RevenueShareSettlement","361","INSERT",,"Approved","MicrosoftAccount\hocvienbimat@gmail.com","2026-06-01T22:28:59.0831016"
722,"Franchise","RevenueShareSettlement","361","SETTLEMENT",,"0.0000","MicrosoftAccount\hocvienbimat@gmail.com","2026-06-01T22:28:59.0831016"
723,"Franchise","RevenueShareSettlement","362","INSERT",,"Approved","MicrosoftAccount\hocvienbimat@gmail.com","2026-06-01T22:28:59.0841177"
724,"Franchise","RevenueShareSettlement","362","SETTLEMENT",,"0.0000","MicrosoftAccount\hocvienbimat@gmail.com","2026-06-01T22:28:59.0851147"
725,"Franchise","RevenueShareSettlement","363","INSERT",,"Approved","MicrosoftAccount\hocvienbimat@gmail.com","2026-06-01T22:28:59.0861156"
726,"Franchise","RevenueShareSettlement","363","SETTLEMENT",,"0.0000","MicrosoftAccount\hocvienbimat@gmail.com","2026-06-01T22:28:59.0861156"
727,"Franchise","RevenueShareSettlement","364","INSERT",,"Approved","MicrosoftAccount\hocvienbimat@gmail.com","2026-06-01T22:28:59.0871154"
728,"Franchise","RevenueShareSettlement","364","SETTLEMENT",,"0.0000","MicrosoftAccount\hocvienbimat@gmail.com","2026-06-01T22:28:59.0871154"
729,"Franchise","RevenueShareSettlement","365","INSERT",,"Approved","MicrosoftAccount\hocvienbimat@gmail.com","2026-06-01T22:28:59.0881139"
730,"Franchise","RevenueShareSettlement","365","SETTLEMENT",,"0.0000","MicrosoftAccount\hocvienbimat@gmail.com","2026-06-01T22:28:59.0891306"
731,"Franchise","RevenueShareSettlement","366","INSERT",,"Approved","MicrosoftAccount\hocvienbimat@gmail.com","2026-06-01T22:28:59.0911269"
732,"Franchise","RevenueShareSettlement","366","SETTLEMENT",,"0.0000","MicrosoftAccount\hocvienbimat@gmail.com","2026-06-01T22:28:59.0911269"
733,"Franchise","RevenueShareSettlement","367","INSERT",,"Approved","MicrosoftAccount\hocvienbimat@gmail.com","2026-06-01T22:28:59.0931231"
734,"Franchise","RevenueShareSettlement","367","SETTLEMENT",,"0.0000","MicrosoftAccount\hocvienbimat@gmail.com","2026-06-01T22:28:59.0931231"
735,"Franchise","RevenueShareSettlement","368","INSERT",,"Approved","MicrosoftAccount\hocvienbimat@gmail.com","2026-06-01T22:28:59.0941261"
736,"Franchise","RevenueShareSettlement","368","SETTLEMENT",,"0.0000","MicrosoftAccount\hocvienbimat@gmail.com","2026-06-01T22:28:59.0941261"
737,"Franchise","RevenueShareSettlement","369","INSERT",,"Approved","MicrosoftAccount\hocvienbimat@gmail.com","2026-06-01T22:28:59.0952365"
738,"Franchise","RevenueShareSettlement","369","SETTLEMENT",,"0.0000","MicrosoftAccount\hocvienbimat@gmail.com","2026-06-01T22:28:59.0965533"
739,"Franchise","RevenueShareSettlement","370","INSERT",,"Approved","MicrosoftAccount\hocvienbimat@gmail.com","2026-06-01T22:28:59.0985819"
740,"Franchise","RevenueShareSettlement","370","SETTLEMENT",,"0.0000","MicrosoftAccount\hocvienbimat@gmail.com","2026-06-01T22:28:59.0985819"
741,"Franchise","RevenueShareSettlement","371","INSERT",,"Approved","MicrosoftAccount\hocvienbimat@gmail.com","2026-06-01T22:28:59.0995966"
742,"Franchise","RevenueShareSettlement","371","SETTLEMENT",,"0.0000","MicrosoftAccount\hocvienbimat@gmail.com","2026-06-01T22:28:59.1008544"
743,"Franchise","RevenueShareSettlement","372","INSERT",,"Approved","MicrosoftAccount\hocvienbimat@gmail.com","2026-06-01T22:28:59.1018571"
744,"Franchise","RevenueShareSettlement","372","SETTLEMENT",,"0.0000","MicrosoftAccount\hocvienbimat@gmail.com","2026-06-01T22:28:59.1018571"
745,"Franchise","RevenueShareSettlement","373","INSERT",,"Approved","MicrosoftAccount\hocvienbimat@gmail.com","2026-06-01T22:28:59.1028529"
746,"Franchise","RevenueShareSettlement","373","SETTLEMENT",,"0.0000","MicrosoftAccount\hocvienbimat@gmail.com","2026-06-01T22:28:59.1028529"
747,"Franchise","RevenueShareSettlement","374","INSERT",,"Approved","MicrosoftAccount\hocvienbimat@gmail.com","2026-06-01T22:28:59.1054616"
748,"Franchise","RevenueShareSettlement","374","SETTLEMENT",,"0.0000","MicrosoftAccount\hocvienbimat@gmail.com","2026-06-01T22:28:59.1054616"
749,"Franchise","RevenueShareSettlement","375","INSERT",,"Approved","MicrosoftAccount\hocvienbimat@gmail.com","2026-06-01T22:28:59.1075130"
750,"Franchise","RevenueShareSettlement","375","SETTLEMENT",,"0.0000","MicrosoftAccount\hocvienbimat@gmail.com","2026-06-01T22:28:59.1075130"
751,"Identity","UserAccount","552","INSERT",,"Active","MicrosoftAccount\hocvienbimat@gmail.com","2026-06-02T15:00:49.2399852"
752,"Identity","UserRole","552|5","INSERT",,"5","MicrosoftAccount\hocvienbimat@gmail.com","2026-06-02T15:00:49.2637429"
753,"Identity","UserAccount","552","INSERT",,"feature_user_DF42005A","MicrosoftAccount\hocvienbimat@gmail.com","2026-06-02T15:00:49.2657509"
754,"Identity","UserAccount","553","INSERT",,"Active","MicrosoftAccount\hocvienbimat@gmail.com","2026-06-02T15:05:26.9217548"
755,"Identity","UserRole","553|5","INSERT",,"5","MicrosoftAccount\hocvienbimat@gmail.com","2026-06-02T15:05:26.9347069"
756,"Identity","UserAccount","553","SECURITY",,"Register customer","MicrosoftAccount\hocvienbimat@gmail.com","2026-06-02T15:05:26.9390286"
758,"Identity","UserAccount","88","UPDATE","Active","Locked","MicrosoftAccount\hocvienbimat@gmail.com","2026-06-02T15:41:04.7696506"
759,"Identity","UserAccount","88","SECURITY",,"Locked","MicrosoftAccount\hocvienbimat@gmail.com","2026-06-02T15:41:04.7751861"
760,"Identity","UserAccount","88","UPDATE","Locked","Active","MicrosoftAccount\hocvienbimat@gmail.com","2026-06-02T15:41:04.7905198"
761,"Identity","UserAccount","88","SECURITY",,"Active","MicrosoftAccount\hocvienbimat@gmail.com","2026-06-02T15:41:04.7915402"
762,"Identity","UserAccount","88","UPDATE","Active","Locked","MicrosoftAccount\hocvienbimat@gmail.com","2026-06-02T15:53:42.4112393"
763,"Identity","UserAccount","88","SECURITY",,"Locked","MicrosoftAccount\hocvienbimat@gmail.com","2026-06-02T15:53:42.4139715"
764,"Identity","UserAccount","88","UPDATE","Locked","Active","MicrosoftAccount\hocvienbimat@gmail.com","2026-06-02T15:53:42.4249471"
765,"Identity","UserAccount","88","SECURITY",,"Active","MicrosoftAccount\hocvienbimat@gmail.com","2026-06-02T15:53:42.4266590"
766,"Identity","UserAccount","88","SECURITY",,"Password reset","MicrosoftAccount\hocvienbimat@gmail.com","2026-06-02T15:54:24.9153780"
767,"Identity","UserRole","88|2","INSERT",,"2","MicrosoftAccount\hocvienbimat@gmail.com","2026-06-02T15:55:23.3679952"
768,"Identity","UserRole","88","SECURITY",,"OperationsStaff","MicrosoftAccount\hocvienbimat@gmail.com","2026-06-02T15:55:23.3690401"
769,"Identity","UserRole","88","SECURITY","OperationsStaff",,"MicrosoftAccount\hocvienbimat@gmail.com","2026-06-02T15:55:23.3858722"
770,"Identity","UserRole","88|2","INSERT",,"2","MicrosoftAccount\hocvienbimat@gmail.com","2026-06-02T15:56:05.0879843"
771,"Identity","UserRole","88","SECURITY",,"OperationsStaff","MicrosoftAccount\hocvienbimat@gmail.com","2026-06-02T15:56:05.0904234"
772,"Identity","UserRole","88","SECURITY","OperationsStaff",,"MicrosoftAccount\hocvienbimat@gmail.com","2026-06-02T15:56:05.1048221"
777,"Infrastructure","ChargingStation","1","UPDATE",,"UnderMaintenance","9","2026-06-02T16:03:06.0063843"
778,"Infrastructure","ChargingStation","1","UPDATE",,"Active","9","2026-06-02T16:03:06.0073856"
779,"Infrastructure","ChargingPoint","1","UPDATE","Available","Offline","MicrosoftAccount\hocvienbimat@gmail.com","2026-06-02T16:03:33.8480553"
780,"Infrastructure","ChargingPoint","1","UPDATE",,"Offline","9","2026-06-02T16:03:33.8495147"
781,"Infrastructure","ChargingPoint","1","UPDATE","Offline","Available","MicrosoftAccount\hocvienbimat@gmail.com","2026-06-02T16:03:33.8575938"
782,"Infrastructure","ChargingPoint","1","UPDATE",,"Available","9","2026-06-02T16:03:33.8585958"
783,"Operations","Vehicle","667","INSERT",,"FEATURE-DEMO-3C4CDD4","MicrosoftAccount\hocvienbimat@gmail.com","2026-06-02T16:09:16.8713613"
784,"Operations","Vehicle","667","UPDATE",,"Updated vehicle","MicrosoftAccount\hocvienbimat@gmail.com","2026-06-02T16:09:48.0188458"
785,"Operations","Booking","100001","INSERT",,"Confirmed","MicrosoftAccount\hocvienbimat@gmail.com","2026-06-02T16:10:23.6568318"
786,"Operations","Booking","100001","UPDATE",,"Cancelled","MicrosoftAccount\hocvienbimat@gmail.com","2026-06-02T16:11:12.9867083"
787,"Operations","Booking","100002","INSERT",,"Confirmed","MicrosoftAccount\hocvienbimat@gmail.com","2026-06-02T16:12:35.5082363"
788,"Operations","Booking","100002","UPDATE",,"Cancelled","MicrosoftAccount\hocvienbimat@gmail.com","2026-06-02T16:12:35.5479078"
789,"Operations","ChargingSession","300001","INSERT",,"Charging","MicrosoftAccount\hocvienbimat@gmail.com","2026-06-02T16:13:12.5135469"
790,"Infrastructure","ChargingPoint","1","UPDATE","Available","Charging","MicrosoftAccount\hocvienbimat@gmail.com","2026-06-02T16:13:12.5640560"
791,"Operations","ChargingSession","300001","UPDATE","Charging","Completed","MicrosoftAccount\hocvienbimat@gmail.com","2026-06-02T16:13:12.6399401"
792,"Infrastructure","ChargingPoint","1","UPDATE","Charging","Available","MicrosoftAccount\hocvienbimat@gmail.com","2026-06-02T16:13:12.6420189"
793,"Operations","ChargingSession","300002","INSERT",,"Charging","MicrosoftAccount\hocvienbimat@gmail.com","2026-06-02T16:18:27.6470207"
794,"Infrastructure","ChargingPoint","1","UPDATE","Available","Charging","MicrosoftAccount\hocvienbimat@gmail.com","2026-06-02T16:18:27.6864313"
795,"Operations","ChargingSession","300002","UPDATE","Charging","Completed","MicrosoftAccount\hocvienbimat@gmail.com","2026-06-02T16:18:27.7441193"
796,"Infrastructure","ChargingPoint","1","UPDATE","Charging","Available","MicrosoftAccount\hocvienbimat@gmail.com","2026-06-02T16:18:27.7470964"
797,"Operations","ChargingSession","300003","INSERT",,"Charging","MicrosoftAccount\hocvienbimat@gmail.com","2026-06-02T16:20:00.3907078"
798,"Infrastructure","ChargingPoint","1","UPDATE","Available","Charging","MicrosoftAccount\hocvienbimat@gmail.com","2026-06-02T16:20:00.4425735"
799,"Operations","ChargingSession","300003","UPDATE","Charging","Failed","MicrosoftAccount\hocvienbimat@gmail.com","2026-06-02T16:20:00.5328822"
800,"Infrastructure","ChargingPoint","1","UPDATE","Charging","Available","MicrosoftAccount\hocvienbimat@gmail.com","2026-06-02T16:20:00.5918043"
801,"Operations","ChargingSession","300003","UPDATE","Charging","Failed","9","2026-06-02T16:20:00.5954299"
802,"Operations","PricingPolicy","7","INSERT",,"FEATURE-DEMO-PRICE-FFF7DD","MicrosoftAccount\hocvienbimat@gmail.com","2026-06-02T16:20:34.4395258"
803,"Operations","PricingPolicy","7","UPDATE",,"Inactive","MicrosoftAccount\hocvienbimat@gmail.com","2026-06-02T16:20:34.4561137"
804,"Operations","PricingPolicy","8","INSERT",,"FEATURE-DEMO-PRICE-D1CC30","MicrosoftAccount\hocvienbimat@gmail.com","2026-06-02T16:21:08.8727929"
805,"Operations","PricingPolicy","8","UPDATE",,"Inactive","MicrosoftAccount\hocvienbimat@gmail.com","2026-06-02T16:21:08.8869723"
806,"Operations","ChargingSession","300004","INSERT",,"Charging","MicrosoftAccount\hocvienbimat@gmail.com","2026-06-02T16:50:38.6528027"
807,"Infrastructure","ChargingPoint","1","UPDATE","Available","Charging","MicrosoftAccount\hocvienbimat@gmail.com","2026-06-02T16:50:38.7049771"
808,"Operations","ChargingSession","300004","UPDATE","Charging","Completed","MicrosoftAccount\hocvienbimat@gmail.com","2026-06-02T16:50:38.7721859"
809,"Infrastructure","ChargingPoint","1","UPDATE","Charging","Available","MicrosoftAccount\hocvienbimat@gmail.com","2026-06-02T16:50:38.7731872"
810,"Payments","PaymentTransaction","287713","INSERT",,"Completed","MicrosoftAccount\hocvienbimat@gmail.com","2026-06-02T16:50:38.8134574"
811,"Payments","PaymentTransaction","287713","PAYMENT",,"61101.0000","MicrosoftAccount\hocvienbimat@gmail.com","2026-06-02T16:50:39.2199446"
812,"Payments","PaymentTransaction","287713","PAYMENT","Completed","Refunded","MicrosoftAccount\hocvienbimat@gmail.com","2026-06-02T16:51:10.2828823"
813,"Payments","PaymentTransaction","287713","PAYMENT","Completed","Refunded","MicrosoftAccount\hocvienbimat@gmail.com","2026-06-02T16:51:10.8568123"
814,"Operations","ChargingSession","300005","INSERT",,"Charging","MicrosoftAccount\hocvienbimat@gmail.com","2026-06-02T16:51:40.5094916"
815,"Infrastructure","ChargingPoint","1","UPDATE","Available","Charging","MicrosoftAccount\hocvienbimat@gmail.com","2026-06-02T16:51:40.5578456"
816,"Operations","ChargingSession","300005","UPDATE","Charging","Completed","MicrosoftAccount\hocvienbimat@gmail.com","2026-06-02T16:51:40.6397574"
817,"Infrastructure","ChargingPoint","1","UPDATE","Charging","Available","MicrosoftAccount\hocvienbimat@gmail.com","2026-06-02T16:51:40.7177642"
818,"Payments","PaymentTransaction","287714","INSERT",,"Completed","MicrosoftAccount\hocvienbimat@gmail.com","2026-06-02T16:51:40.7486730"
819,"Payments","PaymentTransaction","287714","PAYMENT",,"61101.0000","MicrosoftAccount\hocvienbimat@gmail.com","2026-06-02T16:51:43.3342967"
