TicketID,TicketCode,StationID,PointID,ErrorID,CreatedBy,AssignedTo,Priority,TicketStatus,Title,Description,OpenedAt,ClosedAt
1,"MT-00001",1,2,1,9,9,"Low","Closed","Xu ly su co ERR-00001","Len lich kiem tra thiet bi theo log van hanh va muc do anh huong cua tram.","2024-06-12T22:27:39.3645313","2024-06-13T03:27:39.3645313"
2,"MT-00002",3,3,2,9,9,"Low","Closed","Xu ly su co ERR-00002","Len lich kiem tra thiet bi theo log van hanh va muc do anh huong cua tram.","2024-06-23T22:27:39.3645313","2024-06-24T04:27:39.3645313"
3,"MT-00003",3,4,3,9,9,"Medium","Closed","Xu ly su co ERR-00003","Len lich kiem tra thiet bi theo log van hanh va muc do anh huong cua tram.","2024-07-04T22:27:39.3645313","2024-07-05T05:27:39.3645313"
4,"MT-00004",5,5,4,9,9,"Low","Closed","Xu ly su co ERR-00004","Len lich kiem tra thiet bi theo log van hanh va muc do anh huong cua tram.","2024-07-15T22:27:39.3645313","2024-07-16T06:27:39.3645313"
5,"MT-00005",5,6,5,9,9,"Low","Closed","Xu ly su co ERR-00005","Len lich kiem tra thiet bi theo log van hanh va muc do anh huong cua tram.","2024-07-26T22:27:39.3645313","2024-07-27T07:27:39.3645313"
6,"MT-00006",6,7,6,9,9,"Medium","Closed","Xu ly su co ERR-00006","Len lich kiem tra thiet bi theo log van hanh va muc do anh huong cua tram.","2024-08-06T22:27:39.3645313","2024-08-07T08:27:39.3645313"
7,"MT-00007",6,8,7,9,9,"High","Closed","Xu ly su co ERR-00007","Len lich kiem tra thiet bi theo log van hanh va muc do anh huong cua tram.","2024-08-17T22:27:39.3645313","2024-08-18T09:27:39.3645313"
8,"MT-00008",10,9,8,9,9,"Low","Closed","Xu ly su co ERR-00008","Len lich kiem tra thiet bi theo log van hanh va muc do anh huong cua tram.","2024-08-28T22:27:39.3645313","2024-08-29T10:27:39.3645313"
9,"MT-00009",10,10,9,9,9,"Medium","InProgress","Xu ly su co ERR-00009","Len lich kiem tra thiet bi theo log van hanh va muc do anh huong cua tram.","2024-09-08T22:27:39.3645313",
10,"MT-00010",12,11,10,9,9,"Low","Closed","Xu ly su co ERR-00010","Len lich kiem tra thiet bi theo log van hanh va muc do anh huong cua tram.","2024-09-19T22:27:39.3645313","2024-09-20T12:27:39.3645313"
11,"MT-00011",12,12,11,9,9,"Low","Closed","Xu ly su co ERR-00011","Len lich kiem tra thiet bi theo log van hanh va muc do anh huong cua tram.","2024-09-30T22:27:39.3645313","2024-10-01T13:27:39.3645313"
12,"MT-00012",14,13,12,9,9,"Medium","Closed","Xu ly su co ERR-00012","Len lich kiem tra thiet bi theo log van hanh va muc do anh huong cua tram.","2024-10-11T22:27:39.3645313","2024-10-12T14:27:39.3645313"
13,"MT-00013",14,14,13,9,9,"Low","Closed","Xu ly su co ERR-00013","Len lich kiem tra thiet bi theo log van hanh va muc do anh huong cua tram.","2024-10-22T22:27:39.3645313","2024-10-23T15:27:39.3645313"
14,"MT-00014",16,15,14,9,9,"High","Closed","Xu ly su co ERR-00014","Len lich kiem tra thiet bi theo log van hanh va muc do anh huong cua tram.","2024-11-02T22:27:39.3645313","2024-11-03T16:27:39.3645313"
15,"MT-00015",16,16,15,9,9,"Medium","Closed","Xu ly su co ERR-00015","Len lich kiem tra thiet bi theo log van hanh va muc do anh huong cua tram.","2024-11-13T22:27:39.3645313","2024-11-14T17:27:39.3645313"
16,"MT-00016",18,17,16,9,9,"Low","Closed","Xu ly su co ERR-00016","Len lich kiem tra thiet bi theo log van hanh va muc do anh huong cua tram.","2024-11-24T22:27:39.3645313","2024-11-25T18:27:39.3645313"
17,"MT-00017",18,18,17,9,9,"Critical","Closed","Xu ly su co ERR-00017","Len lich kiem tra thiet bi theo log van hanh va muc do anh huong cua tram.","2024-12-05T22:27:39.3645313","2024-12-06T19:27:39.3645313"
18,"MT-00018",21,19,18,9,9,"Medium","InProgress","Xu ly su co ERR-00018","Len lich kiem tra thiet bi theo log van hanh va muc do anh huong cua tram.","2024-12-16T22:27:39.3645313",
19,"MT-00019",21,20,19,9,9,"Low","Closed","Xu ly su co ERR-00019","Len lich kiem tra thiet bi theo log van hanh va muc do anh huong cua tram.","2024-12-27T22:27:39.3645313","2024-12-28T21:27:39.3645313"
20,"MT-00020",23,21,20,9,9,"Low","Closed","Xu ly su co ERR-00020","Len lich kiem tra thiet bi theo log van hanh va muc do anh huong cua tram.","2025-01-07T22:27:39.3645313","2025-01-08T22:27:39.3645313"
21,"MT-00021",23,22,21,9,9,"High","Closed","Xu ly su co ERR-00021","Len lich kiem tra thiet bi theo log van hanh va muc do anh huong cua tram.","2025-01-18T22:27:39.3645313","2025-01-19T23:27:39.3645313"
22,"MT-00022",24,23,22,9,9,"Low","Closed","Xu ly su co ERR-00022","Len lich kiem tra thiet bi theo log van hanh va muc do anh huong cua tram.","2025-01-29T22:27:39.3645313","2025-01-31T00:27:39.3645313"
23,"MT-00023",24,24,23,9,9,"Low","Closed","Xu ly su co ERR-00023","Len lich kiem tra thiet bi theo log van hanh va muc do anh huong cua tram.","2025-02-09T22:27:39.3645313","2025-02-11T01:27:39.3645313"
24,"MT-00024",26,25,24,9,9,"Medium","Closed","Xu ly su co ERR-00024","Len lich kiem tra thiet bi theo log van hanh va muc do anh huong cua tram.","2025-02-20T22:27:39.3645313","2025-02-22T02:27:39.3645313"
25,"MT-00025",26,26,25,9,9,"Low","Closed","Xu ly su co ERR-00025","Len lich kiem tra thiet bi theo log van hanh va muc do anh huong cua tram.","2025-03-03T22:27:39.3645313","2025-03-05T03:27:39.3645313"
26,"MT-00026",30,27,26,9,9,"Low","Closed","Xu ly su co ERR-00026","Len lich kiem tra thiet bi theo log van hanh va muc do anh huong cua tram.","2025-03-14T22:27:39.3645313","2025-03-16T04:27:39.3645313"
27,"MT-00027",30,28,27,9,9,"Medium","InProgress","Xu ly su co ERR-00027","Len lich kiem tra thiet bi theo log van hanh va muc do anh huong cua tram.","2025-03-25T22:27:39.3645313",
28,"MT-00028",32,29,28,9,9,"High","Closed","Xu ly su co ERR-00028","Len lich kiem tra thiet bi theo log van hanh va muc do anh huong cua tram.","2025-04-05T22:27:39.3645313","2025-04-07T06:27:39.3645313"
29,"MT-00029",32,30,29,9,9,"Low","Closed","Xu ly su co ERR-00029","Len lich kiem tra thiet bi theo log van hanh va muc do anh huong cua tram.","2025-04-16T22:27:39.3645313","2025-04-18T07:27:39.3645313"
30,"MT-00030",34,31,30,9,9,"Medium","Closed","Xu ly su co ERR-00030","Len lich kiem tra thiet bi theo log van hanh va muc do anh huong cua tram.","2025-04-27T22:27:39.3645313","2025-04-29T08:27:39.3645313"
31,"MT-00031",34,32,31,9,9,"Low","Closed","Xu ly su co ERR-00031","Len lich kiem tra thiet bi theo log van hanh va muc do anh huong cua tram.","2025-05-08T22:27:39.3645313","2025-05-10T09:27:39.3645313"
32,"MT-00032",35,33,32,9,9,"Low","Closed","Xu ly su co ERR-00032","Len lich kiem tra thiet bi theo log van hanh va muc do anh huong cua tram.","2025-05-19T22:27:39.3645313","2025-05-21T10:27:39.3645313"
33,"MT-00033",35,34,33,9,9,"Medium","Closed","Xu ly su co ERR-00033","Len lich kiem tra thiet bi theo log van hanh va muc do anh huong cua tram.","2025-05-30T22:27:39.3645313","2025-06-01T11:27:39.3645313"
34,"MT-00034",37,35,34,9,9,"Critical","Closed","Xu ly su co ERR-00034","Len lich kiem tra thiet bi theo log van hanh va muc do anh huong cua tram.","2025-06-10T22:27:39.3645313","2025-06-12T12:27:39.3645313"
35,"MT-00035",37,36,35,9,9,"High","Closed","Xu ly su co ERR-00035","Len lich kiem tra thiet bi theo log van hanh va muc do anh huong cua tram.","2025-06-21T22:27:39.3645313","2025-06-23T13:27:39.3645313"
36,"MT-00036",39,37,36,9,9,"Medium","InProgress","Xu ly su co ERR-00036","Len lich kiem tra thiet bi theo log van hanh va muc do anh huong cua tram.","2025-07-02T22:27:39.3645313",
37,"MT-00037",39,38,37,9,9,"Low","Closed","Xu ly su co ERR-00037","Len lich kiem tra thiet bi theo log van hanh va muc do anh huong cua tram.","2025-07-13T22:27:39.3645313","2025-07-15T15:27:39.3645313"
38,"MT-00038",42,39,38,9,9,"Low","Closed","Xu ly su co ERR-00038","Len lich kiem tra thiet bi theo log van hanh va muc do anh huong cua tram.","2025-07-24T22:27:39.3645313","2025-07-26T16:27:39.3645313"
39,"MT-00039",42,40,39,9,9,"Medium","Closed","Xu ly su co ERR-00039","Len lich kiem tra thiet bi theo log van hanh va muc do anh huong cua tram.","2025-08-04T22:27:39.3645313","2025-08-06T17:27:39.3645313"
40,"MT-00040",44,41,40,9,9,"Low","Closed","Xu ly su co ERR-00040","Len lich kiem tra thiet bi theo log van hanh va muc do anh huong cua tram.","2025-08-15T22:27:39.3645313","2025-08-17T18:27:39.3645313"
41,"MT-00041",44,42,41,9,9,"Low","Closed","Xu ly su co ERR-00041","Len lich kiem tra thiet bi theo log van hanh va muc do anh huong cua tram.","2025-08-26T22:27:39.3645313","2025-08-28T19:27:39.3645313"
42,"MT-00042",46,43,42,9,9,"High","Closed","Xu ly su co ERR-00042","Len lich kiem tra thiet bi theo log van hanh va muc do anh huong cua tram.","2025-09-06T22:27:39.3645313","2025-09-08T20:27:39.3645313"
43,"MT-00043",46,44,43,9,9,"Low","Closed","Xu ly su co ERR-00043","Len lich kiem tra thiet bi theo log van hanh va muc do anh huong cua tram.","2025-09-17T22:27:39.3645313","2025-09-19T21:27:39.3645313"
44,"MT-00044",50,45,44,9,9,"Low","Closed","Xu ly su co ERR-00044","Len lich kiem tra thiet bi theo log van hanh va muc do anh huong cua tram.","2025-09-28T22:27:39.3645313","2025-09-30T22:27:39.3645313"
45,"MT-00045",50,46,45,9,9,"Medium","InProgress","Xu ly su co ERR-00045","Len lich kiem tra thiet bi theo log van hanh va muc do anh huong cua tram.","2025-10-09T22:27:39.3645313",
46,"MT-00046",52,47,46,9,9,"Low","Closed","Xu ly su co ERR-00046","Len lich kiem tra thiet bi theo log van hanh va muc do anh huong cua tram.","2025-10-20T22:27:39.3645313","2025-10-23T00:27:39.3645313"
47,"MT-00047",52,48,47,9,9,"Low","Closed","Xu ly su co ERR-00047","Len lich kiem tra thiet bi theo log van hanh va muc do anh huong cua tram.","2025-10-31T22:27:39.3645313","2025-11-03T01:27:39.3645313"
48,"MT-00048",55,49,48,9,9,"Medium","Closed","Xu ly su co ERR-00048","Len lich kiem tra thiet bi theo log van hanh va muc do anh huong cua tram.","2025-11-11T22:27:39.3645313","2025-11-12T02:27:39.3645313"
49,"MT-00049",55,50,49,9,9,"High","Closed","Xu ly su co ERR-00049","Len lich kiem tra thiet bi theo log van hanh va muc do anh huong cua tram.","2025-11-22T22:27:39.3645313","2025-11-23T03:27:39.3645313"
50,"MT-00050",57,51,50,9,9,"Low","Closed","Xu ly su co ERR-00050","Len lich kiem tra thiet bi theo log van hanh va muc do anh huong cua tram.","2025-12-03T22:27:39.3645313","2025-12-04T04:27:39.3645313"
51,"MT-00051",57,52,51,9,9,"Critical","Closed","Xu ly su co ERR-00051","Len lich kiem tra thiet bi theo log van hanh va muc do anh huong cua tram.","2025-12-14T22:27:39.3645313","2025-12-15T05:27:39.3645313"
52,"MT-00052",60,53,52,9,9,"Low","Closed","Xu ly su co ERR-00052","Len lich kiem tra thiet bi theo log van hanh va muc do anh huong cua tram.","2025-12-25T22:27:39.3645313","2025-12-26T06:27:39.3645313"
53,"MT-00053",60,54,53,9,9,"Low","Closed","Xu ly su co ERR-00053","Len lich kiem tra thiet bi theo log van hanh va muc do anh huong cua tram.","2026-01-05T22:27:39.3645313","2026-01-06T07:27:39.3645313"
54,"MT-00054",62,55,54,9,9,"Medium","InProgress","Xu ly su co ERR-00054","Len lich kiem tra thiet bi theo log van hanh va muc do anh huong cua tram.","2026-01-16T22:27:39.3645313",
55,"MT-00055",62,56,55,9,9,"Low","Closed","Xu ly su co ERR-00055","Len lich kiem tra thiet bi theo log van hanh va muc do anh huong cua tram.","2026-01-27T22:27:39.3645313","2026-01-28T09:27:39.3645313"
56,"MT-00056",65,57,56,9,9,"High","Closed","Xu ly su co ERR-00056","Len lich kiem tra thiet bi theo log van hanh va muc do anh huong cua tram.","2026-02-07T22:27:39.3645313","2026-02-08T10:27:39.3645313"
57,"MT-00057",65,58,57,9,9,"Medium","Closed","Xu ly su co ERR-00057","Len lich kiem tra thiet bi theo log van hanh va muc do anh huong cua tram.","2026-02-18T22:27:39.3645313","2026-02-19T11:27:39.3645313"
58,"MT-00058",67,59,58,9,9,"Low","Closed","Xu ly su co ERR-00058","Len lich kiem tra thiet bi theo log van hanh va muc do anh huong cua tram.","2026-03-01T22:27:39.3645313","2026-03-02T12:27:39.3645313"
59,"MT-00059",67,60,59,9,9,"Low","Closed","Xu ly su co ERR-00059","Len lich kiem tra thiet bi theo log van hanh va muc do anh huong cua tram.","2026-03-12T22:27:39.3645313","2026-03-13T13:27:39.3645313"
60,"MT-00060",70,61,60,9,9,"Medium","Closed","Xu ly su co ERR-00060","Len lich kiem tra thiet bi theo log van hanh va muc do anh huong cua tram.","2026-03-23T22:27:39.3645313","2026-03-24T14:27:39.3645313"
61,"MT-00061",70,62,61,9,9,"Low","Closed","Xu ly su co ERR-00061","Len lich kiem tra thiet bi theo log van hanh va muc do anh huong cua tram.","2026-04-03T22:27:39.3645313","2026-04-04T15:27:39.3645313"
62,"MT-00062",73,63,62,9,9,"Low","Closed","Xu ly su co ERR-00062","Len lich kiem tra thiet bi theo log van hanh va muc do anh huong cua tram.","2026-04-14T22:27:39.3645313","2026-04-15T16:27:39.3645313"
63,"MT-00063",73,64,63,9,9,"High","InProgress","Xu ly su co ERR-00063","Len lich kiem tra thiet bi theo log van hanh va muc do anh huong cua tram.","2026-04-25T22:27:39.3645313",
64,"MT-00064",75,65,64,9,9,"Low","Closed","Xu ly su co ERR-00064","Len lich kiem tra thiet bi theo log van hanh va muc do anh huong cua tram.","2026-05-06T22:27:39.3645313","2026-05-07T18:27:39.3645313"
65,"MT-00065",75,66,65,9,9,"Low","Closed","Xu ly su co ERR-00065","Len lich kiem tra thiet bi theo log van hanh va muc do anh huong cua tram.","2026-05-17T22:27:39.3645313","2026-05-18T19:27:39.3645313"
66,"MT-00066",76,67,66,9,9,"Medium","Closed","Xu ly su co ERR-00066","Len lich kiem tra thiet bi theo log van hanh va muc do anh huong cua tram.","2026-05-28T22:27:39.3645313","2026-05-29T20:27:39.3645313"
67,"MT-00067",76,68,67,9,9,"Low","Closed","Xu ly su co ERR-00067","Len lich kiem tra thiet bi theo log van hanh va muc do anh huong cua tram.","2024-06-08T22:27:39.3645313","2024-06-09T21:27:39.3645313"
68,"MT-00068",78,69,68,9,9,"Critical","Closed","Xu ly su co ERR-00068","Len lich kiem tra thiet bi theo log van hanh va muc do anh huong cua tram.","2024-06-19T22:27:39.3645313","2024-06-20T22:27:39.3645313"
69,"MT-00069",78,70,69,9,9,"Medium","Closed","Xu ly su co ERR-00069","Len lich kiem tra thiet bi theo log van hanh va muc do anh huong cua tram.","2024-06-30T22:27:39.3645313","2024-07-01T23:27:39.3645313"
70,"MT-00070",81,71,70,9,9,"High","Closed","Xu ly su co ERR-00070","Len lich kiem tra thiet bi theo log van hanh va muc do anh huong cua tram.","2024-07-11T22:27:39.3645313","2024-07-13T00:27:39.3645313"
71,"MT-00071",81,72,71,9,9,"Low","Closed","Xu ly su co ERR-00071","Len lich kiem tra thiet bi theo log van hanh va muc do anh huong cua tram.","2024-07-22T22:27:39.3645313","2024-07-24T01:27:39.3645313"
72,"MT-00072",83,73,72,9,9,"Medium","InProgress","Xu ly su co ERR-00072","Len lich kiem tra thiet bi theo log van hanh va muc do anh huong cua tram.","2024-08-02T22:27:39.3645313",
73,"MT-00073",83,74,73,9,9,"Low","Closed","Xu ly su co ERR-00073","Len lich kiem tra thiet bi theo log van hanh va muc do anh huong cua tram.","2024-08-13T22:27:39.3645313","2024-08-15T03:27:39.3645313"
74,"MT-00074",85,75,74,9,9,"Low","Closed","Xu ly su co ERR-00074","Len lich kiem tra thiet bi theo log van hanh va muc do anh huong cua tram.","2024-08-24T22:27:39.3645313","2024-08-26T04:27:39.3645313"
75,"MT-00075",85,76,75,9,9,"Medium","Closed","Xu ly su co ERR-00075","Len lich kiem tra thiet bi theo log van hanh va muc do anh huong cua tram.","2024-09-04T22:27:39.3645313","2024-09-06T05:27:39.3645313"
76,"MT-00076",87,77,76,9,9,"Low","Closed","Xu ly su co ERR-00076","Len lich kiem tra thiet bi theo log van hanh va muc do anh huong cua tram.","2024-09-15T22:27:39.3645313","2024-09-17T06:27:39.3645313"
77,"MT-00077",87,78,77,9,9,"High","Closed","Xu ly su co ERR-00077","Len lich kiem tra thiet bi theo log van hanh va muc do anh huong cua tram.","2024-09-26T22:27:39.3645313","2024-09-28T07:27:39.3645313"
78,"MT-00078",91,79,78,9,9,"Medium","Closed","Xu ly su co ERR-00078","Len lich kiem tra thiet bi theo log van hanh va muc do anh huong cua tram.","2024-10-07T22:27:39.3645313","2024-10-09T08:27:39.3645313"
79,"MT-00079",91,80,79,9,9,"Low","Closed","Xu ly su co ERR-00079","Len lich kiem tra thiet bi theo log van hanh va muc do anh huong cua tram.","2024-10-18T22:27:39.3645313","2024-10-20T09:27:39.3645313"
80,"MT-00080",93,81,80,9,9,"Low","Closed","Xu ly su co ERR-00080","Len lich kiem tra thiet bi theo log van hanh va muc do anh huong cua tram.","2024-10-29T22:27:39.3645313","2024-10-31T10:27:39.3645313"
81,"MT-00081",93,82,81,9,9,"Medium","InProgress","Xu ly su co ERR-00081","Len lich kiem tra thiet bi theo log van hanh va muc do anh huong cua tram.","2024-11-09T22:27:39.3645313",
82,"MT-00082",95,83,82,9,9,"Low","Closed","Xu ly su co ERR-00082","Len lich kiem tra thiet bi theo log van hanh va muc do anh huong cua tram.","2024-11-20T22:27:39.3645313","2024-11-22T12:27:39.3645313"
83,"MT-00083",95,84,83,9,9,"Low","Closed","Xu ly su co ERR-00083","Len lich kiem tra thiet bi theo log van hanh va muc do anh huong cua tram.","2024-12-01T22:27:39.3645313","2024-12-03T13:27:39.3645313"
84,"MT-00084",97,85,84,9,9,"High","Closed","Xu ly su co ERR-00084","Len lich kiem tra thiet bi theo log van hanh va muc do anh huong cua tram.","2024-12-12T22:27:39.3645313","2024-12-14T14:27:39.3645313"
85,"MT-00085",97,86,85,9,9,"Critical","Closed","Xu ly su co ERR-00085","Len lich kiem tra thiet bi theo log van hanh va muc do anh huong cua tram.","2024-12-23T22:27:39.3645313","2024-12-25T15:27:39.3645313"
86,"MT-00086",99,87,86,9,9,"Low","Closed","Xu ly su co ERR-00086","Len lich kiem tra thiet bi theo log van hanh va muc do anh huong cua tram.","2025-01-03T22:27:39.3645313","2025-01-05T16:27:39.3645313"
87,"MT-00087",99,88,87,9,9,"Medium","Closed","Xu ly su co ERR-00087","Len lich kiem tra thiet bi theo log van hanh va muc do anh huong cua tram.","2025-01-14T22:27:39.3645313","2025-01-16T17:27:39.3645313"
88,"MT-00088",100,89,88,9,9,"Low","Closed","Xu ly su co ERR-00088","Len lich kiem tra thiet bi theo log van hanh va muc do anh huong cua tram.","2025-01-25T22:27:39.3645313","2025-01-27T18:27:39.3645313"
89,"MT-00089",100,90,89,9,9,"Low","Closed","Xu ly su co ERR-00089","Len lich kiem tra thiet bi theo log van hanh va muc do anh huong cua tram.","2025-02-05T22:27:39.3645313","2025-02-07T19:27:39.3645313"
90,"MT-00090",100,91,90,9,9,"Medium","InProgress","Xu ly su co ERR-00090","Len lich kiem tra thiet bi theo log van hanh va muc do anh huong cua tram.","2025-02-16T22:27:39.3645313",
91,"MT-00091",96,92,91,9,9,"High","Closed","Xu ly su co ERR-00091","Len lich kiem tra thiet bi theo log van hanh va muc do anh huong cua tram.","2025-02-27T22:27:39.3645313","2025-03-01T21:27:39.3645313"
92,"MT-00092",96,93,92,9,9,"Low","Closed","Xu ly su co ERR-00092","Len lich kiem tra thiet bi theo log van hanh va muc do anh huong cua tram.","2025-03-10T22:27:39.3645313","2025-03-12T22:27:39.3645313"
93,"MT-00093",96,94,93,9,9,"Medium","Closed","Xu ly su co ERR-00093","Len lich kiem tra thiet bi theo log van hanh va muc do anh huong cua tram.","2025-03-21T22:27:39.3645313","2025-03-23T23:27:39.3645313"
94,"MT-00094",94,95,94,9,9,"Low","Closed","Xu ly su co ERR-00094","Len lich kiem tra thiet bi theo log van hanh va muc do anh huong cua tram.","2025-04-01T22:27:39.3645313","2025-04-04T00:27:39.3645313"
95,"MT-00095",94,96,95,9,9,"Low","Closed","Xu ly su co ERR-00095","Len lich kiem tra thiet bi theo log van hanh va muc do anh huong cua tram.","2025-04-12T22:27:39.3645313","2025-04-15T01:27:39.3645313"
96,"MT-00096",94,97,96,9,9,"Medium","Closed","Xu ly su co ERR-00096","Len lich kiem tra thiet bi theo log van hanh va muc do anh huong cua tram.","2025-04-23T22:27:39.3645313","2025-04-24T02:27:39.3645313"
97,"MT-00097",92,98,97,9,9,"Low","Closed","Xu ly su co ERR-00097","Len lich kiem tra thiet bi theo log van hanh va muc do anh huong cua tram.","2025-05-04T22:27:39.3645313","2025-05-05T03:27:39.3645313"
98,"MT-00098",92,99,98,9,9,"High","Closed","Xu ly su co ERR-00098","Len lich kiem tra thiet bi theo log van hanh va muc do anh huong cua tram.","2025-05-15T22:27:39.3645313","2025-05-16T04:27:39.3645313"
99,"MT-00099",92,100,99,9,9,"Medium","InProgress","Xu ly su co ERR-00099","Len lich kiem tra thiet bi theo log van hanh va muc do anh huong cua tram.","2025-05-26T22:27:39.3645313",
100,"MT-00100",69,101,100,9,9,"Low","Closed","Xu ly su co ERR-00100","Len lich kiem tra thiet bi theo log van hanh va muc do anh huong cua tram.","2025-06-06T22:27:39.3645313","2025-06-07T06:27:39.3645313"
101,"MT-00101",69,102,101,9,9,"Low","Closed","Xu ly su co ERR-00101","Len lich kiem tra thiet bi theo log van hanh va muc do anh huong cua tram.","2025-06-17T22:27:39.3645313","2025-06-18T07:27:39.3645313"
102,"MT-00102",69,103,102,9,9,"Critical","Closed","Xu ly su co ERR-00102","Len lich kiem tra thiet bi theo log van hanh va muc do anh huong cua tram.","2025-06-28T22:27:39.3645313","2025-06-29T08:27:39.3645313"
103,"MT-00103",90,104,103,9,9,"Low","Closed","Xu ly su co ERR-00103","Len lich kiem tra thiet bi theo log van hanh va muc do anh huong cua tram.","2025-07-09T22:27:39.3645313","2025-07-10T09:27:39.3645313"
104,"MT-00104",90,105,104,9,9,"Low","Closed","Xu ly su co ERR-00104","Len lich kiem tra thiet bi theo log van hanh va muc do anh huong cua tram.","2025-07-20T22:27:39.3645313","2025-07-21T10:27:39.3645313"
105,"MT-00105",90,106,105,9,9,"High","Closed","Xu ly su co ERR-00105","Len lich kiem tra thiet bi theo log van hanh va muc do anh huong cua tram.","2025-07-31T22:27:39.3645313","2025-08-01T11:27:39.3645313"
106,"MT-00106",88,107,106,9,9,"Low","Closed","Xu ly su co ERR-00106","Len lich kiem tra thiet bi theo log van hanh va muc do anh huong cua tram.","2025-08-11T22:27:39.3645313","2025-08-12T12:27:39.3645313"
107,"MT-00107",88,108,107,9,9,"Low","Closed","Xu ly su co ERR-00107","Len lich kiem tra thiet bi theo log van hanh va muc do anh huong cua tram.","2025-08-22T22:27:39.3645313","2025-08-23T13:27:39.3645313"
108,"MT-00108",88,109,108,9,9,"Medium","InProgress","Xu ly su co ERR-00108","Len lich kiem tra thiet bi theo log van hanh va muc do anh huong cua tram.","2025-09-02T22:27:39.3645313",
109,"MT-00109",86,110,109,9,9,"Low","Closed","Xu ly su co ERR-00109","Len lich kiem tra thiet bi theo log van hanh va muc do anh huong cua tram.","2025-09-13T22:27:39.3645313","2025-09-14T15:27:39.3645313"
110,"MT-00110",86,111,110,9,9,"Low","Closed","Xu ly su co ERR-00110","Len lich kiem tra thiet bi theo log van hanh va muc do anh huong cua tram.","2025-09-24T22:27:39.3645313","2025-09-25T16:27:39.3645313"
111,"MT-00111",86,112,111,9,9,"Medium","Closed","Xu ly su co ERR-00111","Len lich kiem tra thiet bi theo log van hanh va muc do anh huong cua tram.","2025-10-05T22:27:39.3645313","2025-10-06T17:27:39.3645313"
112,"MT-00112",84,113,112,9,9,"High","Closed","Xu ly su co ERR-00112","Len lich kiem tra thiet bi theo log van hanh va muc do anh huong cua tram.","2025-10-16T22:27:39.3645313","2025-10-17T18:27:39.3645313"
113,"MT-00113",84,114,113,9,9,"Low","Closed","Xu ly su co ERR-00113","Len lich kiem tra thiet bi theo log van hanh va muc do anh huong cua tram.","2025-10-27T22:27:39.3645313","2025-10-28T19:27:39.3645313"
114,"MT-00114",84,115,114,9,9,"Medium","Closed","Xu ly su co ERR-00114","Len lich kiem tra thiet bi theo log van hanh va muc do anh huong cua tram.","2025-11-07T22:27:39.3645313","2025-11-08T20:27:39.3645313"
115,"MT-00115",82,116,115,9,9,"Low","Closed","Xu ly su co ERR-00115","Len lich kiem tra thiet bi theo log van hanh va muc do anh huong cua tram.","2025-11-18T22:27:39.3645313","2025-11-19T21:27:39.3645313"
116,"MT-00116",82,117,116,9,9,"Low","Closed","Xu ly su co ERR-00116","Len lich kiem tra thiet bi theo log van hanh va muc do anh huong cua tram.","2025-11-29T22:27:39.3645313","2025-11-30T22:27:39.3645313"
117,"MT-00117",82,118,117,9,9,"Medium","InProgress","Xu ly su co ERR-00117","Len lich kiem tra thiet bi theo log van hanh va muc do anh huong cua tram.","2025-12-10T22:27:39.3645313",
118,"MT-00118",79,119,118,9,9,"Low","Closed","Xu ly su co ERR-00118","Len lich kiem tra thiet bi theo log van hanh va muc do anh huong cua tram.","2025-12-21T22:27:39.3645313","2025-12-23T00:27:39.3645313"
119,"MT-00119",79,120,119,9,9,"Critical","Closed","Xu ly su co ERR-00119","Len lich kiem tra thiet bi theo log van hanh va muc do anh huong cua tram.","2026-01-01T22:27:39.3645313","2026-01-03T01:27:39.3645313"
120,"MT-00120",79,121,120,9,9,"Medium","Closed","Xu ly su co ERR-00120","Len lich kiem tra thiet bi theo log van hanh va muc do anh huong cua tram.","2026-01-12T22:27:39.3645313","2026-01-14T02:27:39.3645313"
121,"MT-00121",77,122,121,9,9,"Low","Closed","Xu ly su co ERR-00121","Len lich kiem tra thiet bi theo log van hanh va muc do anh huong cua tram.","2026-01-23T22:27:39.3645313","2026-01-25T03:27:39.3645313"
122,"MT-00122",77,123,122,9,9,"Low","Closed","Xu ly su co ERR-00122","Len lich kiem tra thiet bi theo log van hanh va muc do anh huong cua tram.","2026-02-03T22:27:39.3645313","2026-02-05T04:27:39.3645313"
123,"MT-00123",77,124,123,9,9,"Medium","Closed","Xu ly su co ERR-00123","Len lich kiem tra thiet bi theo log van hanh va muc do anh huong cua tram.","2026-02-14T22:27:39.3645313","2026-02-16T05:27:39.3645313"
124,"MT-00124",71,125,124,9,9,"Low","Closed","Xu ly su co ERR-00124","Len lich kiem tra thiet bi theo log van hanh va muc do anh huong cua tram.","2026-02-25T22:27:39.3645313","2026-02-27T06:27:39.3645313"
125,"MT-00125",71,126,125,9,9,"Low","Closed","Xu ly su co ERR-00125","Len lich kiem tra thiet bi theo log van hanh va muc do anh huong cua tram.","2026-03-08T22:27:39.3645313","2026-03-10T07:27:39.3645313"
126,"MT-00126",71,127,126,9,9,"High","InProgress","Xu ly su co ERR-00126","Len lich kiem tra thiet bi theo log van hanh va muc do anh huong cua tram.","2026-03-19T22:27:39.3645313",
127,"MT-00127",72,128,127,9,9,"Low","Closed","Xu ly su co ERR-00127","Len lich kiem tra thiet bi theo log van hanh va muc do anh huong cua tram.","2026-03-30T22:27:39.3645313","2026-04-01T09:27:39.3645313"
128,"MT-00128",72,129,128,9,9,"Low","Closed","Xu ly su co ERR-00128","Len lich kiem tra thiet bi theo log van hanh va muc do anh huong cua tram.","2026-04-10T22:27:39.3645313","2026-04-12T10:27:39.3645313"
129,"MT-00129",72,130,129,9,9,"Medium","Closed","Xu ly su co ERR-00129","Len lich kiem tra thiet bi theo log van hanh va muc do anh huong cua tram.","2026-04-21T22:27:39.3645313","2026-04-23T11:27:39.3645313"
130,"MT-00130",66,131,130,9,9,"Low","Closed","Xu ly su co ERR-00130","Len lich kiem tra thiet bi theo log van hanh va muc do anh huong cua tram.","2026-05-02T22:27:39.3645313","2026-05-04T12:27:39.3645313"
131,"MT-00131",66,132,131,9,9,"Low","Closed","Xu ly su co ERR-00131","Len lich kiem tra thiet bi theo log van hanh va muc do anh huong cua tram.","2026-05-13T22:27:39.3645313","2026-05-15T13:27:39.3645313"
132,"MT-00132",66,133,132,9,9,"Medium","Closed","Xu ly su co ERR-00132","Len lich kiem tra thiet bi theo log van hanh va muc do anh huong cua tram.","2026-05-24T22:27:39.3645313","2026-05-26T14:27:39.3645313"
133,"MT-00133",63,134,133,9,9,"High","Closed","Xu ly su co ERR-00133","Len lich kiem tra thiet bi theo log van hanh va muc do anh huong cua tram.","2024-06-04T22:27:39.3645313","2024-06-06T15:27:39.3645313"
134,"MT-00134",63,135,134,9,9,"Low","Closed","Xu ly su co ERR-00134","Len lich kiem tra thiet bi theo log van hanh va muc do anh huong cua tram.","2024-06-15T22:27:39.3645313","2024-06-17T16:27:39.3645313"
135,"MT-00135",63,136,135,9,9,"Medium","InProgress","Xu ly su co ERR-00135","Len lich kiem tra thiet bi theo log van hanh va muc do anh huong cua tram.","2024-06-26T22:27:39.3645313",
136,"MT-00136",64,137,136,9,9,"Critical","Closed","Xu ly su co ERR-00136","Len lich kiem tra thiet bi theo log van hanh va muc do anh huong cua tram.","2024-07-07T22:27:39.3645313","2024-07-09T18:27:39.3645313"
137,"MT-00137",64,138,137,9,9,"Low","Closed","Xu ly su co ERR-00137","Len lich kiem tra thiet bi theo log van hanh va muc do anh huong cua tram.","2024-07-18T22:27:39.3645313","2024-07-20T19:27:39.3645313"
138,"MT-00138",64,139,138,9,9,"Medium","Closed","Xu ly su co ERR-00138","Len lich kiem tra thiet bi theo log van hanh va muc do anh huong cua tram.","2024-07-29T22:27:39.3645313","2024-07-31T20:27:39.3645313"
139,"MT-00139",61,140,139,9,9,"Low","Closed","Xu ly su co ERR-00139","Len lich kiem tra thiet bi theo log van hanh va muc do anh huong cua tram.","2024-08-09T22:27:39.3645313","2024-08-11T21:27:39.3645313"
140,"MT-00140",61,141,140,9,9,"High","Closed","Xu ly su co ERR-00140","Len lich kiem tra thiet bi theo log van hanh va muc do anh huong cua tram.","2024-08-20T22:27:39.3645313","2024-08-22T22:27:39.3645313"
141,"MT-00141",61,142,141,9,9,"Medium","Closed","Xu ly su co ERR-00141","Len lich kiem tra thiet bi theo log van hanh va muc do anh huong cua tram.","2024-08-31T22:27:39.3645313","2024-09-02T23:27:39.3645313"
142,"MT-00142",58,143,142,9,9,"Low","Closed","Xu ly su co ERR-00142","Len lich kiem tra thiet bi theo log van hanh va muc do anh huong cua tram.","2024-09-11T22:27:39.3645313","2024-09-14T00:27:39.3645313"
143,"MT-00143",58,144,143,9,9,"Low","Closed","Xu ly su co ERR-00143","Len lich kiem tra thiet bi theo log van hanh va muc do anh huong cua tram.","2024-09-22T22:27:39.3645313","2024-09-25T01:27:39.3645313"
144,"MT-00144",58,145,144,9,9,"Medium","InProgress","Xu ly su co ERR-00144","Len lich kiem tra thiet bi theo log van hanh va muc do anh huong cua tram.","2024-10-03T22:27:39.3645313",
145,"MT-00145",56,146,145,9,9,"Low","Closed","Xu ly su co ERR-00145","Len lich kiem tra thiet bi theo log van hanh va muc do anh huong cua tram.","2024-10-14T22:27:39.3645313","2024-10-15T03:27:39.3645313"
146,"MT-00146",56,147,146,9,9,"Low","Closed","Xu ly su co ERR-00146","Len lich kiem tra thiet bi theo log van hanh va muc do anh huong cua tram.","2024-10-25T22:27:39.3645313","2024-10-26T04:27:39.3645313"
147,"MT-00147",56,148,147,9,9,"High","Closed","Xu ly su co ERR-00147","Len lich kiem tra thiet bi theo log van hanh va muc do anh huong cua tram.","2024-11-05T22:27:39.3645313","2024-11-06T05:27:39.3645313"
148,"MT-00148",49,149,148,9,9,"Low","Closed","Xu ly su co ERR-00148","Len lich kiem tra thiet bi theo log van hanh va muc do anh huong cua tram.","2024-11-16T22:27:39.3645313","2024-11-17T06:27:39.3645313"
149,"MT-00149",49,150,149,9,9,"Low","Closed","Xu ly su co ERR-00149","Len lich kiem tra thiet bi theo log van hanh va muc do anh huong cua tram.","2024-11-27T22:27:39.3645313","2024-11-28T07:27:39.3645313"
150,"MT-00150",49,151,150,9,9,"Medium","Closed","Xu ly su co ERR-00150","Len lich kiem tra thiet bi theo log van hanh va muc do anh huong cua tram.","2024-12-08T22:27:39.3645313","2024-12-09T08:27:39.3645313"
151,"MT-00151",54,152,151,9,9,"Low","Closed","Xu ly su co ERR-00151","Len lich kiem tra thiet bi theo log van hanh va muc do anh huong cua tram.","2024-12-19T22:27:39.3645313","2024-12-20T09:27:39.3645313"
152,"MT-00152",54,153,152,9,9,"Low","Closed","Xu ly su co ERR-00152","Len lich kiem tra thiet bi theo log van hanh va muc do anh huong cua tram.","2024-12-30T22:27:39.3645313","2024-12-31T10:27:39.3645313"
153,"MT-00153",54,154,153,9,9,"Critical","InProgress","Xu ly su co ERR-00153","Len lich kiem tra thiet bi theo log van hanh va muc do anh huong cua tram.","2025-01-10T22:27:39.3645313",
154,"MT-00154",51,155,154,9,9,"High","Closed","Xu ly su co ERR-00154","Len lich kiem tra thiet bi theo log van hanh va muc do anh huong cua tram.","2025-01-21T22:27:39.3645313","2025-01-22T12:27:39.3645313"
155,"MT-00155",51,156,155,9,9,"Low","Closed","Xu ly su co ERR-00155","Len lich kiem tra thiet bi theo log van hanh va muc do anh huong cua tram.","2025-02-01T22:27:39.3645313","2025-02-02T13:27:39.3645313"
156,"MT-00156",51,157,156,9,9,"Medium","Closed","Xu ly su co ERR-00156","Len lich kiem tra thiet bi theo log van hanh va muc do anh huong cua tram.","2025-02-12T22:27:39.3645313","2025-02-13T14:27:39.3645313"
157,"MT-00157",47,158,157,9,9,"Low","Closed","Xu ly su co ERR-00157","Len lich kiem tra thiet bi theo log van hanh va muc do anh huong cua tram.","2025-02-23T22:27:39.3645313","2025-02-24T15:27:39.3645313"
158,"MT-00158",47,159,158,9,9,"Low","Closed","Xu ly su co ERR-00158","Len lich kiem tra thiet bi theo log van hanh va muc do anh huong cua tram.","2025-03-06T22:27:39.3645313","2025-03-07T16:27:39.3645313"
159,"MT-00159",47,160,159,9,9,"Medium","Closed","Xu ly su co ERR-00159","Len lich kiem tra thiet bi theo log van hanh va muc do anh huong cua tram.","2025-03-17T22:27:39.3645313","2025-03-18T17:27:39.3645313"
160,"MT-00160",45,161,160,9,9,"Low","Closed","Xu ly su co ERR-00160","Len lich kiem tra thiet bi theo log van hanh va muc do anh huong cua tram.","2025-03-28T22:27:39.3645313","2025-03-29T18:27:39.3645313"
161,"MT-00161",45,162,161,9,9,"High","Closed","Xu ly su co ERR-00161","Len lich kiem tra thiet bi theo log van hanh va muc do anh huong cua tram.","2025-04-08T22:27:39.3645313","2025-04-09T19:27:39.3645313"
162,"MT-00162",45,163,162,9,9,"Medium","InProgress","Xu ly su co ERR-00162","Len lich kiem tra thiet bi theo log van hanh va muc do anh huong cua tram.","2025-04-19T22:27:39.3645313",
163,"MT-00163",43,164,163,9,9,"Low","Closed","Xu ly su co ERR-00163","Len lich kiem tra thiet bi theo log van hanh va muc do anh huong cua tram.","2025-04-30T22:27:39.3645313","2025-05-01T21:27:39.3645313"
164,"MT-00164",43,165,164,9,9,"Low","Closed","Xu ly su co ERR-00164","Len lich kiem tra thiet bi theo log van hanh va muc do anh huong cua tram.","2025-05-11T22:27:39.3645313","2025-05-12T22:27:39.3645313"
165,"MT-00165",43,166,165,9,9,"Medium","Closed","Xu ly su co ERR-00165","Len lich kiem tra thiet bi theo log van hanh va muc do anh huong cua tram.","2025-05-22T22:27:39.3645313","2025-05-23T23:27:39.3645313"
166,"MT-00166",40,167,166,9,9,"Low","Closed","Xu ly su co ERR-00166","Len lich kiem tra thiet bi theo log van hanh va muc do anh huong cua tram.","2025-06-02T22:27:39.3645313","2025-06-04T00:27:39.3645313"
167,"MT-00167",40,168,167,9,9,"Low","Closed","Xu ly su co ERR-00167","Len lich kiem tra thiet bi theo log van hanh va muc do anh huong cua tram.","2025-06-13T22:27:39.3645313","2025-06-15T01:27:39.3645313"
168,"MT-00168",40,169,168,9,9,"High","Closed","Xu ly su co ERR-00168","Len lich kiem tra thiet bi theo log van hanh va muc do anh huong cua tram.","2025-06-24T22:27:39.3645313","2025-06-26T02:27:39.3645313"
169,"MT-00169",41,170,169,9,9,"Low","Closed","Xu ly su co ERR-00169","Len lich kiem tra thiet bi theo log van hanh va muc do anh huong cua tram.","2025-07-05T22:27:39.3645313","2025-07-07T03:27:39.3645313"
170,"MT-00170",41,171,170,9,9,"Critical","Closed","Xu ly su co ERR-00170","Len lich kiem tra thiet bi theo log van hanh va muc do anh huong cua tram.","2025-07-16T22:27:39.3645313","2025-07-18T04:27:39.3645313"
171,"MT-00171",41,172,171,9,9,"Medium","InProgress","Xu ly su co ERR-00171","Len lich kiem tra thiet bi theo log van hanh va muc do anh huong cua tram.","2025-07-27T22:27:39.3645313",
172,"MT-00172",36,173,172,9,9,"Low","Closed","Xu ly su co ERR-00172","Len lich kiem tra thiet bi theo log van hanh va muc do anh huong cua tram.","2025-08-07T22:27:39.3645313","2025-08-09T06:27:39.3645313"
173,"MT-00173",36,174,173,9,9,"Low","Closed","Xu ly su co ERR-00173","Len lich kiem tra thiet bi theo log van hanh va muc do anh huong cua tram.","2025-08-18T22:27:39.3645313","2025-08-20T07:27:39.3645313"
174,"MT-00174",36,175,174,9,9,"Medium","Closed","Xu ly su co ERR-00174","Len lich kiem tra thiet bi theo log van hanh va muc do anh huong cua tram.","2025-08-29T22:27:39.3645313","2025-08-31T08:27:39.3645313"
175,"MT-00175",33,176,175,9,9,"High","Closed","Xu ly su co ERR-00175","Len lich kiem tra thiet bi theo log van hanh va muc do anh huong cua tram.","2025-09-09T22:27:39.3645313","2025-09-11T09:27:39.3645313"
176,"MT-00176",33,177,176,9,9,"Low","Closed","Xu ly su co ERR-00176","Len lich kiem tra thiet bi theo log van hanh va muc do anh huong cua tram.","2025-09-20T22:27:39.3645313","2025-09-22T10:27:39.3645313"
177,"MT-00177",33,178,177,9,9,"Medium","Closed","Xu ly su co ERR-00177","Len lich kiem tra thiet bi theo log van hanh va muc do anh huong cua tram.","2025-10-01T22:27:39.3645313","2025-10-03T11:27:39.3645313"
178,"MT-00178",31,179,178,9,9,"Low","Closed","Xu ly su co ERR-00178","Len lich kiem tra thiet bi theo log van hanh va muc do anh huong cua tram.","2025-10-12T22:27:39.3645313","2025-10-14T12:27:39.3645313"
179,"MT-00179",31,180,179,9,9,"Low","Closed","Xu ly su co ERR-00179","Len lich kiem tra thiet bi theo log van hanh va muc do anh huong cua tram.","2025-10-23T22:27:39.3645313","2025-10-25T13:27:39.3645313"
180,"MT-00180",31,181,180,9,9,"Medium","InProgress","Xu ly su co ERR-00180","Len lich kiem tra thiet bi theo log van hanh va muc do anh huong cua tram.","2025-11-03T22:27:39.3645313",
181,"MT-00181",9,182,181,9,9,"Low","Closed","Xu ly su co ERR-00181","Len lich kiem tra thiet bi theo log van hanh va muc do anh huong cua tram.","2025-11-14T22:27:39.3645313","2025-11-16T15:27:39.3645313"
182,"MT-00182",9,183,182,9,9,"High","Closed","Xu ly su co ERR-00182","Len lich kiem tra thiet bi theo log van hanh va muc do anh huong cua tram.","2025-11-25T22:27:39.3645313","2025-11-27T16:27:39.3645313"
183,"MT-00183",9,184,183,9,9,"Medium","Closed","Xu ly su co ERR-00183","Len lich kiem tra thiet bi theo log van hanh va muc do anh huong cua tram.","2025-12-06T22:27:39.3645313","2025-12-08T17:27:39.3645313"
184,"MT-00184",29,185,184,9,9,"Low","Closed","Xu ly su co ERR-00184","Len lich kiem tra thiet bi theo log van hanh va muc do anh huong cua tram.","2025-12-17T22:27:39.3645313","2025-12-19T18:27:39.3645313"
185,"MT-00185",29,186,185,9,9,"Low","Closed","Xu ly su co ERR-00185","Len lich kiem tra thiet bi theo log van hanh va muc do anh huong cua tram.","2025-12-28T22:27:39.3645313","2025-12-30T19:27:39.3645313"
186,"MT-00186",29,187,186,9,9,"Medium","Closed","Xu ly su co ERR-00186","Len lich kiem tra thiet bi theo log van hanh va muc do anh huong cua tram.","2026-01-08T22:27:39.3645313","2026-01-10T20:27:39.3645313"
187,"MT-00187",27,188,187,9,9,"Critical","Closed","Xu ly su co ERR-00187","Len lich kiem tra thiet bi theo log van hanh va muc do anh huong cua tram.","2026-01-19T22:27:39.3645313","2026-01-21T21:27:39.3645313"
188,"MT-00188",27,189,188,9,9,"Low","Closed","Xu ly su co ERR-00188","Len lich kiem tra thiet bi theo log van hanh va muc do anh huong cua tram.","2026-01-30T22:27:39.3645313","2026-02-01T22:27:39.3645313"
189,"MT-00189",27,190,189,9,9,"High","InProgress","Xu ly su co ERR-00189","Len lich kiem tra thiet bi theo log van hanh va muc do anh huong cua tram.","2026-02-10T22:27:39.3645313",
190,"MT-00190",25,191,190,9,9,"Low","Closed","Xu ly su co ERR-00190","Len lich kiem tra thiet bi theo log van hanh va muc do anh huong cua tram.","2026-02-21T22:27:39.3645313","2026-02-24T00:27:39.3645313"
191,"MT-00191",25,192,191,9,9,"Low","Closed","Xu ly su co ERR-00191","Len lich kiem tra thiet bi theo log van hanh va muc do anh huong cua tram.","2026-03-04T22:27:39.3645313","2026-03-07T01:27:39.3645313"
192,"MT-00192",25,193,192,9,9,"Medium","Closed","Xu ly su co ERR-00192","Len lich kiem tra thiet bi theo log van hanh va muc do anh huong cua tram.","2026-03-15T22:27:39.3645313","2026-03-16T02:27:39.3645313"
193,"MT-00193",22,194,193,9,9,"Low","Closed","Xu ly su co ERR-00193","Len lich kiem tra thiet bi theo log van hanh va muc do anh huong cua tram.","2026-03-26T22:27:39.3645313","2026-03-27T03:27:39.3645313"
194,"MT-00194",22,195,194,9,9,"Low","Closed","Xu ly su co ERR-00194","Len lich kiem tra thiet bi theo log van hanh va muc do anh huong cua tram.","2026-04-06T22:27:39.3645313","2026-04-07T04:27:39.3645313"
195,"MT-00195",22,196,195,9,9,"Medium","Closed","Xu ly su co ERR-00195","Len lich kiem tra thiet bi theo log van hanh va muc do anh huong cua tram.","2026-04-17T22:27:39.3645313","2026-04-18T05:27:39.3645313"
196,"MT-00196",19,197,196,9,9,"High","Closed","Xu ly su co ERR-00196","Len lich kiem tra thiet bi theo log van hanh va muc do anh huong cua tram.","2026-04-28T22:27:39.3645313","2026-04-29T06:27:39.3645313"
197,"MT-00197",19,198,197,9,9,"Low","Closed","Xu ly su co ERR-00197","Len lich kiem tra thiet bi theo log van hanh va muc do anh huong cua tram.","2026-05-09T22:27:39.3645313","2026-05-10T07:27:39.3645313"
198,"MT-00198",19,199,198,9,9,"Medium","InProgress","Xu ly su co ERR-00198","Len lich kiem tra thiet bi theo log van hanh va muc do anh huong cua tram.","2026-05-20T22:27:39.3645313",
199,"MT-00199",20,200,199,9,9,"Low","Closed","Xu ly su co ERR-00199","Len lich kiem tra thiet bi theo log van hanh va muc do anh huong cua tram.","2026-05-31T22:27:39.3645313","2026-06-01T09:27:39.3645313"
200,"MT-00200",20,201,200,9,9,"Low","Closed","Xu ly su co ERR-00200","Len lich kiem tra thiet bi theo log van hanh va muc do anh huong cua tram.","2024-06-11T22:27:39.3645313","2024-06-12T10:27:39.3645313"
201,"MT-00201",20,202,201,9,9,"Medium","Closed","Xu ly su co ERR-00201","Len lich kiem tra thiet bi theo log van hanh va muc do anh huong cua tram.","2024-06-22T22:27:39.3645313","2024-06-23T11:27:39.3645313"
202,"MT-00202",15,203,202,9,9,"Low","Closed","Xu ly su co ERR-00202","Len lich kiem tra thiet bi theo log van hanh va muc do anh huong cua tram.","2024-07-03T22:27:39.3645313","2024-07-04T12:27:39.3645313"
203,"MT-00203",15,204,203,9,9,"High","Closed","Xu ly su co ERR-00203","Len lich kiem tra thiet bi theo log van hanh va muc do anh huong cua tram.","2024-07-14T22:27:39.3645313","2024-07-15T13:27:39.3645313"
204,"MT-00204",15,205,204,9,9,"Critical","Closed","Xu ly su co ERR-00204","Len lich kiem tra thiet bi theo log van hanh va muc do anh huong cua tram.","2024-07-25T22:27:39.3645313","2024-07-26T14:27:39.3645313"
205,"MT-00205",13,206,205,9,9,"Low","Closed","Xu ly su co ERR-00205","Len lich kiem tra thiet bi theo log van hanh va muc do anh huong cua tram.","2024-08-05T22:27:39.3645313","2024-08-06T15:27:39.3645313"
206,"MT-00206",13,207,206,9,9,"Low","Closed","Xu ly su co ERR-00206","Len lich kiem tra thiet bi theo log van hanh va muc do anh huong cua tram.","2024-08-16T22:27:39.3645313","2024-08-17T16:27:39.3645313"
207,"MT-00207",13,208,207,9,9,"Medium","InProgress","Xu ly su co ERR-00207","Len lich kiem tra thiet bi theo log van hanh va muc do anh huong cua tram.","2024-08-27T22:27:39.3645313",
208,"MT-00208",11,209,208,9,9,"Low","Closed","Xu ly su co ERR-00208","Len lich kiem tra thiet bi theo log van hanh va muc do anh huong cua tram.","2024-09-07T22:27:39.3645313","2024-09-08T18:27:39.3645313"
209,"MT-00209",11,210,209,9,9,"Low","Closed","Xu ly su co ERR-00209","Len lich kiem tra thiet bi theo log van hanh va muc do anh huong cua tram.","2024-09-18T22:27:39.3645313","2024-09-19T19:27:39.3645313"
210,"MT-00210",11,211,210,9,9,"High","Closed","Xu ly su co ERR-00210","Len lich kiem tra thiet bi theo log van hanh va muc do anh huong cua tram.","2024-09-29T22:27:39.3645313","2024-09-30T20:27:39.3645313"
211,"MT-00211",7,212,211,9,9,"Low","Closed","Xu ly su co ERR-00211","Len lich kiem tra thiet bi theo log van hanh va muc do anh huong cua tram.","2024-10-10T22:27:39.3645313","2024-10-11T21:27:39.3645313"
212,"MT-00212",7,213,212,9,9,"Low","Closed","Xu ly su co ERR-00212","Len lich kiem tra thiet bi theo log van hanh va muc do anh huong cua tram.","2024-10-21T22:27:39.3645313","2024-10-22T22:27:39.3645313"
213,"MT-00213",7,214,213,9,9,"Medium","Closed","Xu ly su co ERR-00213","Len lich kiem tra thiet bi theo log van hanh va muc do anh huong cua tram.","2024-11-01T22:27:39.3645313","2024-11-02T23:27:39.3645313"
214,"MT-00214",4,215,214,9,9,"Low","Closed","Xu ly su co ERR-00214","Len lich kiem tra thiet bi theo log van hanh va muc do anh huong cua tram.","2024-11-12T22:27:39.3645313","2024-11-14T00:27:39.3645313"
215,"MT-00215",4,216,215,9,9,"Low","Closed","Xu ly su co ERR-00215","Len lich kiem tra thiet bi theo log van hanh va muc do anh huong cua tram.","2024-11-23T22:27:39.3645313","2024-11-25T01:27:39.3645313"
216,"MT-00216",4,217,216,9,9,"Medium","InProgress","Xu ly su co ERR-00216","Len lich kiem tra thiet bi theo log van hanh va muc do anh huong cua tram.","2024-12-04T22:27:39.3645313",
217,"MT-00217",2,218,217,9,9,"High","Closed","Xu ly su co ERR-00217","Len lich kiem tra thiet bi theo log van hanh va muc do anh huong cua tram.","2024-12-15T22:27:39.3645313","2024-12-17T03:27:39.3645313"
218,"MT-00218",2,219,218,9,9,"Low","Closed","Xu ly su co ERR-00218","Len lich kiem tra thiet bi theo log van hanh va muc do anh huong cua tram.","2024-12-26T22:27:39.3645313","2024-12-28T04:27:39.3645313"
219,"MT-00219",2,220,219,9,9,"Medium","Closed","Xu ly su co ERR-00219","Len lich kiem tra thiet bi theo log van hanh va muc do anh huong cua tram.","2025-01-06T22:27:39.3645313","2025-01-08T05:27:39.3645313"
220,"MT-00220",8,221,220,9,9,"Low","Closed","Xu ly su co ERR-00220","Len lich kiem tra thiet bi theo log van hanh va muc do anh huong cua tram.","2025-01-17T22:27:39.3645313","2025-01-19T06:27:39.3645313"
221,"MT-00221",8,222,221,9,9,"Critical","Closed","Xu ly su co ERR-00221","Len lich kiem tra thiet bi theo log van hanh va muc do anh huong cua tram.","2025-01-28T22:27:39.3645313","2025-01-30T07:27:39.3645313"
222,"MT-00222",8,223,222,9,9,"Medium","Closed","Xu ly su co ERR-00222","Len lich kiem tra thiet bi theo log van hanh va muc do anh huong cua tram.","2025-02-08T22:27:39.3645313","2025-02-10T08:27:39.3645313"
223,"MT-00223",8,224,223,9,9,"Low","Closed","Xu ly su co ERR-00223","Len lich kiem tra thiet bi theo log van hanh va muc do anh huong cua tram.","2025-02-19T22:27:39.3645313","2025-02-21T09:27:39.3645313"
224,"MT-00224",8,225,224,9,9,"High","Closed","Xu ly su co ERR-00224","Len lich kiem tra thiet bi theo log van hanh va muc do anh huong cua tram.","2025-03-02T22:27:39.3645313","2025-03-04T10:27:39.3645313"
225,"MT-00225",17,226,225,9,9,"Medium","InProgress","Xu ly su co ERR-00225","Len lich kiem tra thiet bi theo log van hanh va muc do anh huong cua tram.","2025-03-13T22:27:39.3645313",
226,"MT-00226",17,227,226,9,9,"Low","Closed","Xu ly su co ERR-00226","Len lich kiem tra thiet bi theo log van hanh va muc do anh huong cua tram.","2025-03-24T22:27:39.3645313","2025-03-26T12:27:39.3645313"
227,"MT-00227",17,228,227,9,9,"Low","Closed","Xu ly su co ERR-00227","Len lich kiem tra thiet bi theo log van hanh va muc do anh huong cua tram.","2025-04-04T22:27:39.3645313","2025-04-06T13:27:39.3645313"
228,"MT-00228",17,229,228,9,9,"Medium","Closed","Xu ly su co ERR-00228","Len lich kiem tra thiet bi theo log van hanh va muc do anh huong cua tram.","2025-04-15T22:27:39.3645313","2025-04-17T14:27:39.3645313"
229,"MT-00229",17,230,229,9,9,"Low","Closed","Xu ly su co ERR-00229","Len lich kiem tra thiet bi theo log van hanh va muc do anh huong cua tram.","2025-04-26T22:27:39.3645313","2025-04-28T15:27:39.3645313"
230,"MT-00230",28,231,230,9,9,"Low","Closed","Xu ly su co ERR-00230","Len lich kiem tra thiet bi theo log van hanh va muc do anh huong cua tram.","2025-05-07T22:27:39.3645313","2025-05-09T16:27:39.3645313"
231,"MT-00231",28,232,231,9,9,"High","Closed","Xu ly su co ERR-00231","Len lich kiem tra thiet bi theo log van hanh va muc do anh huong cua tram.","2025-05-18T22:27:39.3645313","2025-05-20T17:27:39.3645313"
232,"MT-00232",28,233,232,9,9,"Low","Closed","Xu ly su co ERR-00232","Len lich kiem tra thiet bi theo log van hanh va muc do anh huong cua tram.","2025-05-29T22:27:39.3645313","2025-05-31T18:27:39.3645313"
233,"MT-00233",28,234,233,9,9,"Low","Closed","Xu ly su co ERR-00233","Len lich kiem tra thiet bi theo log van hanh va muc do anh huong cua tram.","2025-06-09T22:27:39.3645313","2025-06-11T19:27:39.3645313"
234,"MT-00234",28,235,234,9,9,"Medium","InProgress","Xu ly su co ERR-00234","Len lich kiem tra thiet bi theo log van hanh va muc do anh huong cua tram.","2025-06-20T22:27:39.3645313",
235,"MT-00235",38,236,235,9,9,"Low","Closed","Xu ly su co ERR-00235","Len lich kiem tra thiet bi theo log van hanh va muc do anh huong cua tram.","2025-07-01T22:27:39.3645313","2025-07-03T21:27:39.3645313"
236,"MT-00236",38,237,236,9,9,"Low","Closed","Xu ly su co ERR-00236","Len lich kiem tra thiet bi theo log van hanh va muc do anh huong cua tram.","2025-07-12T22:27:39.3645313","2025-07-14T22:27:39.3645313"
237,"MT-00237",38,238,237,9,9,"Medium","Closed","Xu ly su co ERR-00237","Len lich kiem tra thiet bi theo log van hanh va muc do anh huong cua tram.","2025-07-23T22:27:39.3645313","2025-07-25T23:27:39.3645313"
238,"MT-00238",38,239,238,9,9,"Critical","Closed","Xu ly su co ERR-00238","Len lich kiem tra thiet bi theo log van hanh va muc do anh huong cua tram.","2025-08-03T22:27:39.3645313","2025-08-06T00:27:39.3645313"
239,"MT-00239",38,240,239,9,9,"Low","Closed","Xu ly su co ERR-00239","Len lich kiem tra thiet bi theo log van hanh va muc do anh huong cua tram.","2025-08-14T22:27:39.3645313","2025-08-17T01:27:39.3645313"
240,"MT-00240",48,241,240,9,9,"Medium","Closed","Xu ly su co ERR-00240","Len lich kiem tra thiet bi theo log van hanh va muc do anh huong cua tram.","2025-08-25T22:27:39.3645313","2025-08-26T02:27:39.3645313"
241,"MT-00241",48,242,241,9,9,"Low","Closed","Xu ly su co ERR-00241","Len lich kiem tra thiet bi theo log van hanh va muc do anh huong cua tram.","2025-09-05T22:27:39.3645313","2025-09-06T03:27:39.3645313"
242,"MT-00242",48,243,242,9,9,"Low","Closed","Xu ly su co ERR-00242","Len lich kiem tra thiet bi theo log van hanh va muc do anh huong cua tram.","2025-09-16T22:27:39.3645313","2025-09-17T04:27:39.3645313"
243,"MT-00243",48,244,243,9,9,"Medium","InProgress","Xu ly su co ERR-00243","Len lich kiem tra thiet bi theo log van hanh va muc do anh huong cua tram.","2025-09-27T22:27:39.3645313",
244,"MT-00244",48,245,244,9,9,"Low","Closed","Xu ly su co ERR-00244","Len lich kiem tra thiet bi theo log van hanh va muc do anh huong cua tram.","2025-10-08T22:27:39.3645313","2025-10-09T06:27:39.3645313"
245,"MT-00245",53,246,245,9,9,"High","Closed","Xu ly su co ERR-00245","Len lich kiem tra thiet bi theo log van hanh va muc do anh huong cua tram.","2025-10-19T22:27:39.3645313","2025-10-20T07:27:39.3645313"
246,"MT-00246",53,247,246,9,9,"Medium","Closed","Xu ly su co ERR-00246","Len lich kiem tra thiet bi theo log van hanh va muc do anh huong cua tram.","2025-10-30T22:27:39.3645313","2025-10-31T08:27:39.3645313"
247,"MT-00247",53,248,247,9,9,"Low","Closed","Xu ly su co ERR-00247","Len lich kiem tra thiet bi theo log van hanh va muc do anh huong cua tram.","2025-11-10T22:27:39.3645313","2025-11-11T09:27:39.3645313"
248,"MT-00248",53,249,248,9,9,"Low","Closed","Xu ly su co ERR-00248","Len lich kiem tra thiet bi theo log van hanh va muc do anh huong cua tram.","2025-11-21T22:27:39.3645313","2025-11-22T10:27:39.3645313"
249,"MT-00249",53,250,249,9,9,"Medium","Closed","Xu ly su co ERR-00249","Len lich kiem tra thiet bi theo log van hanh va muc do anh huong cua tram.","2025-12-02T22:27:39.3645313","2025-12-03T11:27:39.3645313"
250,"MT-00250",59,251,250,9,9,"Low","Closed","Xu ly su co ERR-00250","Len lich kiem tra thiet bi theo log van hanh va muc do anh huong cua tram.","2025-12-13T22:27:39.3645313","2025-12-14T12:27:39.3645313"
251,"MT-00251",59,252,251,9,9,"Low","Closed","Xu ly su co ERR-00251","Len lich kiem tra thiet bi theo log van hanh va muc do anh huong cua tram.","2025-12-24T22:27:39.3645313","2025-12-25T13:27:39.3645313"
252,"MT-00252",59,253,252,9,9,"High","InProgress","Xu ly su co ERR-00252","Len lich kiem tra thiet bi theo log van hanh va muc do anh huong cua tram.","2026-01-04T22:27:39.3645313",
253,"MT-00253",59,254,253,9,9,"Low","Closed","Xu ly su co ERR-00253","Len lich kiem tra thiet bi theo log van hanh va muc do anh huong cua tram.","2026-01-15T22:27:39.3645313","2026-01-16T15:27:39.3645313"
254,"MT-00254",59,255,254,9,9,"Low","Closed","Xu ly su co ERR-00254","Len lich kiem tra thiet bi theo log van hanh va muc do anh huong cua tram.","2026-01-26T22:27:39.3645313","2026-01-27T16:27:39.3645313"
255,"MT-00255",68,256,255,9,9,"Critical","Closed","Xu ly su co ERR-00255","Len lich kiem tra thiet bi theo log van hanh va muc do anh huong cua tram.","2026-02-06T22:27:39.3645313","2026-02-07T17:27:39.3645313"
256,"MT-00256",68,257,256,9,9,"Low","Closed","Xu ly su co ERR-00256","Len lich kiem tra thiet bi theo log van hanh va muc do anh huong cua tram.","2026-02-17T22:27:39.3645313","2026-02-18T18:27:39.3645313"
257,"MT-00257",68,258,257,9,9,"Low","Closed","Xu ly su co ERR-00257","Len lich kiem tra thiet bi theo log van hanh va muc do anh huong cua tram.","2026-02-28T22:27:39.3645313","2026-03-01T19:27:39.3645313"
258,"MT-00258",68,259,258,9,9,"Medium","Closed","Xu ly su co ERR-00258","Len lich kiem tra thiet bi theo log van hanh va muc do anh huong cua tram.","2026-03-11T22:27:39.3645313","2026-03-12T20:27:39.3645313"
259,"MT-00259",68,260,259,9,9,"High","Closed","Xu ly su co ERR-00259","Len lich kiem tra thiet bi theo log van hanh va muc do anh huong cua tram.","2026-03-22T22:27:39.3645313","2026-03-23T21:27:39.3645313"
260,"MT-00260",74,261,260,9,9,"Low","Closed","Xu ly su co ERR-00260","Len lich kiem tra thiet bi theo log van hanh va muc do anh huong cua tram.","2026-04-02T22:27:39.3645313","2026-04-03T22:27:39.3645313"
261,"MT-00261",74,262,261,9,9,"Medium","InProgress","Xu ly su co ERR-00261","Len lich kiem tra thiet bi theo log van hanh va muc do anh huong cua tram.","2026-04-13T22:27:39.3645313",
262,"MT-00262",74,263,262,9,9,"Low","Closed","Xu ly su co ERR-00262","Len lich kiem tra thiet bi theo log van hanh va muc do anh huong cua tram.","2026-04-24T22:27:39.3645313","2026-04-26T00:27:39.3645313"
263,"MT-00263",74,264,263,9,9,"Low","Closed","Xu ly su co ERR-00263","Len lich kiem tra thiet bi theo log van hanh va muc do anh huong cua tram.","2026-05-05T22:27:39.3645313","2026-05-07T01:27:39.3645313"
264,"MT-00264",74,265,264,9,9,"Medium","Closed","Xu ly su co ERR-00264","Len lich kiem tra thiet bi theo log van hanh va muc do anh huong cua tram.","2026-05-16T22:27:39.3645313","2026-05-18T02:27:39.3645313"
265,"MT-00265",80,266,265,9,9,"Low","Closed","Xu ly su co ERR-00265","Len lich kiem tra thiet bi theo log van hanh va muc do anh huong cua tram.","2026-05-27T22:27:39.3645313","2026-05-29T03:27:39.3645313"
266,"MT-00266",80,267,266,9,9,"High","Closed","Xu ly su co ERR-00266","Len lich kiem tra thiet bi theo log van hanh va muc do anh huong cua tram.","2024-06-07T22:27:39.3645313","2024-06-09T04:27:39.3645313"
267,"MT-00267",80,268,267,9,9,"Medium","Closed","Xu ly su co ERR-00267","Len lich kiem tra thiet bi theo log van hanh va muc do anh huong cua tram.","2024-06-18T22:27:39.3645313","2024-06-20T05:27:39.3645313"
268,"MT-00268",80,269,268,9,9,"Low","Closed","Xu ly su co ERR-00268","Len lich kiem tra thiet bi theo log van hanh va muc do anh huong cua tram.","2024-06-29T22:27:39.3645313","2024-07-01T06:27:39.3645313"
269,"MT-00269",80,270,269,9,9,"Low","Closed","Xu ly su co ERR-00269","Len lich kiem tra thiet bi theo log van hanh va muc do anh huong cua tram.","2024-07-10T22:27:39.3645313","2024-07-12T07:27:39.3645313"
270,"MT-00270",89,271,270,9,9,"Medium","InProgress","Xu ly su co ERR-00270","Len lich kiem tra thiet bi theo log van hanh va muc do anh huong cua tram.","2024-07-21T22:27:39.3645313",
271,"MT-00271",89,272,271,9,9,"Low","Closed","Xu ly su co ERR-00271","Len lich kiem tra thiet bi theo log van hanh va muc do anh huong cua tram.","2024-08-01T22:27:39.3645313","2024-08-03T09:27:39.3645313"
272,"MT-00272",89,273,272,9,9,"Critical","Closed","Xu ly su co ERR-00272","Len lich kiem tra thiet bi theo log van hanh va muc do anh huong cua tram.","2024-08-12T22:27:39.3645313","2024-08-14T10:27:39.3645313"
273,"MT-00273",89,274,273,9,9,"High","Closed","Xu ly su co ERR-00273","Len lich kiem tra thiet bi theo log van hanh va muc do anh huong cua tram.","2024-08-23T22:27:39.3645313","2024-08-25T11:27:39.3645313"
274,"MT-00274",89,275,274,9,9,"Low","Closed","Xu ly su co ERR-00274","Len lich kiem tra thiet bi theo log van hanh va muc do anh huong cua tram.","2024-09-03T22:27:39.3645313","2024-09-05T12:27:39.3645313"
275,"MT-00275",98,276,275,9,9,"Low","Closed","Xu ly su co ERR-00275","Len lich kiem tra thiet bi theo log van hanh va muc do anh huong cua tram.","2024-09-14T22:27:39.3645313","2024-09-16T13:27:39.3645313"
276,"MT-00276",98,277,276,9,9,"Medium","Closed","Xu ly su co ERR-00276","Len lich kiem tra thiet bi theo log van hanh va muc do anh huong cua tram.","2024-09-25T22:27:39.3645313","2024-09-27T14:27:39.3645313"
277,"MT-00277",98,278,277,9,9,"Low","Closed","Xu ly su co ERR-00277","Len lich kiem tra thiet bi theo log van hanh va muc do anh huong cua tram.","2024-10-06T22:27:39.3645313","2024-10-08T15:27:39.3645313"
278,"MT-00278",98,279,278,9,9,"Low","Closed","Xu ly su co ERR-00278","Len lich kiem tra thiet bi theo log van hanh va muc do anh huong cua tram.","2024-10-17T22:27:39.3645313","2024-10-19T16:27:39.3645313"
279,"MT-00279",98,280,279,9,9,"Medium","InProgress","Xu ly su co ERR-00279","Len lich kiem tra thiet bi theo log van hanh va muc do anh huong cua tram.","2024-10-28T22:27:39.3645313",
280,"MT-00280",1,1,280,9,9,"High","Closed","Xu ly su co ERR-00280","Len lich kiem tra thiet bi theo log van hanh va muc do anh huong cua tram.","2024-11-08T22:27:39.3645313","2024-11-10T18:27:39.3645313"
281,"MT-00281",1,2,281,9,9,"Low","Closed","Xu ly su co ERR-00281","Len lich kiem tra thiet bi theo log van hanh va muc do anh huong cua tram.","2024-11-19T22:27:39.3645313","2024-11-21T19:27:39.3645313"
282,"MT-00282",3,3,282,9,9,"Medium","Closed","Xu ly su co ERR-00282","Len lich kiem tra thiet bi theo log van hanh va muc do anh huong cua tram.","2024-11-30T22:27:39.3645313","2024-12-02T20:27:39.3645313"
283,"MT-00283",3,4,283,9,9,"Low","Closed","Xu ly su co ERR-00283","Len lich kiem tra thiet bi theo log van hanh va muc do anh huong cua tram.","2024-12-11T22:27:39.3645313","2024-12-13T21:27:39.3645313"
284,"MT-00284",5,5,284,9,9,"Low","Closed","Xu ly su co ERR-00284","Len lich kiem tra thiet bi theo log van hanh va muc do anh huong cua tram.","2024-12-22T22:27:39.3645313","2024-12-24T22:27:39.3645313"
285,"MT-00285",5,6,285,9,9,"Medium","Closed","Xu ly su co ERR-00285","Len lich kiem tra thiet bi theo log van hanh va muc do anh huong cua tram.","2025-01-02T22:27:39.3645313","2025-01-04T23:27:39.3645313"
286,"MT-00286",6,7,286,9,9,"Low","Closed","Xu ly su co ERR-00286","Len lich kiem tra thiet bi theo log van hanh va muc do anh huong cua tram.","2025-01-13T22:27:39.3645313","2025-01-16T00:27:39.3645313"
287,"MT-00287",6,8,287,9,9,"High","Closed","Xu ly su co ERR-00287","Len lich kiem tra thiet bi theo log van hanh va muc do anh huong cua tram.","2025-01-24T22:27:39.3645313","2025-01-27T01:27:39.3645313"
288,"MT-00288",10,9,288,9,9,"Medium","InProgress","Xu ly su co ERR-00288","Len lich kiem tra thiet bi theo log van hanh va muc do anh huong cua tram.","2025-02-04T22:27:39.3645313",
289,"MT-00289",10,10,289,9,9,"Critical","Closed","Xu ly su co ERR-00289","Len lich kiem tra thiet bi theo log van hanh va muc do anh huong cua tram.","2025-02-15T22:27:39.3645313","2025-02-16T03:27:39.3645313"
290,"MT-00290",12,11,290,9,9,"Low","Closed","Xu ly su co ERR-00290","Len lich kiem tra thiet bi theo log van hanh va muc do anh huong cua tram.","2025-02-26T22:27:39.3645313","2025-02-27T04:27:39.3645313"
291,"MT-00291",12,12,291,9,9,"Medium","Closed","Xu ly su co ERR-00291","Len lich kiem tra thiet bi theo log van hanh va muc do anh huong cua tram.","2025-03-09T22:27:39.3645313","2025-03-10T05:27:39.3645313"
292,"MT-00292",14,13,292,9,9,"Low","Closed","Xu ly su co ERR-00292","Len lich kiem tra thiet bi theo log van hanh va muc do anh huong cua tram.","2025-03-20T22:27:39.3645313","2025-03-21T06:27:39.3645313"
293,"MT-00293",14,14,293,9,9,"Low","Closed","Xu ly su co ERR-00293","Len lich kiem tra thiet bi theo log van hanh va muc do anh huong cua tram.","2025-03-31T22:27:39.3645313","2025-04-01T07:27:39.3645313"
294,"MT-00294",16,15,294,9,9,"High","Closed","Xu ly su co ERR-00294","Len lich kiem tra thiet bi theo log van hanh va muc do anh huong cua tram.","2025-04-11T22:27:39.3645313","2025-04-12T08:27:39.3645313"
295,"MT-00295",16,16,295,9,9,"Low","Closed","Xu ly su co ERR-00295","Len lich kiem tra thiet bi theo log van hanh va muc do anh huong cua tram.","2025-04-22T22:27:39.3645313","2025-04-23T09:27:39.3645313"
296,"MT-00296",18,17,296,9,9,"Low","Closed","Xu ly su co ERR-00296","Len lich kiem tra thiet bi theo log van hanh va muc do anh huong cua tram.","2025-05-03T22:27:39.3645313","2025-05-04T10:27:39.3645313"
297,"MT-00297",18,18,297,9,9,"Medium","InProgress","Xu ly su co ERR-00297","Len lich kiem tra thiet bi theo log van hanh va muc do anh huong cua tram.","2025-05-14T22:27:39.3645313",
298,"MT-00298",21,19,298,9,9,"Low","Closed","Xu ly su co ERR-00298","Len lich kiem tra thiet bi theo log van hanh va muc do anh huong cua tram.","2025-05-25T22:27:39.3645313","2025-05-26T12:27:39.3645313"
299,"MT-00299",21,20,299,9,9,"Low","Closed","Xu ly su co ERR-00299","Len lich kiem tra thiet bi theo log van hanh va muc do anh huong cua tram.","2025-06-05T22:27:39.3645313","2025-06-06T13:27:39.3645313"
300,"MT-00300",23,21,300,9,9,"Medium","Closed","Xu ly su co ERR-00300","Len lich kiem tra thiet bi theo log van hanh va muc do anh huong cua tram.","2025-06-16T22:27:39.3645313","2025-06-17T14:27:39.3645313"
301,"MT-00301",23,22,301,9,9,"High","Closed","Xu ly su co ERR-00301","Len lich kiem tra thiet bi theo log van hanh va muc do anh huong cua tram.","2025-06-27T22:27:39.3645313","2025-06-28T15:27:39.3645313"
302,"MT-00302",24,23,302,9,9,"Low","Closed","Xu ly su co ERR-00302","Len lich kiem tra thiet bi theo log van hanh va muc do anh huong cua tram.","2025-07-08T22:27:39.3645313","2025-07-09T16:27:39.3645313"
303,"MT-00303",24,24,303,9,9,"Medium","Closed","Xu ly su co ERR-00303","Len lich kiem tra thiet bi theo log van hanh va muc do anh huong cua tram.","2025-07-19T22:27:39.3645313","2025-07-20T17:27:39.3645313"
304,"MT-00304",26,25,304,9,9,"Low","Closed","Xu ly su co ERR-00304","Len lich kiem tra thiet bi theo log van hanh va muc do anh huong cua tram.","2025-07-30T22:27:39.3645313","2025-07-31T18:27:39.3645313"
305,"MT-00305",26,26,305,9,9,"Low","Closed","Xu ly su co ERR-00305","Len lich kiem tra thiet bi theo log van hanh va muc do anh huong cua tram.","2025-08-10T22:27:39.3645313","2025-08-11T19:27:39.3645313"
306,"MT-00306",30,27,306,9,9,"Critical","InProgress","Xu ly su co ERR-00306","Len lich kiem tra thiet bi theo log van hanh va muc do anh huong cua tram.","2025-08-21T22:27:39.3645313",
307,"MT-00307",30,28,307,9,9,"Low","Closed","Xu ly su co ERR-00307","Len lich kiem tra thiet bi theo log van hanh va muc do anh huong cua tram.","2025-09-01T22:27:39.3645313","2025-09-02T21:27:39.3645313"
308,"MT-00308",32,29,308,9,9,"High","Closed","Xu ly su co ERR-00308","Len lich kiem tra thiet bi theo log van hanh va muc do anh huong cua tram.","2025-09-12T22:27:39.3645313","2025-09-13T22:27:39.3645313"
309,"MT-00309",32,30,309,9,9,"Medium","Closed","Xu ly su co ERR-00309","Len lich kiem tra thiet bi theo log van hanh va muc do anh huong cua tram.","2025-09-23T22:27:39.3645313","2025-09-24T23:27:39.3645313"
310,"MT-00310",34,31,310,9,9,"Low","Closed","Xu ly su co ERR-00310","Len lich kiem tra thiet bi theo log van hanh va muc do anh huong cua tram.","2025-10-04T22:27:39.3645313","2025-10-06T00:27:39.3645313"
311,"MT-00311",34,32,311,9,9,"Low","Closed","Xu ly su co ERR-00311","Len lich kiem tra thiet bi theo log van hanh va muc do anh huong cua tram.","2025-10-15T22:27:39.3645313","2025-10-17T01:27:39.3645313"
312,"MT-00312",35,33,312,9,9,"Medium","Closed","Xu ly su co ERR-00312","Len lich kiem tra thiet bi theo log van hanh va muc do anh huong cua tram.","2025-10-26T22:27:39.3645313","2025-10-28T02:27:39.3645313"
313,"MT-00313",35,34,313,9,9,"Low","Closed","Xu ly su co ERR-00313","Len lich kiem tra thiet bi theo log van hanh va muc do anh huong cua tram.","2025-11-06T22:27:39.3645313","2025-11-08T03:27:39.3645313"
314,"MT-00314",37,35,314,9,9,"Low","Closed","Xu ly su co ERR-00314","Len lich kiem tra thiet bi theo log van hanh va muc do anh huong cua tram.","2025-11-17T22:27:39.3645313","2025-11-19T04:27:39.3645313"
315,"MT-00315",37,36,315,9,9,"High","InProgress","Xu ly su co ERR-00315","Len lich kiem tra thiet bi theo log van hanh va muc do anh huong cua tram.","2025-11-28T22:27:39.3645313",
316,"MT-00316",39,37,316,9,9,"Low","Closed","Xu ly su co ERR-00316","Len lich kiem tra thiet bi theo log van hanh va muc do anh huong cua tram.","2025-12-09T22:27:39.3645313","2025-12-11T06:27:39.3645313"
317,"MT-00317",39,38,317,9,9,"Low","Closed","Xu ly su co ERR-00317","Len lich kiem tra thiet bi theo log van hanh va muc do anh huong cua tram.","2025-12-20T22:27:39.3645313","2025-12-22T07:27:39.3645313"
318,"MT-00318",42,39,318,9,9,"Medium","Closed","Xu ly su co ERR-00318","Len lich kiem tra thiet bi theo log van hanh va muc do anh huong cua tram.","2025-12-31T22:27:39.3645313","2026-01-02T08:27:39.3645313"
319,"MT-00319",42,40,319,9,9,"Low","Closed","Xu ly su co ERR-00319","Len lich kiem tra thiet bi theo log van hanh va muc do anh huong cua tram.","2026-01-11T22:27:39.3645313","2026-01-13T09:27:39.3645313"
320,"MT-00320",44,41,320,9,9,"Low","Closed","Xu ly su co ERR-00320","Len lich kiem tra thiet bi theo log van hanh va muc do anh huong cua tram.","2026-01-22T22:27:39.3645313","2026-01-24T10:27:39.3645313"
321,"MT-00321",44,42,321,9,9,"Medium","Closed","Xu ly su co ERR-00321","Len lich kiem tra thiet bi theo log van hanh va muc do anh huong cua tram.","2026-02-02T22:27:39.3645313","2026-02-04T11:27:39.3645313"
322,"MT-00322",46,43,322,9,9,"High","Closed","Xu ly su co ERR-00322","Len lich kiem tra thiet bi theo log van hanh va muc do anh huong cua tram.","2026-02-13T22:27:39.3645313","2026-02-15T12:27:39.3645313"
323,"MT-00323",46,44,323,9,9,"Critical","Closed","Xu ly su co ERR-00323","Len lich kiem tra thiet bi theo log van hanh va muc do anh huong cua tram.","2026-02-24T22:27:39.3645313","2026-02-26T13:27:39.3645313"
324,"MT-00324",50,45,324,9,9,"Medium","InProgress","Xu ly su co ERR-00324","Len lich kiem tra thiet bi theo log van hanh va muc do anh huong cua tram.","2026-03-07T22:27:39.3645313",
325,"MT-00325",50,46,325,9,9,"Low","Closed","Xu ly su co ERR-00325","Len lich kiem tra thiet bi theo log van hanh va muc do anh huong cua tram.","2026-03-18T22:27:39.3645313","2026-03-20T15:27:39.3645313"
326,"MT-00326",52,47,326,9,9,"Low","Closed","Xu ly su co ERR-00326","Len lich kiem tra thiet bi theo log van hanh va muc do anh huong cua tram.","2026-03-29T22:27:39.3645313","2026-03-31T16:27:39.3645313"
327,"MT-00327",52,48,327,9,9,"Medium","Closed","Xu ly su co ERR-00327","Len lich kiem tra thiet bi theo log van hanh va muc do anh huong cua tram.","2026-04-09T22:27:39.3645313","2026-04-11T17:27:39.3645313"
328,"MT-00328",55,49,328,9,9,"Low","Closed","Xu ly su co ERR-00328","Len lich kiem tra thiet bi theo log van hanh va muc do anh huong cua tram.","2026-04-20T22:27:39.3645313","2026-04-22T18:27:39.3645313"
329,"MT-00329",55,50,329,9,9,"High","Closed","Xu ly su co ERR-00329","Len lich kiem tra thiet bi theo log van hanh va muc do anh huong cua tram.","2026-05-01T22:27:39.3645313","2026-05-03T19:27:39.3645313"
330,"MT-00330",57,51,330,9,9,"Medium","Closed","Xu ly su co ERR-00330","Len lich kiem tra thiet bi theo log van hanh va muc do anh huong cua tram.","2026-05-12T22:27:39.3645313","2026-05-14T20:27:39.3645313"
331,"MT-00331",57,52,331,9,9,"Low","Closed","Xu ly su co ERR-00331","Len lich kiem tra thiet bi theo log van hanh va muc do anh huong cua tram.","2026-05-23T22:27:39.3645313","2026-05-25T21:27:39.3645313"
332,"MT-00332",60,53,332,9,9,"Low","Closed","Xu ly su co ERR-00332","Len lich kiem tra thiet bi theo log van hanh va muc do anh huong cua tram.","2024-06-03T22:27:39.3645313","2024-06-05T22:27:39.3645313"
333,"MT-00333",60,54,333,9,9,"Medium","InProgress","Xu ly su co ERR-00333","Len lich kiem tra thiet bi theo log van hanh va muc do anh huong cua tram.","2024-06-14T22:27:39.3645313",
334,"MT-00334",62,55,334,9,9,"Low","Closed","Xu ly su co ERR-00334","Len lich kiem tra thiet bi theo log van hanh va muc do anh huong cua tram.","2024-06-25T22:27:39.3645313","2024-06-28T00:27:39.3645313"
335,"MT-00335",62,56,335,9,9,"Low","Closed","Xu ly su co ERR-00335","Len lich kiem tra thiet bi theo log van hanh va muc do anh huong cua tram.","2024-07-06T22:27:39.3645313","2024-07-09T01:27:39.3645313"
336,"MT-00336",65,57,336,9,9,"High","Closed","Xu ly su co ERR-00336","Len lich kiem tra thiet bi theo log van hanh va muc do anh huong cua tram.","2024-07-17T22:27:39.3645313","2024-07-18T02:27:39.3645313"
337,"MT-00337",65,58,337,9,9,"Low","Closed","Xu ly su co ERR-00337","Len lich kiem tra thiet bi theo log van hanh va muc do anh huong cua tram.","2024-07-28T22:27:39.3645313","2024-07-29T03:27:39.3645313"
338,"MT-00338",67,59,338,9,9,"Low","Closed","Xu ly su co ERR-00338","Len lich kiem tra thiet bi theo log van hanh va muc do anh huong cua tram.","2024-08-08T22:27:39.3645313","2024-08-09T04:27:39.3645313"
339,"MT-00339",67,60,339,9,9,"Medium","Closed","Xu ly su co ERR-00339","Len lich kiem tra thiet bi theo log van hanh va muc do anh huong cua tram.","2024-08-19T22:27:39.3645313","2024-08-20T05:27:39.3645313"
340,"MT-00340",70,61,340,9,9,"Critical","Closed","Xu ly su co ERR-00340","Len lich kiem tra thiet bi theo log van hanh va muc do anh huong cua tram.","2024-08-30T22:27:39.3645313","2024-08-31T06:27:39.3645313"
341,"MT-00341",70,62,341,9,9,"Low","Closed","Xu ly su co ERR-00341","Len lich kiem tra thiet bi theo log van hanh va muc do anh huong cua tram.","2024-09-10T22:27:39.3645313","2024-09-11T07:27:39.3645313"
342,"MT-00342",73,63,342,9,9,"Medium","InProgress","Xu ly su co ERR-00342","Len lich kiem tra thiet bi theo log van hanh va muc do anh huong cua tram.","2024-09-21T22:27:39.3645313",
343,"MT-00343",73,64,343,9,9,"High","Closed","Xu ly su co ERR-00343","Len lich kiem tra thiet bi theo log van hanh va muc do anh huong cua tram.","2024-10-02T22:27:39.3645313","2024-10-03T09:27:39.3645313"
344,"MT-00344",75,65,344,9,9,"Low","Closed","Xu ly su co ERR-00344","Len lich kiem tra thiet bi theo log van hanh va muc do anh huong cua tram.","2024-10-13T22:27:39.3645313","2024-10-14T10:27:39.3645313"
345,"MT-00345",75,66,345,9,9,"Medium","Closed","Xu ly su co ERR-00345","Len lich kiem tra thiet bi theo log van hanh va muc do anh huong cua tram.","2024-10-24T22:27:39.3645313","2024-10-25T11:27:39.3645313"
346,"MT-00346",76,67,346,9,9,"Low","Closed","Xu ly su co ERR-00346","Len lich kiem tra thiet bi theo log van hanh va muc do anh huong cua tram.","2024-11-04T22:27:39.3645313","2024-11-05T12:27:39.3645313"
347,"MT-00347",76,68,347,9,9,"Low","Closed","Xu ly su co ERR-00347","Len lich kiem tra thiet bi theo log van hanh va muc do anh huong cua tram.","2024-11-15T22:27:39.3645313","2024-11-16T13:27:39.3645313"
348,"MT-00348",78,69,348,9,9,"Medium","Closed","Xu ly su co ERR-00348","Len lich kiem tra thiet bi theo log van hanh va muc do anh huong cua tram.","2024-11-26T22:27:39.3645313","2024-11-27T14:27:39.3645313"
349,"MT-00349",78,70,349,9,9,"Low","Closed","Xu ly su co ERR-00349","Len lich kiem tra thiet bi theo log van hanh va muc do anh huong cua tram.","2024-12-07T22:27:39.3645313","2024-12-08T15:27:39.3645313"
350,"MT-00350",81,71,350,9,9,"High","Closed","Xu ly su co ERR-00350","Len lich kiem tra thiet bi theo log van hanh va muc do anh huong cua tram.","2024-12-18T22:27:39.3645313","2024-12-19T16:27:39.3645313"
351,"MT-00351",81,72,351,9,9,"Medium","InProgress","Xu ly su co ERR-00351","Len lich kiem tra thiet bi theo log van hanh va muc do anh huong cua tram.","2024-12-29T22:27:39.3645313",
352,"MT-00352",83,73,352,9,9,"Low","Closed","Xu ly su co ERR-00352","Len lich kiem tra thiet bi theo log van hanh va muc do anh huong cua tram.","2025-01-09T22:27:39.3645313","2025-01-10T18:27:39.3645313"
353,"MT-00353",83,74,353,9,9,"Low","Closed","Xu ly su co ERR-00353","Len lich kiem tra thiet bi theo log van hanh va muc do anh huong cua tram.","2025-01-20T22:27:39.3645313","2025-01-21T19:27:39.3645313"
354,"MT-00354",85,75,354,9,9,"Medium","Closed","Xu ly su co ERR-00354","Len lich kiem tra thiet bi theo log van hanh va muc do anh huong cua tram.","2025-01-31T22:27:39.3645313","2025-02-01T20:27:39.3645313"
355,"MT-00355",85,76,355,9,9,"Low","Closed","Xu ly su co ERR-00355","Len lich kiem tra thiet bi theo log van hanh va muc do anh huong cua tram.","2025-02-11T22:27:39.3645313","2025-02-12T21:27:39.3645313"
356,"MT-00356",87,77,356,9,9,"Low","Closed","Xu ly su co ERR-00356","Len lich kiem tra thiet bi theo log van hanh va muc do anh huong cua tram.","2025-02-22T22:27:39.3645313","2025-02-23T22:27:39.3645313"
357,"MT-00357",87,78,357,9,9,"Critical","Closed","Xu ly su co ERR-00357","Len lich kiem tra thiet bi theo log van hanh va muc do anh huong cua tram.","2025-03-05T22:27:39.3645313","2025-03-06T23:27:39.3645313"
358,"MT-00358",91,79,358,9,9,"Low","Closed","Xu ly su co ERR-00358","Len lich kiem tra thiet bi theo log van hanh va muc do anh huong cua tram.","2025-03-16T22:27:39.3645313","2025-03-18T00:27:39.3645313"
359,"MT-00359",91,80,359,9,9,"Low","Closed","Xu ly su co ERR-00359","Len lich kiem tra thiet bi theo log van hanh va muc do anh huong cua tram.","2025-03-27T22:27:39.3645313","2025-03-29T01:27:39.3645313"
360,"MT-00360",93,81,360,9,9,"Medium","InProgress","Xu ly su co ERR-00360","Len lich kiem tra thiet bi theo log van hanh va muc do anh huong cua tram.","2025-04-07T22:27:39.3645313",
361,"MT-00361",93,82,361,9,9,"Low","Closed","Xu ly su co ERR-00361","Len lich kiem tra thiet bi theo log van hanh va muc do anh huong cua tram.","2025-04-18T22:27:39.3645313","2025-04-20T03:27:39.3645313"
362,"MT-00362",95,83,362,9,9,"Low","Closed","Xu ly su co ERR-00362","Len lich kiem tra thiet bi theo log van hanh va muc do anh huong cua tram.","2025-04-29T22:27:39.3645313","2025-05-01T04:27:39.3645313"
363,"MT-00363",95,84,363,9,9,"Medium","Closed","Xu ly su co ERR-00363","Len lich kiem tra thiet bi theo log van hanh va muc do anh huong cua tram.","2025-05-10T22:27:39.3645313","2025-05-12T05:27:39.3645313"
364,"MT-00364",97,85,364,9,9,"High","Closed","Xu ly su co ERR-00364","Len lich kiem tra thiet bi theo log van hanh va muc do anh huong cua tram.","2025-05-21T22:27:39.3645313","2025-05-23T06:27:39.3645313"
365,"MT-00365",97,86,365,9,9,"Low","Closed","Xu ly su co ERR-00365","Len lich kiem tra thiet bi theo log van hanh va muc do anh huong cua tram.","2025-06-01T22:27:39.3645313","2025-06-03T07:27:39.3645313"
366,"MT-00366",99,87,366,9,9,"Medium","Closed","Xu ly su co ERR-00366","Len lich kiem tra thiet bi theo log van hanh va muc do anh huong cua tram.","2025-06-12T22:27:39.3645313","2025-06-14T08:27:39.3645313"
367,"MT-00367",99,88,367,9,9,"Low","Closed","Xu ly su co ERR-00367","Len lich kiem tra thiet bi theo log van hanh va muc do anh huong cua tram.","2025-06-23T22:27:39.3645313","2025-06-25T09:27:39.3645313"
368,"MT-00368",100,89,368,9,9,"Low","Closed","Xu ly su co ERR-00368","Len lich kiem tra thiet bi theo log van hanh va muc do anh huong cua tram.","2025-07-04T22:27:39.3645313","2025-07-06T10:27:39.3645313"
369,"MT-00369",100,90,369,9,9,"Medium","InProgress","Xu ly su co ERR-00369","Len lich kiem tra thiet bi theo log van hanh va muc do anh huong cua tram.","2025-07-15T22:27:39.3645313",
370,"MT-00370",100,91,370,9,9,"Low","Closed","Xu ly su co ERR-00370","Len lich kiem tra thiet bi theo log van hanh va muc do anh huong cua tram.","2025-07-26T22:27:39.3645313","2025-07-28T12:27:39.3645313"
371,"MT-00371",96,92,371,9,9,"High","Closed","Xu ly su co ERR-00371","Len lich kiem tra thiet bi theo log van hanh va muc do anh huong cua tram.","2025-08-06T22:27:39.3645313","2025-08-08T13:27:39.3645313"
372,"MT-00372",96,93,372,9,9,"Medium","Closed","Xu ly su co ERR-00372","Len lich kiem tra thiet bi theo log van hanh va muc do anh huong cua tram.","2025-08-17T22:27:39.3645313","2025-08-19T14:27:39.3645313"
373,"MT-00373",96,94,373,9,9,"Low","Closed","Xu ly su co ERR-00373","Len lich kiem tra thiet bi theo log van hanh va muc do anh huong cua tram.","2025-08-28T22:27:39.3645313","2025-08-30T15:27:39.3645313"
374,"MT-00374",94,95,374,9,9,"Critical","Closed","Xu ly su co ERR-00374","Len lich kiem tra thiet bi theo log van hanh va muc do anh huong cua tram.","2025-09-08T22:27:39.3645313","2025-09-10T16:27:39.3645313"
375,"MT-00375",94,96,375,9,9,"Medium","Closed","Xu ly su co ERR-00375","Len lich kiem tra thiet bi theo log van hanh va muc do anh huong cua tram.","2025-09-19T22:27:39.3645313","2025-09-21T17:27:39.3645313"
376,"MT-00376",94,97,376,9,9,"Low","Closed","Xu ly su co ERR-00376","Len lich kiem tra thiet bi theo log van hanh va muc do anh huong cua tram.","2025-09-30T22:27:39.3645313","2025-10-02T18:27:39.3645313"
377,"MT-00377",92,98,377,9,9,"Low","Closed","Xu ly su co ERR-00377","Len lich kiem tra thiet bi theo log van hanh va muc do anh huong cua tram.","2025-10-11T22:27:39.3645313","2025-10-13T19:27:39.3645313"
378,"MT-00378",92,99,378,9,9,"High","InProgress","Xu ly su co ERR-00378","Len lich kiem tra thiet bi theo log van hanh va muc do anh huong cua tram.","2025-10-22T22:27:39.3645313",
379,"MT-00379",92,100,379,9,9,"Low","Closed","Xu ly su co ERR-00379","Len lich kiem tra thiet bi theo log van hanh va muc do anh huong cua tram.","2025-11-02T22:27:39.3645313","2025-11-04T21:27:39.3645313"
380,"MT-00380",69,101,380,9,9,"Low","Closed","Xu ly su co ERR-00380","Len lich kiem tra thiet bi theo log van hanh va muc do anh huong cua tram.","2025-11-13T22:27:39.3645313","2025-11-15T22:27:39.3645313"
381,"MT-00381",69,102,381,9,9,"Medium","Closed","Xu ly su co ERR-00381","Len lich kiem tra thiet bi theo log van hanh va muc do anh huong cua tram.","2025-11-24T22:27:39.3645313","2025-11-26T23:27:39.3645313"
382,"MT-00382",69,103,382,9,9,"Low","Closed","Xu ly su co ERR-00382","Len lich kiem tra thiet bi theo log van hanh va muc do anh huong cua tram.","2025-12-05T22:27:39.3645313","2025-12-08T00:27:39.3645313"
383,"MT-00383",90,104,383,9,9,"Low","Closed","Xu ly su co ERR-00383","Len lich kiem tra thiet bi theo log van hanh va muc do anh huong cua tram.","2025-12-16T22:27:39.3645313","2025-12-19T01:27:39.3645313"
384,"MT-00384",90,105,384,9,9,"Medium","Closed","Xu ly su co ERR-00384","Len lich kiem tra thiet bi theo log van hanh va muc do anh huong cua tram.","2025-12-27T22:27:39.3645313","2025-12-28T02:27:39.3645313"
385,"MT-00385",90,106,385,9,9,"High","Closed","Xu ly su co ERR-00385","Len lich kiem tra thiet bi theo log van hanh va muc do anh huong cua tram.","2026-01-07T22:27:39.3645313","2026-01-08T03:27:39.3645313"
386,"MT-00386",88,107,386,9,9,"Low","Closed","Xu ly su co ERR-00386","Len lich kiem tra thiet bi theo log van hanh va muc do anh huong cua tram.","2026-01-18T22:27:39.3645313","2026-01-19T04:27:39.3645313"
387,"MT-00387",88,108,387,9,9,"Medium","InProgress","Xu ly su co ERR-00387","Len lich kiem tra thiet bi theo log van hanh va muc do anh huong cua tram.","2026-01-29T22:27:39.3645313",
388,"MT-00388",88,109,388,9,9,"Low","Closed","Xu ly su co ERR-00388","Len lich kiem tra thiet bi theo log van hanh va muc do anh huong cua tram.","2026-02-09T22:27:39.3645313","2026-02-10T06:27:39.3645313"
389,"MT-00389",86,110,389,9,9,"Low","Closed","Xu ly su co ERR-00389","Len lich kiem tra thiet bi theo log van hanh va muc do anh huong cua tram.","2026-02-20T22:27:39.3645313","2026-02-21T07:27:39.3645313"
390,"MT-00390",86,111,390,9,9,"Medium","Closed","Xu ly su co ERR-00390","Len lich kiem tra thiet bi theo log van hanh va muc do anh huong cua tram.","2026-03-03T22:27:39.3645313","2026-03-04T08:27:39.3645313"
391,"MT-00391",86,112,391,9,9,"Critical","Closed","Xu ly su co ERR-00391","Len lich kiem tra thiet bi theo log van hanh va muc do anh huong cua tram.","2026-03-14T22:27:39.3645313","2026-03-15T09:27:39.3645313"
392,"MT-00392",84,113,392,9,9,"High","Closed","Xu ly su co ERR-00392","Len lich kiem tra thiet bi theo log van hanh va muc do anh huong cua tram.","2026-03-25T22:27:39.3645313","2026-03-26T10:27:39.3645313"
393,"MT-00393",84,114,393,9,9,"Medium","Closed","Xu ly su co ERR-00393","Len lich kiem tra thiet bi theo log van hanh va muc do anh huong cua tram.","2026-04-05T22:27:39.3645313","2026-04-06T11:27:39.3645313"
394,"MT-00394",84,115,394,9,9,"Low","Closed","Xu ly su co ERR-00394","Len lich kiem tra thiet bi theo log van hanh va muc do anh huong cua tram.","2026-04-16T22:27:39.3645313","2026-04-17T12:27:39.3645313"
395,"MT-00395",82,116,395,9,9,"Low","Closed","Xu ly su co ERR-00395","Len lich kiem tra thiet bi theo log van hanh va muc do anh huong cua tram.","2026-04-27T22:27:39.3645313","2026-04-28T13:27:39.3645313"
396,"MT-00396",82,117,396,9,9,"Medium","InProgress","Xu ly su co ERR-00396","Len lich kiem tra thiet bi theo log van hanh va muc do anh huong cua tram.","2026-05-08T22:27:39.3645313",
397,"MT-00397",82,118,397,9,9,"Low","Closed","Xu ly su co ERR-00397","Len lich kiem tra thiet bi theo log van hanh va muc do anh huong cua tram.","2026-05-19T22:27:39.3645313","2026-05-20T15:27:39.3645313"
398,"MT-00398",79,119,398,9,9,"Low","Closed","Xu ly su co ERR-00398","Len lich kiem tra thiet bi theo log van hanh va muc do anh huong cua tram.","2026-05-30T22:27:39.3645313","2026-05-31T16:27:39.3645313"
399,"MT-00399",79,120,399,9,9,"High","Closed","Xu ly su co ERR-00399","Len lich kiem tra thiet bi theo log van hanh va muc do anh huong cua tram.","2024-06-10T22:27:39.3645313","2024-06-11T17:27:39.3645313"
400,"MT-00400",79,121,400,9,9,"Low","Closed","Xu ly su co ERR-00400","Len lich kiem tra thiet bi theo log van hanh va muc do anh huong cua tram.","2024-06-21T22:27:39.3645313","2024-06-22T18:27:39.3645313"
401,"MT-00401",77,122,401,9,9,"Low","Closed","Xu ly su co ERR-00401","Len lich kiem tra thiet bi theo log van hanh va muc do anh huong cua tram.","2024-07-02T22:27:39.3645313","2024-07-03T19:27:39.3645313"
402,"MT-00402",77,123,402,9,9,"Medium","Closed","Xu ly su co ERR-00402","Len lich kiem tra thiet bi theo log van hanh va muc do anh huong cua tram.","2024-07-13T22:27:39.3645313","2024-07-14T20:27:39.3645313"
403,"MT-00403",77,124,403,9,9,"Low","Closed","Xu ly su co ERR-00403","Len lich kiem tra thiet bi theo log van hanh va muc do anh huong cua tram.","2024-07-24T22:27:39.3645313","2024-07-25T21:27:39.3645313"
404,"MT-00404",71,125,404,9,9,"Low","Closed","Xu ly su co ERR-00404","Len lich kiem tra thiet bi theo log van hanh va muc do anh huong cua tram.","2024-08-04T22:27:39.3645313","2024-08-05T22:27:39.3645313"
405,"MT-00405",71,126,405,9,9,"Medium","InProgress","Xu ly su co ERR-00405","Len lich kiem tra thiet bi theo log van hanh va muc do anh huong cua tram.","2024-08-15T22:27:39.3645313",
406,"MT-00406",71,127,406,9,9,"High","Closed","Xu ly su co ERR-00406","Len lich kiem tra thiet bi theo log van hanh va muc do anh huong cua tram.","2024-08-26T22:27:39.3645313","2024-08-28T00:27:39.3645313"
407,"MT-00407",72,128,407,9,9,"Low","Closed","Xu ly su co ERR-00407","Len lich kiem tra thiet bi theo log van hanh va muc do anh huong cua tram.","2024-09-06T22:27:39.3645313","2024-09-08T01:27:39.3645313"
408,"MT-00408",72,129,408,9,9,"Critical","Closed","Xu ly su co ERR-00408","Len lich kiem tra thiet bi theo log van hanh va muc do anh huong cua tram.","2024-09-17T22:27:39.3645313","2024-09-19T02:27:39.3645313"
409,"MT-00409",72,130,409,9,9,"Low","Closed","Xu ly su co ERR-00409","Len lich kiem tra thiet bi theo log van hanh va muc do anh huong cua tram.","2024-09-28T22:27:39.3645313","2024-09-30T03:27:39.3645313"
410,"MT-00410",66,131,410,9,9,"Low","Closed","Xu ly su co ERR-00410","Len lich kiem tra thiet bi theo log van hanh va muc do anh huong cua tram.","2024-10-09T22:27:39.3645313","2024-10-11T04:27:39.3645313"
411,"MT-00411",66,132,411,9,9,"Medium","Closed","Xu ly su co ERR-00411","Len lich kiem tra thiet bi theo log van hanh va muc do anh huong cua tram.","2024-10-20T22:27:39.3645313","2024-10-22T05:27:39.3645313"
412,"MT-00412",66,133,412,9,9,"Low","Closed","Xu ly su co ERR-00412","Len lich kiem tra thiet bi theo log van hanh va muc do anh huong cua tram.","2024-10-31T22:27:39.3645313","2024-11-02T06:27:39.3645313"
413,"MT-00413",63,134,413,9,9,"High","Closed","Xu ly su co ERR-00413","Len lich kiem tra thiet bi theo log van hanh va muc do anh huong cua tram.","2024-11-11T22:27:39.3645313","2024-11-13T07:27:39.3645313"
414,"MT-00414",63,135,414,9,9,"Medium","InProgress","Xu ly su co ERR-00414","Len lich kiem tra thiet bi theo log van hanh va muc do anh huong cua tram.","2024-11-22T22:27:39.3645313",
415,"MT-00415",63,136,415,9,9,"Low","Closed","Xu ly su co ERR-00415","Len lich kiem tra thiet bi theo log van hanh va muc do anh huong cua tram.","2024-12-03T22:27:39.3645313","2024-12-05T09:27:39.3645313"
416,"MT-00416",64,137,416,9,9,"Low","Closed","Xu ly su co ERR-00416","Len lich kiem tra thiet bi theo log van hanh va muc do anh huong cua tram.","2024-12-14T22:27:39.3645313","2024-12-16T10:27:39.3645313"
417,"MT-00417",64,138,417,9,9,"Medium","Closed","Xu ly su co ERR-00417","Len lich kiem tra thiet bi theo log van hanh va muc do anh huong cua tram.","2024-12-25T22:27:39.3645313","2024-12-27T11:27:39.3645313"
418,"MT-00418",64,139,418,9,9,"Low","Closed","Xu ly su co ERR-00418","Len lich kiem tra thiet bi theo log van hanh va muc do anh huong cua tram.","2025-01-05T22:27:39.3645313","2025-01-07T12:27:39.3645313"
419,"MT-00419",61,140,419,9,9,"Low","Closed","Xu ly su co ERR-00419","Len lich kiem tra thiet bi theo log van hanh va muc do anh huong cua tram.","2025-01-16T22:27:39.3645313","2025-01-18T13:27:39.3645313"
420,"MT-00420",61,141,420,9,9,"High","Closed","Xu ly su co ERR-00420","Len lich kiem tra thiet bi theo log van hanh va muc do anh huong cua tram.","2025-01-27T22:27:39.3645313","2025-01-29T14:27:39.3645313"
421,"MT-00421",61,142,421,9,9,"Low","Closed","Xu ly su co ERR-00421","Len lich kiem tra thiet bi theo log van hanh va muc do anh huong cua tram.","2025-02-07T22:27:39.3645313","2025-02-09T15:27:39.3645313"
422,"MT-00422",58,143,422,9,9,"Low","Closed","Xu ly su co ERR-00422","Len lich kiem tra thiet bi theo log van hanh va muc do anh huong cua tram.","2025-02-18T22:27:39.3645313","2025-02-20T16:27:39.3645313"
423,"MT-00423",58,144,423,9,9,"Medium","InProgress","Xu ly su co ERR-00423","Len lich kiem tra thiet bi theo log van hanh va muc do anh huong cua tram.","2025-03-01T22:27:39.3645313",
424,"MT-00424",58,145,424,9,9,"Low","Closed","Xu ly su co ERR-00424","Len lich kiem tra thiet bi theo log van hanh va muc do anh huong cua tram.","2025-03-12T22:27:39.3645313","2025-03-14T18:27:39.3645313"
425,"MT-00425",56,146,425,9,9,"Critical","Closed","Xu ly su co ERR-00425","Len lich kiem tra thiet bi theo log van hanh va muc do anh huong cua tram.","2025-03-23T22:27:39.3645313","2025-03-25T19:27:39.3645313"
426,"MT-00426",56,147,426,9,9,"Medium","Closed","Xu ly su co ERR-00426","Len lich kiem tra thiet bi theo log van hanh va muc do anh huong cua tram.","2025-04-03T22:27:39.3645313","2025-04-05T20:27:39.3645313"
427,"MT-00427",56,148,427,9,9,"High","Closed","Xu ly su co ERR-00427","Len lich kiem tra thiet bi theo log van hanh va muc do anh huong cua tram.","2025-04-14T22:27:39.3645313","2025-04-16T21:27:39.3645313"
428,"MT-00428",49,149,428,9,9,"Low","Closed","Xu ly su co ERR-00428","Len lich kiem tra thiet bi theo log van hanh va muc do anh huong cua tram.","2025-04-25T22:27:39.3645313","2025-04-27T22:27:39.3645313"
429,"MT-00429",49,150,429,9,9,"Medium","Closed","Xu ly su co ERR-00429","Len lich kiem tra thiet bi theo log van hanh va muc do anh huong cua tram.","2025-05-06T22:27:39.3645313","2025-05-08T23:27:39.3645313"
430,"MT-00430",49,151,430,9,9,"Low","Closed","Xu ly su co ERR-00430","Len lich kiem tra thiet bi theo log van hanh va muc do anh huong cua tram.","2025-05-17T22:27:39.3645313","2025-05-20T00:27:39.3645313"
431,"MT-00431",54,152,431,9,9,"Low","Closed","Xu ly su co ERR-00431","Len lich kiem tra thiet bi theo log van hanh va muc do anh huong cua tram.","2025-05-28T22:27:39.3645313","2025-05-31T01:27:39.3645313"
432,"MT-00432",54,153,432,9,9,"Medium","InProgress","Xu ly su co ERR-00432","Len lich kiem tra thiet bi theo log van hanh va muc do anh huong cua tram.","2025-06-08T22:27:39.3645313",
433,"MT-00433",54,154,433,9,9,"Low","Closed","Xu ly su co ERR-00433","Len lich kiem tra thiet bi theo log van hanh va muc do anh huong cua tram.","2025-06-19T22:27:39.3645313","2025-06-20T03:27:39.3645313"
434,"MT-00434",51,155,434,9,9,"High","Closed","Xu ly su co ERR-00434","Len lich kiem tra thiet bi theo log van hanh va muc do anh huong cua tram.","2025-06-30T22:27:39.3645313","2025-07-01T04:27:39.3645313"
435,"MT-00435",51,156,435,9,9,"Medium","Closed","Xu ly su co ERR-00435","Len lich kiem tra thiet bi theo log van hanh va muc do anh huong cua tram.","2025-07-11T22:27:39.3645313","2025-07-12T05:27:39.3645313"
436,"MT-00436",51,157,436,9,9,"Low","Closed","Xu ly su co ERR-00436","Len lich kiem tra thiet bi theo log van hanh va muc do anh huong cua tram.","2025-07-22T22:27:39.3645313","2025-07-23T06:27:39.3645313"
437,"MT-00437",47,158,437,9,9,"Low","Closed","Xu ly su co ERR-00437","Len lich kiem tra thiet bi theo log van hanh va muc do anh huong cua tram.","2025-08-02T22:27:39.3645313","2025-08-03T07:27:39.3645313"
438,"MT-00438",47,159,438,9,9,"Medium","Closed","Xu ly su co ERR-00438","Len lich kiem tra thiet bi theo log van hanh va muc do anh huong cua tram.","2025-08-13T22:27:39.3645313","2025-08-14T08:27:39.3645313"
439,"MT-00439",47,160,439,9,9,"Low","Closed","Xu ly su co ERR-00439","Len lich kiem tra thiet bi theo log van hanh va muc do anh huong cua tram.","2025-08-24T22:27:39.3645313","2025-08-25T09:27:39.3645313"
440,"MT-00440",45,161,440,9,9,"Low","Closed","Xu ly su co ERR-00440","Len lich kiem tra thiet bi theo log van hanh va muc do anh huong cua tram.","2025-09-04T22:27:39.3645313","2025-09-05T10:27:39.3645313"
441,"MT-00441",45,162,441,9,9,"High","InProgress","Xu ly su co ERR-00441","Len lich kiem tra thiet bi theo log van hanh va muc do anh huong cua tram.","2025-09-15T22:27:39.3645313",
442,"MT-00442",45,163,442,9,9,"Critical","Closed","Xu ly su co ERR-00442","Len lich kiem tra thiet bi theo log van hanh va muc do anh huong cua tram.","2025-09-26T22:27:39.3645313","2025-09-27T12:27:39.3645313"
443,"MT-00443",43,164,443,9,9,"Low","Closed","Xu ly su co ERR-00443","Len lich kiem tra thiet bi theo log van hanh va muc do anh huong cua tram.","2025-10-07T22:27:39.3645313","2025-10-08T13:27:39.3645313"
444,"MT-00444",43,165,444,9,9,"Medium","Closed","Xu ly su co ERR-00444","Len lich kiem tra thiet bi theo log van hanh va muc do anh huong cua tram.","2025-10-18T22:27:39.3645313","2025-10-19T14:27:39.3645313"
445,"MT-00445",43,166,445,9,9,"Low","Closed","Xu ly su co ERR-00445","Len lich kiem tra thiet bi theo log van hanh va muc do anh huong cua tram.","2025-10-29T22:27:39.3645313","2025-10-30T15:27:39.3645313"
446,"MT-00446",40,167,446,9,9,"Low","Closed","Xu ly su co ERR-00446","Len lich kiem tra thiet bi theo log van hanh va muc do anh huong cua tram.","2025-11-09T22:27:39.3645313","2025-11-10T16:27:39.3645313"
447,"MT-00447",40,168,447,9,9,"Medium","Closed","Xu ly su co ERR-00447","Len lich kiem tra thiet bi theo log van hanh va muc do anh huong cua tram.","2025-11-20T22:27:39.3645313","2025-11-21T17:27:39.3645313"
448,"MT-00448",40,169,448,9,9,"High","Closed","Xu ly su co ERR-00448","Len lich kiem tra thiet bi theo log van hanh va muc do anh huong cua tram.","2025-12-01T22:27:39.3645313","2025-12-02T18:27:39.3645313"
449,"MT-00449",41,170,449,9,9,"Low","Closed","Xu ly su co ERR-00449","Len lich kiem tra thiet bi theo log van hanh va muc do anh huong cua tram.","2025-12-12T22:27:39.3645313","2025-12-13T19:27:39.3645313"
450,"MT-00450",41,171,450,9,9,"Medium","InProgress","Xu ly su co ERR-00450","Len lich kiem tra thiet bi theo log van hanh va muc do anh huong cua tram.","2025-12-23T22:27:39.3645313",
451,"MT-00451",41,172,451,9,9,"Low","Closed","Xu ly su co ERR-00451","Len lich kiem tra thiet bi theo log van hanh va muc do anh huong cua tram.","2026-01-03T22:27:39.3645313","2026-01-04T21:27:39.3645313"
452,"MT-00452",36,173,452,9,9,"Low","Closed","Xu ly su co ERR-00452","Len lich kiem tra thiet bi theo log van hanh va muc do anh huong cua tram.","2026-01-14T22:27:39.3645313","2026-01-15T22:27:39.3645313"
453,"MT-00453",36,174,453,9,9,"Medium","Closed","Xu ly su co ERR-00453","Len lich kiem tra thiet bi theo log van hanh va muc do anh huong cua tram.","2026-01-25T22:27:39.3645313","2026-01-26T23:27:39.3645313"
454,"MT-00454",36,175,454,9,9,"Low","Closed","Xu ly su co ERR-00454","Len lich kiem tra thiet bi theo log van hanh va muc do anh huong cua tram.","2026-02-05T22:27:39.3645313","2026-02-07T00:27:39.3645313"
455,"MT-00455",33,176,455,9,9,"High","Closed","Xu ly su co ERR-00455","Len lich kiem tra thiet bi theo log van hanh va muc do anh huong cua tram.","2026-02-16T22:27:39.3645313","2026-02-18T01:27:39.3645313"
456,"MT-00456",33,177,456,9,9,"Medium","Closed","Xu ly su co ERR-00456","Len lich kiem tra thiet bi theo log van hanh va muc do anh huong cua tram.","2026-02-27T22:27:39.3645313","2026-03-01T02:27:39.3645313"
457,"MT-00457",33,178,457,9,9,"Low","Closed","Xu ly su co ERR-00457","Len lich kiem tra thiet bi theo log van hanh va muc do anh huong cua tram.","2026-03-10T22:27:39.3645313","2026-03-12T03:27:39.3645313"
458,"MT-00458",31,179,458,9,9,"Low","Closed","Xu ly su co ERR-00458","Len lich kiem tra thiet bi theo log van hanh va muc do anh huong cua tram.","2026-03-21T22:27:39.3645313","2026-03-23T04:27:39.3645313"
459,"MT-00459",31,180,459,9,9,"Critical","InProgress","Xu ly su co ERR-00459","Len lich kiem tra thiet bi theo log van hanh va muc do anh huong cua tram.","2026-04-01T22:27:39.3645313",
460,"MT-00460",31,181,460,9,9,"Low","Closed","Xu ly su co ERR-00460","Len lich kiem tra thiet bi theo log van hanh va muc do anh huong cua tram.","2026-04-12T22:27:39.3645313","2026-04-14T06:27:39.3645313"
461,"MT-00461",9,182,461,9,9,"Low","Closed","Xu ly su co ERR-00461","Len lich kiem tra thiet bi theo log van hanh va muc do anh huong cua tram.","2026-04-23T22:27:39.3645313","2026-04-25T07:27:39.3645313"
462,"MT-00462",9,183,462,9,9,"High","Closed","Xu ly su co ERR-00462","Len lich kiem tra thiet bi theo log van hanh va muc do anh huong cua tram.","2026-05-04T22:27:39.3645313","2026-05-06T08:27:39.3645313"
463,"MT-00463",9,184,463,9,9,"Low","Closed","Xu ly su co ERR-00463","Len lich kiem tra thiet bi theo log van hanh va muc do anh huong cua tram.","2026-05-15T22:27:39.3645313","2026-05-17T09:27:39.3645313"
464,"MT-00464",29,185,464,9,9,"Low","Closed","Xu ly su co ERR-00464","Len lich kiem tra thiet bi theo log van hanh va muc do anh huong cua tram.","2026-05-26T22:27:39.3645313","2026-05-28T10:27:39.3645313"
465,"MT-00465",29,186,465,9,9,"Medium","Closed","Xu ly su co ERR-00465","Len lich kiem tra thiet bi theo log van hanh va muc do anh huong cua tram.","2024-06-06T22:27:39.3645313","2024-06-08T11:27:39.3645313"
466,"MT-00466",29,187,466,9,9,"Low","Closed","Xu ly su co ERR-00466","Len lich kiem tra thiet bi theo log van hanh va muc do anh huong cua tram.","2024-06-17T22:27:39.3645313","2024-06-19T12:27:39.3645313"
467,"MT-00467",27,188,467,9,9,"Low","Closed","Xu ly su co ERR-00467","Len lich kiem tra thiet bi theo log van hanh va muc do anh huong cua tram.","2024-06-28T22:27:39.3645313","2024-06-30T13:27:39.3645313"
468,"MT-00468",27,189,468,9,9,"Medium","InProgress","Xu ly su co ERR-00468","Len lich kiem tra thiet bi theo log van hanh va muc do anh huong cua tram.","2024-07-09T22:27:39.3645313",
469,"MT-00469",27,190,469,9,9,"High","Closed","Xu ly su co ERR-00469","Len lich kiem tra thiet bi theo log van hanh va muc do anh huong cua tram.","2024-07-20T22:27:39.3645313","2024-07-22T15:27:39.3645313"
470,"MT-00470",25,191,470,9,9,"Low","Closed","Xu ly su co ERR-00470","Len lich kiem tra thiet bi theo log van hanh va muc do anh huong cua tram.","2024-07-31T22:27:39.3645313","2024-08-02T16:27:39.3645313"
471,"MT-00471",25,192,471,9,9,"Medium","Closed","Xu ly su co ERR-00471","Len lich kiem tra thiet bi theo log van hanh va muc do anh huong cua tram.","2024-08-11T22:27:39.3645313","2024-08-13T17:27:39.3645313"
472,"MT-00472",25,193,472,9,9,"Low","Closed","Xu ly su co ERR-00472","Len lich kiem tra thiet bi theo log van hanh va muc do anh huong cua tram.","2024-08-22T22:27:39.3645313","2024-08-24T18:27:39.3645313"
473,"MT-00473",22,194,473,9,9,"Low","Closed","Xu ly su co ERR-00473","Len lich kiem tra thiet bi theo log van hanh va muc do anh huong cua tram.","2024-09-02T22:27:39.3645313","2024-09-04T19:27:39.3645313"
474,"MT-00474",22,195,474,9,9,"Medium","Closed","Xu ly su co ERR-00474","Len lich kiem tra thiet bi theo log van hanh va muc do anh huong cua tram.","2024-09-13T22:27:39.3645313","2024-09-15T20:27:39.3645313"
475,"MT-00475",22,196,475,9,9,"Low","Closed","Xu ly su co ERR-00475","Len lich kiem tra thiet bi theo log van hanh va muc do anh huong cua tram.","2024-09-24T22:27:39.3645313","2024-09-26T21:27:39.3645313"
476,"MT-00476",19,197,476,9,9,"Critical","Closed","Xu ly su co ERR-00476","Len lich kiem tra thiet bi theo log van hanh va muc do anh huong cua tram.","2024-10-05T22:27:39.3645313","2024-10-07T22:27:39.3645313"
477,"MT-00477",19,198,477,9,9,"Medium","InProgress","Xu ly su co ERR-00477","Len lich kiem tra thiet bi theo log van hanh va muc do anh huong cua tram.","2024-10-16T22:27:39.3645313",
478,"MT-00478",19,199,478,9,9,"Low","Closed","Xu ly su co ERR-00478","Len lich kiem tra thiet bi theo log van hanh va muc do anh huong cua tram.","2024-10-27T22:27:39.3645313","2024-10-30T00:27:39.3645313"
479,"MT-00479",20,200,479,9,9,"Low","Closed","Xu ly su co ERR-00479","Len lich kiem tra thiet bi theo log van hanh va muc do anh huong cua tram.","2024-11-07T22:27:39.3645313","2024-11-10T01:27:39.3645313"
480,"MT-00480",20,201,480,9,9,"Medium","Closed","Xu ly su co ERR-00480","Len lich kiem tra thiet bi theo log van hanh va muc do anh huong cua tram.","2024-11-18T22:27:39.3645313","2024-11-19T02:27:39.3645313"
481,"MT-00481",20,202,481,9,9,"Low","Closed","Xu ly su co ERR-00481","Len lich kiem tra thiet bi theo log van hanh va muc do anh huong cua tram.","2024-11-29T22:27:39.3645313","2024-11-30T03:27:39.3645313"
482,"MT-00482",15,203,482,9,9,"Low","Closed","Xu ly su co ERR-00482","Len lich kiem tra thiet bi theo log van hanh va muc do anh huong cua tram.","2024-12-10T22:27:39.3645313","2024-12-11T04:27:39.3645313"
483,"MT-00483",15,204,483,9,9,"High","Closed","Xu ly su co ERR-00483","Len lich kiem tra thiet bi theo log van hanh va muc do anh huong cua tram.","2024-12-21T22:27:39.3645313","2024-12-22T05:27:39.3645313"
484,"MT-00484",15,205,484,9,9,"Low","Closed","Xu ly su co ERR-00484","Len lich kiem tra thiet bi theo log van hanh va muc do anh huong cua tram.","2025-01-01T22:27:39.3645313","2025-01-02T06:27:39.3645313"
485,"MT-00485",13,206,485,9,9,"Low","Closed","Xu ly su co ERR-00485","Len lich kiem tra thiet bi theo log van hanh va muc do anh huong cua tram.","2025-01-12T22:27:39.3645313","2025-01-13T07:27:39.3645313"
486,"MT-00486",13,207,486,9,9,"Medium","InProgress","Xu ly su co ERR-00486","Len lich kiem tra thiet bi theo log van hanh va muc do anh huong cua tram.","2025-01-23T22:27:39.3645313",
487,"MT-00487",13,208,487,9,9,"Low","Closed","Xu ly su co ERR-00487","Len lich kiem tra thiet bi theo log van hanh va muc do anh huong cua tram.","2025-02-03T22:27:39.3645313","2025-02-04T09:27:39.3645313"
488,"MT-00488",11,209,488,9,9,"Low","Closed","Xu ly su co ERR-00488","Len lich kiem tra thiet bi theo log van hanh va muc do anh huong cua tram.","2025-02-14T22:27:39.3645313","2025-02-15T10:27:39.3645313"
489,"MT-00489",11,210,489,9,9,"Medium","Closed","Xu ly su co ERR-00489","Len lich kiem tra thiet bi theo log van hanh va muc do anh huong cua tram.","2025-02-25T22:27:39.3645313","2025-02-26T11:27:39.3645313"
490,"MT-00490",11,211,490,9,9,"High","Closed","Xu ly su co ERR-00490","Len lich kiem tra thiet bi theo log van hanh va muc do anh huong cua tram.","2025-03-08T22:27:39.3645313","2025-03-09T12:27:39.3645313"
491,"MT-00491",7,212,491,9,9,"Low","Closed","Xu ly su co ERR-00491","Len lich kiem tra thiet bi theo log van hanh va muc do anh huong cua tram.","2025-03-19T22:27:39.3645313","2025-03-20T13:27:39.3645313"
492,"MT-00492",7,213,492,9,9,"Medium","Closed","Xu ly su co ERR-00492","Len lich kiem tra thiet bi theo log van hanh va muc do anh huong cua tram.","2025-03-30T22:27:39.3645313","2025-03-31T14:27:39.3645313"
493,"MT-00493",7,214,493,9,9,"Critical","Closed","Xu ly su co ERR-00493","Len lich kiem tra thiet bi theo log van hanh va muc do anh huong cua tram.","2025-04-10T22:27:39.3645313","2025-04-11T15:27:39.3645313"
494,"MT-00494",4,215,494,9,9,"Low","Closed","Xu ly su co ERR-00494","Len lich kiem tra thiet bi theo log van hanh va muc do anh huong cua tram.","2025-04-21T22:27:39.3645313","2025-04-22T16:27:39.3645313"
495,"MT-00495",4,216,495,9,9,"Medium","InProgress","Xu ly su co ERR-00495","Len lich kiem tra thiet bi theo log van hanh va muc do anh huong cua tram.","2025-05-02T22:27:39.3645313",
496,"MT-00496",4,217,496,9,9,"Low","Closed","Xu ly su co ERR-00496","Len lich kiem tra thiet bi theo log van hanh va muc do anh huong cua tram.","2025-05-13T22:27:39.3645313","2025-05-14T18:27:39.3645313"
497,"MT-00497",2,218,497,9,9,"High","Closed","Xu ly su co ERR-00497","Len lich kiem tra thiet bi theo log van hanh va muc do anh huong cua tram.","2025-05-24T22:27:39.3645313","2025-05-25T19:27:39.3645313"
498,"MT-00498",2,219,498,9,9,"Medium","Closed","Xu ly su co ERR-00498","Len lich kiem tra thiet bi theo log van hanh va muc do anh huong cua tram.","2025-06-04T22:27:39.3645313","2025-06-05T20:27:39.3645313"
499,"MT-00499",2,220,499,9,9,"Low","Closed","Xu ly su co ERR-00499","Len lich kiem tra thiet bi theo log van hanh va muc do anh huong cua tram.","2025-06-15T22:27:39.3645313","2025-06-16T21:27:39.3645313"
500,"MT-00500",8,221,500,9,9,"Low","Closed","Xu ly su co ERR-00500","Len lich kiem tra thiet bi theo log van hanh va muc do anh huong cua tram.","2025-06-26T22:27:39.3645313","2025-06-27T22:27:39.3645313"
501,"MT-00501",8,222,501,9,9,"Medium","Closed","Xu ly su co ERR-00501","Len lich kiem tra thiet bi theo log van hanh va muc do anh huong cua tram.","2025-07-07T22:27:39.3645313","2025-07-08T23:27:39.3645313"
502,"MT-00502",8,223,502,9,9,"Low","Closed","Xu ly su co ERR-00502","Len lich kiem tra thiet bi theo log van hanh va muc do anh huong cua tram.","2025-07-18T22:27:39.3645313","2025-07-20T00:27:39.3645313"
503,"MT-00503",8,224,503,9,9,"Low","Closed","Xu ly su co ERR-00503","Len lich kiem tra thiet bi theo log van hanh va muc do anh huong cua tram.","2025-07-29T22:27:39.3645313","2025-07-31T01:27:39.3645313"
504,"MT-00504",8,225,504,9,9,"High","InProgress","Xu ly su co ERR-00504","Len lich kiem tra thiet bi theo log van hanh va muc do anh huong cua tram.","2025-08-09T22:27:39.3645313",
505,"MT-00505",17,226,505,9,9,"Low","Closed","Xu ly su co ERR-00505","Len lich kiem tra thiet bi theo log van hanh va muc do anh huong cua tram.","2025-08-20T22:27:39.3645313","2025-08-22T03:27:39.3645313"
506,"MT-00506",17,227,506,9,9,"Low","Closed","Xu ly su co ERR-00506","Len lich kiem tra thiet bi theo log van hanh va muc do anh huong cua tram.","2025-08-31T22:27:39.3645313","2025-09-02T04:27:39.3645313"
507,"MT-00507",17,228,507,9,9,"Medium","Closed","Xu ly su co ERR-00507","Len lich kiem tra thiet bi theo log van hanh va muc do anh huong cua tram.","2025-09-11T22:27:39.3645313","2025-09-13T05:27:39.3645313"
508,"MT-00508",17,229,508,9,9,"Low","Closed","Xu ly su co ERR-00508","Len lich kiem tra thiet bi theo log van hanh va muc do anh huong cua tram.","2025-09-22T22:27:39.3645313","2025-09-24T06:27:39.3645313"
509,"MT-00509",17,230,509,9,9,"Low","Closed","Xu ly su co ERR-00509","Len lich kiem tra thiet bi theo log van hanh va muc do anh huong cua tram.","2025-10-03T22:27:39.3645313","2025-10-05T07:27:39.3645313"
510,"MT-00510",28,231,510,9,9,"Critical","Closed","Xu ly su co ERR-00510","Len lich kiem tra thiet bi theo log van hanh va muc do anh huong cua tram.","2025-10-14T22:27:39.3645313","2025-10-16T08:27:39.3645313"
511,"MT-00511",28,232,511,9,9,"High","Closed","Xu ly su co ERR-00511","Len lich kiem tra thiet bi theo log van hanh va muc do anh huong cua tram.","2025-10-25T22:27:39.3645313","2025-10-27T09:27:39.3645313"
512,"MT-00512",28,233,512,9,9,"Low","Closed","Xu ly su co ERR-00512","Len lich kiem tra thiet bi theo log van hanh va muc do anh huong cua tram.","2025-11-05T22:27:39.3645313","2025-11-07T10:27:39.3645313"
513,"MT-00513",28,234,513,9,9,"Medium","InProgress","Xu ly su co ERR-00513","Len lich kiem tra thiet bi theo log van hanh va muc do anh huong cua tram.","2025-11-16T22:27:39.3645313",
514,"MT-00514",28,235,514,9,9,"Low","Closed","Xu ly su co ERR-00514","Len lich kiem tra thiet bi theo log van hanh va muc do anh huong cua tram.","2025-11-27T22:27:39.3645313","2025-11-29T12:27:39.3645313"
515,"MT-00515",38,236,515,9,9,"Low","Closed","Xu ly su co ERR-00515","Len lich kiem tra thiet bi theo log van hanh va muc do anh huong cua tram.","2025-12-08T22:27:39.3645313","2025-12-10T13:27:39.3645313"
516,"MT-00516",38,237,516,9,9,"Medium","Closed","Xu ly su co ERR-00516","Len lich kiem tra thiet bi theo log van hanh va muc do anh huong cua tram.","2025-12-19T22:27:39.3645313","2025-12-21T14:27:39.3645313"
517,"MT-00517",38,238,517,9,9,"Low","Closed","Xu ly su co ERR-00517","Len lich kiem tra thiet bi theo log van hanh va muc do anh huong cua tram.","2025-12-30T22:27:39.3645313","2026-01-01T15:27:39.3645313"
518,"MT-00518",38,239,518,9,9,"High","Closed","Xu ly su co ERR-00518","Len lich kiem tra thiet bi theo log van hanh va muc do anh huong cua tram.","2026-01-10T22:27:39.3645313","2026-01-12T16:27:39.3645313"
519,"MT-00519",38,240,519,9,9,"Medium","Closed","Xu ly su co ERR-00519","Len lich kiem tra thiet bi theo log van hanh va muc do anh huong cua tram.","2026-01-21T22:27:39.3645313","2026-01-23T17:27:39.3645313"
520,"MT-00520",48,241,520,9,9,"Low","Closed","Xu ly su co ERR-00520","Len lich kiem tra thiet bi theo log van hanh va muc do anh huong cua tram.","2026-02-01T22:27:39.3645313","2026-02-03T18:27:39.3645313"
521,"MT-00521",48,242,521,9,9,"Low","Closed","Xu ly su co ERR-00521","Len lich kiem tra thiet bi theo log van hanh va muc do anh huong cua tram.","2026-02-12T22:27:39.3645313","2026-02-14T19:27:39.3645313"
522,"MT-00522",48,243,522,9,9,"Medium","InProgress","Xu ly su co ERR-00522","Len lich kiem tra thiet bi theo log van hanh va muc do anh huong cua tram.","2026-02-23T22:27:39.3645313",
523,"MT-00523",48,244,523,9,9,"Low","Closed","Xu ly su co ERR-00523","Len lich kiem tra thiet bi theo log van hanh va muc do anh huong cua tram.","2026-03-06T22:27:39.3645313","2026-03-08T21:27:39.3645313"
524,"MT-00524",48,245,524,9,9,"Low","Closed","Xu ly su co ERR-00524","Len lich kiem tra thiet bi theo log van hanh va muc do anh huong cua tram.","2026-03-17T22:27:39.3645313","2026-03-19T22:27:39.3645313"
525,"MT-00525",53,246,525,9,9,"High","Closed","Xu ly su co ERR-00525","Len lich kiem tra thiet bi theo log van hanh va muc do anh huong cua tram.","2026-03-28T22:27:39.3645313","2026-03-30T23:27:39.3645313"
526,"MT-00526",53,247,526,9,9,"Low","Closed","Xu ly su co ERR-00526","Len lich kiem tra thiet bi theo log van hanh va muc do anh huong cua tram.","2026-04-08T22:27:39.3645313","2026-04-11T00:27:39.3645313"
527,"MT-00527",53,248,527,9,9,"Critical","Closed","Xu ly su co ERR-00527","Len lich kiem tra thiet bi theo log van hanh va muc do anh huong cua tram.","2026-04-19T22:27:39.3645313","2026-04-22T01:27:39.3645313"
528,"MT-00528",53,249,528,9,9,"Medium","Closed","Xu ly su co ERR-00528","Len lich kiem tra thiet bi theo log van hanh va muc do anh huong cua tram.","2026-04-30T22:27:39.3645313","2026-05-01T02:27:39.3645313"
529,"MT-00529",53,250,529,9,9,"Low","Closed","Xu ly su co ERR-00529","Len lich kiem tra thiet bi theo log van hanh va muc do anh huong cua tram.","2026-05-11T22:27:39.3645313","2026-05-12T03:27:39.3645313"
530,"MT-00530",59,251,530,9,9,"Low","Closed","Xu ly su co ERR-00530","Len lich kiem tra thiet bi theo log van hanh va muc do anh huong cua tram.","2026-05-22T22:27:39.3645313","2026-05-23T04:27:39.3645313"
531,"MT-00531",59,252,531,9,9,"Medium","InProgress","Xu ly su co ERR-00531","Len lich kiem tra thiet bi theo log van hanh va muc do anh huong cua tram.","2024-06-02T22:27:39.3645313",
532,"MT-00532",59,253,532,9,9,"High","Closed","Xu ly su co ERR-00532","Len lich kiem tra thiet bi theo log van hanh va muc do anh huong cua tram.","2024-06-13T22:27:39.3645313","2024-06-14T06:27:39.3645313"
533,"MT-00533",59,254,533,9,9,"Low","Closed","Xu ly su co ERR-00533","Len lich kiem tra thiet bi theo log van hanh va muc do anh huong cua tram.","2024-06-24T22:27:39.3645313","2024-06-25T07:27:39.3645313"
534,"MT-00534",59,255,534,9,9,"Medium","Closed","Xu ly su co ERR-00534","Len lich kiem tra thiet bi theo log van hanh va muc do anh huong cua tram.","2024-07-05T22:27:39.3645313","2024-07-06T08:27:39.3645313"
535,"MT-00535",68,256,535,9,9,"Low","Closed","Xu ly su co ERR-00535","Len lich kiem tra thiet bi theo log van hanh va muc do anh huong cua tram.","2024-07-16T22:27:39.3645313","2024-07-17T09:27:39.3645313"
536,"MT-00536",68,257,536,9,9,"Low","Closed","Xu ly su co ERR-00536","Len lich kiem tra thiet bi theo log van hanh va muc do anh huong cua tram.","2024-07-27T22:27:39.3645313","2024-07-28T10:27:39.3645313"
537,"MT-00537",68,258,537,9,9,"Medium","Closed","Xu ly su co ERR-00537","Len lich kiem tra thiet bi theo log van hanh va muc do anh huong cua tram.","2024-08-07T22:27:39.3645313","2024-08-08T11:27:39.3645313"
538,"MT-00538",68,259,538,9,9,"Low","Closed","Xu ly su co ERR-00538","Len lich kiem tra thiet bi theo log van hanh va muc do anh huong cua tram.","2024-08-18T22:27:39.3645313","2024-08-19T12:27:39.3645313"
539,"MT-00539",68,260,539,9,9,"High","Closed","Xu ly su co ERR-00539","Len lich kiem tra thiet bi theo log van hanh va muc do anh huong cua tram.","2024-08-29T22:27:39.3645313","2024-08-30T13:27:39.3645313"
540,"MT-00540",74,261,540,9,9,"Medium","InProgress","Xu ly su co ERR-00540","Len lich kiem tra thiet bi theo log van hanh va muc do anh huong cua tram.","2024-09-09T22:27:39.3645313",
541,"MT-00541",74,262,541,9,9,"Low","Closed","Xu ly su co ERR-00541","Len lich kiem tra thiet bi theo log van hanh va muc do anh huong cua tram.","2024-09-20T22:27:39.3645313","2024-09-21T15:27:39.3645313"
542,"MT-00542",74,263,542,9,9,"Low","Closed","Xu ly su co ERR-00542","Len lich kiem tra thiet bi theo log van hanh va muc do anh huong cua tram.","2024-10-01T22:27:39.3645313","2024-10-02T16:27:39.3645313"
543,"MT-00543",74,264,543,9,9,"Medium","Closed","Xu ly su co ERR-00543","Len lich kiem tra thiet bi theo log van hanh va muc do anh huong cua tram.","2024-10-12T22:27:39.3645313","2024-10-13T17:27:39.3645313"
544,"MT-00544",74,265,544,9,9,"Critical","Closed","Xu ly su co ERR-00544","Len lich kiem tra thiet bi theo log van hanh va muc do anh huong cua tram.","2024-10-23T22:27:39.3645313","2024-10-24T18:27:39.3645313"
545,"MT-00545",80,266,545,9,9,"Low","Closed","Xu ly su co ERR-00545","Len lich kiem tra thiet bi theo log van hanh va muc do anh huong cua tram.","2024-11-03T22:27:39.3645313","2024-11-04T19:27:39.3645313"
546,"MT-00546",80,267,546,9,9,"High","Closed","Xu ly su co ERR-00546","Len lich kiem tra thiet bi theo log van hanh va muc do anh huong cua tram.","2024-11-14T22:27:39.3645313","2024-11-15T20:27:39.3645313"
547,"MT-00547",80,268,547,9,9,"Low","Closed","Xu ly su co ERR-00547","Len lich kiem tra thiet bi theo log van hanh va muc do anh huong cua tram.","2024-11-25T22:27:39.3645313","2024-11-26T21:27:39.3645313"
548,"MT-00548",80,269,548,9,9,"Low","Closed","Xu ly su co ERR-00548","Len lich kiem tra thiet bi theo log van hanh va muc do anh huong cua tram.","2024-12-06T22:27:39.3645313","2024-12-07T22:27:39.3645313"
549,"MT-00549",80,270,549,9,9,"Medium","InProgress","Xu ly su co ERR-00549","Len lich kiem tra thiet bi theo log van hanh va muc do anh huong cua tram.","2024-12-17T22:27:39.3645313",
550,"MT-00550",89,271,550,9,9,"Low","Closed","Xu ly su co ERR-00550","Len lich kiem tra thiet bi theo log van hanh va muc do anh huong cua tram.","2024-12-28T22:27:39.3645313","2024-12-30T00:27:39.3645313"
551,"MT-00551",89,272,551,9,9,"Low","Closed","Xu ly su co ERR-00551","Len lich kiem tra thiet bi theo log van hanh va muc do anh huong cua tram.","2025-01-08T22:27:39.3645313","2025-01-10T01:27:39.3645313"
552,"MT-00552",89,273,552,9,9,"Medium","Closed","Xu ly su co ERR-00552","Len lich kiem tra thiet bi theo log van hanh va muc do anh huong cua tram.","2025-01-19T22:27:39.3645313","2025-01-21T02:27:39.3645313"
553,"MT-00553",89,274,553,9,9,"High","Closed","Xu ly su co ERR-00553","Len lich kiem tra thiet bi theo log van hanh va muc do anh huong cua tram.","2025-01-30T22:27:39.3645313","2025-02-01T03:27:39.3645313"
554,"MT-00554",89,275,554,9,9,"Low","Closed","Xu ly su co ERR-00554","Len lich kiem tra thiet bi theo log van hanh va muc do anh huong cua tram.","2025-02-10T22:27:39.3645313","2025-02-12T04:27:39.3645313"
555,"MT-00555",98,276,555,9,9,"Medium","Closed","Xu ly su co ERR-00555","Len lich kiem tra thiet bi theo log van hanh va muc do anh huong cua tram.","2025-02-21T22:27:39.3645313","2025-02-23T05:27:39.3645313"
556,"MT-00556",98,277,556,9,9,"Low","Closed","Xu ly su co ERR-00556","Len lich kiem tra thiet bi theo log van hanh va muc do anh huong cua tram.","2025-03-04T22:27:39.3645313","2025-03-06T06:27:39.3645313"
557,"MT-00557",98,278,557,9,9,"Low","Closed","Xu ly su co ERR-00557","Len lich kiem tra thiet bi theo log van hanh va muc do anh huong cua tram.","2025-03-15T22:27:39.3645313","2025-03-17T07:27:39.3645313"
558,"MT-00558",98,279,558,9,9,"Medium","InProgress","Xu ly su co ERR-00558","Len lich kiem tra thiet bi theo log van hanh va muc do anh huong cua tram.","2025-03-26T22:27:39.3645313",
559,"MT-00559",98,280,559,9,9,"Low","Closed","Xu ly su co ERR-00559","Len lich kiem tra thiet bi theo log van hanh va muc do anh huong cua tram.","2025-04-06T22:27:39.3645313","2025-04-08T09:27:39.3645313"
560,"MT-00560",1,1,560,9,9,"High","Closed","Xu ly su co ERR-00560","Len lich kiem tra thiet bi theo log van hanh va muc do anh huong cua tram.","2025-04-17T22:27:39.3645313","2025-04-19T10:27:39.3645313"
561,"MT-00561",1,2,561,9,9,"Critical","Closed","Xu ly su co ERR-00561","Len lich kiem tra thiet bi theo log van hanh va muc do anh huong cua tram.","2025-04-28T22:27:39.3645313","2025-04-30T11:27:39.3645313"
562,"MT-00562",3,3,562,9,9,"Low","Closed","Xu ly su co ERR-00562","Len lich kiem tra thiet bi theo log van hanh va muc do anh huong cua tram.","2025-05-09T22:27:39.3645313","2025-05-11T12:27:39.3645313"
563,"MT-00563",3,4,563,9,9,"Low","Closed","Xu ly su co ERR-00563","Len lich kiem tra thiet bi theo log van hanh va muc do anh huong cua tram.","2025-05-20T22:27:39.3645313","2025-05-22T13:27:39.3645313"
564,"MT-00564",5,5,564,9,9,"Medium","Closed","Xu ly su co ERR-00564","Len lich kiem tra thiet bi theo log van hanh va muc do anh huong cua tram.","2025-05-31T22:27:39.3645313","2025-06-02T14:27:39.3645313"
565,"MT-00565",5,6,565,9,9,"Low","Closed","Xu ly su co ERR-00565","Len lich kiem tra thiet bi theo log van hanh va muc do anh huong cua tram.","2025-06-11T22:27:39.3645313","2025-06-13T15:27:39.3645313"
566,"MT-00566",6,7,566,9,9,"Low","Closed","Xu ly su co ERR-00566","Len lich kiem tra thiet bi theo log van hanh va muc do anh huong cua tram.","2025-06-22T22:27:39.3645313","2025-06-24T16:27:39.3645313"
567,"MT-00567",6,8,567,9,9,"High","InProgress","Xu ly su co ERR-00567","Len lich kiem tra thiet bi theo log van hanh va muc do anh huong cua tram.","2025-07-03T22:27:39.3645313",
568,"MT-00568",10,9,568,9,9,"Low","Closed","Xu ly su co ERR-00568","Len lich kiem tra thiet bi theo log van hanh va muc do anh huong cua tram.","2025-07-14T22:27:39.3645313","2025-07-16T18:27:39.3645313"
569,"MT-00569",10,10,569,9,9,"Low","Closed","Xu ly su co ERR-00569","Len lich kiem tra thiet bi theo log van hanh va muc do anh huong cua tram.","2025-07-25T22:27:39.3645313","2025-07-27T19:27:39.3645313"
570,"MT-00570",12,11,570,9,9,"Medium","Closed","Xu ly su co ERR-00570","Len lich kiem tra thiet bi theo log van hanh va muc do anh huong cua tram.","2025-08-05T22:27:39.3645313","2025-08-07T20:27:39.3645313"
571,"MT-00571",12,12,571,9,9,"Low","Closed","Xu ly su co ERR-00571","Len lich kiem tra thiet bi theo log van hanh va muc do anh huong cua tram.","2025-08-16T22:27:39.3645313","2025-08-18T21:27:39.3645313"
572,"MT-00572",14,13,572,9,9,"Low","Closed","Xu ly su co ERR-00572","Len lich kiem tra thiet bi theo log van hanh va muc do anh huong cua tram.","2025-08-27T22:27:39.3645313","2025-08-29T22:27:39.3645313"
573,"MT-00573",14,14,573,9,9,"Medium","Closed","Xu ly su co ERR-00573","Len lich kiem tra thiet bi theo log van hanh va muc do anh huong cua tram.","2025-09-07T22:27:39.3645313","2025-09-09T23:27:39.3645313"
574,"MT-00574",16,15,574,9,9,"High","Closed","Xu ly su co ERR-00574","Len lich kiem tra thiet bi theo log van hanh va muc do anh huong cua tram.","2025-09-18T22:27:39.3645313","2025-09-21T00:27:39.3645313"
575,"MT-00575",16,16,575,9,9,"Low","Closed","Xu ly su co ERR-00575","Len lich kiem tra thiet bi theo log van hanh va muc do anh huong cua tram.","2025-09-29T22:27:39.3645313","2025-10-02T01:27:39.3645313"
576,"MT-00576",18,17,576,9,9,"Medium","InProgress","Xu ly su co ERR-00576","Len lich kiem tra thiet bi theo log van hanh va muc do anh huong cua tram.","2025-10-10T22:27:39.3645313",
577,"MT-00577",18,18,577,9,9,"Low","Closed","Xu ly su co ERR-00577","Len lich kiem tra thiet bi theo log van hanh va muc do anh huong cua tram.","2025-10-21T22:27:39.3645313","2025-10-22T03:27:39.3645313"
578,"MT-00578",21,19,578,9,9,"Critical","Closed","Xu ly su co ERR-00578","Len lich kiem tra thiet bi theo log van hanh va muc do anh huong cua tram.","2025-11-01T22:27:39.3645313","2025-11-02T04:27:39.3645313"
579,"MT-00579",21,20,579,9,9,"Medium","Closed","Xu ly su co ERR-00579","Len lich kiem tra thiet bi theo log van hanh va muc do anh huong cua tram.","2025-11-12T22:27:39.3645313","2025-11-13T05:27:39.3645313"
580,"MT-00580",23,21,580,9,9,"Low","Closed","Xu ly su co ERR-00580","Len lich kiem tra thiet bi theo log van hanh va muc do anh huong cua tram.","2025-11-23T22:27:39.3645313","2025-11-24T06:27:39.3645313"
581,"MT-00581",23,22,581,9,9,"High","Closed","Xu ly su co ERR-00581","Len lich kiem tra thiet bi theo log van hanh va muc do anh huong cua tram.","2025-12-04T22:27:39.3645313","2025-12-05T07:27:39.3645313"
582,"MT-00582",24,23,582,9,9,"Medium","Closed","Xu ly su co ERR-00582","Len lich kiem tra thiet bi theo log van hanh va muc do anh huong cua tram.","2025-12-15T22:27:39.3645313","2025-12-16T08:27:39.3645313"
583,"MT-00583",24,24,583,9,9,"Low","Closed","Xu ly su co ERR-00583","Len lich kiem tra thiet bi theo log van hanh va muc do anh huong cua tram.","2025-12-26T22:27:39.3645313","2025-12-27T09:27:39.3645313"
584,"MT-00584",26,25,584,9,9,"Low","Closed","Xu ly su co ERR-00584","Len lich kiem tra thiet bi theo log van hanh va muc do anh huong cua tram.","2026-01-06T22:27:39.3645313","2026-01-07T10:27:39.3645313"
585,"MT-00585",26,26,585,9,9,"Medium","InProgress","Xu ly su co ERR-00585","Len lich kiem tra thiet bi theo log van hanh va muc do anh huong cua tram.","2026-01-17T22:27:39.3645313",
586,"MT-00586",30,27,586,9,9,"Low","Closed","Xu ly su co ERR-00586","Len lich kiem tra thiet bi theo log van hanh va muc do anh huong cua tram.","2026-01-28T22:27:39.3645313","2026-01-29T12:27:39.3645313"
587,"MT-00587",30,28,587,9,9,"Low","Closed","Xu ly su co ERR-00587","Len lich kiem tra thiet bi theo log van hanh va muc do anh huong cua tram.","2026-02-08T22:27:39.3645313","2026-02-09T13:27:39.3645313"
588,"MT-00588",32,29,588,9,9,"High","Closed","Xu ly su co ERR-00588","Len lich kiem tra thiet bi theo log van hanh va muc do anh huong cua tram.","2026-02-19T22:27:39.3645313","2026-02-20T14:27:39.3645313"
589,"MT-00589",32,30,589,9,9,"Low","Closed","Xu ly su co ERR-00589","Len lich kiem tra thiet bi theo log van hanh va muc do anh huong cua tram.","2026-03-02T22:27:39.3645313","2026-03-03T15:27:39.3645313"
590,"MT-00590",34,31,590,9,9,"Low","Closed","Xu ly su co ERR-00590","Len lich kiem tra thiet bi theo log van hanh va muc do anh huong cua tram.","2026-03-13T22:27:39.3645313","2026-03-14T16:27:39.3645313"
591,"MT-00591",34,32,591,9,9,"Medium","Closed","Xu ly su co ERR-00591","Len lich kiem tra thiet bi theo log van hanh va muc do anh huong cua tram.","2026-03-24T22:27:39.3645313","2026-03-25T17:27:39.3645313"
592,"MT-00592",35,33,592,9,9,"Low","Closed","Xu ly su co ERR-00592","Len lich kiem tra thiet bi theo log van hanh va muc do anh huong cua tram.","2026-04-04T22:27:39.3645313","2026-04-05T18:27:39.3645313"
593,"MT-00593",35,34,593,9,9,"Low","Closed","Xu ly su co ERR-00593","Len lich kiem tra thiet bi theo log van hanh va muc do anh huong cua tram.","2026-04-15T22:27:39.3645313","2026-04-16T19:27:39.3645313"
594,"MT-00594",37,35,594,9,9,"Medium","InProgress","Xu ly su co ERR-00594","Len lich kiem tra thiet bi theo log van hanh va muc do anh huong cua tram.","2026-04-26T22:27:39.3645313",
595,"MT-00595",37,36,595,9,9,"Critical","Closed","Xu ly su co ERR-00595","Len lich kiem tra thiet bi theo log van hanh va muc do anh huong cua tram.","2026-05-07T22:27:39.3645313","2026-05-08T21:27:39.3645313"
596,"MT-00596",39,37,596,9,9,"Low","Closed","Xu ly su co ERR-00596","Len lich kiem tra thiet bi theo log van hanh va muc do anh huong cua tram.","2026-05-18T22:27:39.3645313","2026-05-19T22:27:39.3645313"
597,"MT-00597",39,38,597,9,9,"Medium","Closed","Xu ly su co ERR-00597","Len lich kiem tra thiet bi theo log van hanh va muc do anh huong cua tram.","2026-05-29T22:27:39.3645313","2026-05-30T23:27:39.3645313"
598,"MT-00598",42,39,598,9,9,"Low","Closed","Xu ly su co ERR-00598","Len lich kiem tra thiet bi theo log van hanh va muc do anh huong cua tram.","2024-06-09T22:27:39.3645313","2024-06-11T00:27:39.3645313"
599,"MT-00599",42,40,599,9,9,"Low","Closed","Xu ly su co ERR-00599","Len lich kiem tra thiet bi theo log van hanh va muc do anh huong cua tram.","2024-06-20T22:27:39.3645313","2024-06-22T01:27:39.3645313"
600,"MT-00600",44,41,600,9,9,"Medium","Closed","Xu ly su co ERR-00600","Len lich kiem tra thiet bi theo log van hanh va muc do anh huong cua tram.","2024-07-01T22:27:39.3645313","2024-07-03T02:27:39.3645313"
601,"MT-00601",44,42,601,9,9,"Low","Closed","Xu ly su co ERR-00601","Len lich kiem tra thiet bi theo log van hanh va muc do anh huong cua tram.","2024-07-12T22:27:39.3645313","2024-07-14T03:27:39.3645313"
602,"MT-00602",46,43,602,9,9,"High","Closed","Xu ly su co ERR-00602","Len lich kiem tra thiet bi theo log van hanh va muc do anh huong cua tram.","2024-07-23T22:27:39.3645313","2024-07-25T04:27:39.3645313"
603,"MT-00603",46,44,603,9,9,"Medium","InProgress","Xu ly su co ERR-00603","Len lich kiem tra thiet bi theo log van hanh va muc do anh huong cua tram.","2024-08-03T22:27:39.3645313",
604,"MT-00604",50,45,604,9,9,"Low","Closed","Xu ly su co ERR-00604","Len lich kiem tra thiet bi theo log van hanh va muc do anh huong cua tram.","2024-08-14T22:27:39.3645313","2024-08-16T06:27:39.3645313"
605,"MT-00605",50,46,605,9,9,"Low","Closed","Xu ly su co ERR-00605","Len lich kiem tra thiet bi theo log van hanh va muc do anh huong cua tram.","2024-08-25T22:27:39.3645313","2024-08-27T07:27:39.3645313"
606,"MT-00606",52,47,606,9,9,"Medium","Closed","Xu ly su co ERR-00606","Len lich kiem tra thiet bi theo log van hanh va muc do anh huong cua tram.","2024-09-05T22:27:39.3645313","2024-09-07T08:27:39.3645313"
607,"MT-00607",52,48,607,9,9,"Low","Closed","Xu ly su co ERR-00607","Len lich kiem tra thiet bi theo log van hanh va muc do anh huong cua tram.","2024-09-16T22:27:39.3645313","2024-09-18T09:27:39.3645313"
608,"MT-00608",55,49,608,9,9,"Low","Closed","Xu ly su co ERR-00608","Len lich kiem tra thiet bi theo log van hanh va muc do anh huong cua tram.","2024-09-27T22:27:39.3645313","2024-09-29T10:27:39.3645313"
609,"MT-00609",55,50,609,9,9,"High","Closed","Xu ly su co ERR-00609","Len lich kiem tra thiet bi theo log van hanh va muc do anh huong cua tram.","2024-10-08T22:27:39.3645313","2024-10-10T11:27:39.3645313"
610,"MT-00610",57,51,610,9,9,"Low","Closed","Xu ly su co ERR-00610","Len lich kiem tra thiet bi theo log van hanh va muc do anh huong cua tram.","2024-10-19T22:27:39.3645313","2024-10-21T12:27:39.3645313"
611,"MT-00611",57,52,611,9,9,"Low","Closed","Xu ly su co ERR-00611","Len lich kiem tra thiet bi theo log van hanh va muc do anh huong cua tram.","2024-10-30T22:27:39.3645313","2024-11-01T13:27:39.3645313"
612,"MT-00612",60,53,612,9,9,"Critical","InProgress","Xu ly su co ERR-00612","Len lich kiem tra thiet bi theo log van hanh va muc do anh huong cua tram.","2024-11-10T22:27:39.3645313",
613,"MT-00613",60,54,613,9,9,"Low","Closed","Xu ly su co ERR-00613","Len lich kiem tra thiet bi theo log van hanh va muc do anh huong cua tram.","2024-11-21T22:27:39.3645313","2024-11-23T15:27:39.3645313"
614,"MT-00614",62,55,614,9,9,"Low","Closed","Xu ly su co ERR-00614","Len lich kiem tra thiet bi theo log van hanh va muc do anh huong cua tram.","2024-12-02T22:27:39.3645313","2024-12-04T16:27:39.3645313"
615,"MT-00615",62,56,615,9,9,"Medium","Closed","Xu ly su co ERR-00615","Len lich kiem tra thiet bi theo log van hanh va muc do anh huong cua tram.","2024-12-13T22:27:39.3645313","2024-12-15T17:27:39.3645313"
616,"MT-00616",65,57,616,9,9,"High","Closed","Xu ly su co ERR-00616","Len lich kiem tra thiet bi theo log van hanh va muc do anh huong cua tram.","2024-12-24T22:27:39.3645313","2024-12-26T18:27:39.3645313"
617,"MT-00617",65,58,617,9,9,"Low","Closed","Xu ly su co ERR-00617","Len lich kiem tra thiet bi theo log van hanh va muc do anh huong cua tram.","2025-01-04T22:27:39.3645313","2025-01-06T19:27:39.3645313"
618,"MT-00618",67,59,618,9,9,"Medium","Closed","Xu ly su co ERR-00618","Len lich kiem tra thiet bi theo log van hanh va muc do anh huong cua tram.","2025-01-15T22:27:39.3645313","2025-01-17T20:27:39.3645313"
619,"MT-00619",67,60,619,9,9,"Low","Closed","Xu ly su co ERR-00619","Len lich kiem tra thiet bi theo log van hanh va muc do anh huong cua tram.","2025-01-26T22:27:39.3645313","2025-01-28T21:27:39.3645313"
620,"MT-00620",70,61,620,9,9,"Low","Closed","Xu ly su co ERR-00620","Len lich kiem tra thiet bi theo log van hanh va muc do anh huong cua tram.","2025-02-06T22:27:39.3645313","2025-02-08T22:27:39.3645313"
621,"MT-00621",70,62,621,9,9,"Medium","InProgress","Xu ly su co ERR-00621","Len lich kiem tra thiet bi theo log van hanh va muc do anh huong cua tram.","2025-02-17T22:27:39.3645313",
622,"MT-00622",73,63,622,9,9,"Low","Closed","Xu ly su co ERR-00622","Len lich kiem tra thiet bi theo log van hanh va muc do anh huong cua tram.","2025-02-28T22:27:39.3645313","2025-03-03T00:27:39.3645313"
623,"MT-00623",73,64,623,9,9,"High","Closed","Xu ly su co ERR-00623","Len lich kiem tra thiet bi theo log van hanh va muc do anh huong cua tram.","2025-03-11T22:27:39.3645313","2025-03-14T01:27:39.3645313"
624,"MT-00624",75,65,624,9,9,"Medium","Closed","Xu ly su co ERR-00624","Len lich kiem tra thiet bi theo log van hanh va muc do anh huong cua tram.","2025-03-22T22:27:39.3645313","2025-03-23T02:27:39.3645313"
625,"MT-00625",75,66,625,9,9,"Low","Closed","Xu ly su co ERR-00625","Len lich kiem tra thiet bi theo log van hanh va muc do anh huong cua tram.","2025-04-02T22:27:39.3645313","2025-04-03T03:27:39.3645313"
626,"MT-00626",76,67,626,9,9,"Low","Closed","Xu ly su co ERR-00626","Len lich kiem tra thiet bi theo log van hanh va muc do anh huong cua tram.","2025-04-13T22:27:39.3645313","2025-04-14T04:27:39.3645313"
627,"MT-00627",76,68,627,9,9,"Medium","Closed","Xu ly su co ERR-00627","Len lich kiem tra thiet bi theo log van hanh va muc do anh huong cua tram.","2025-04-24T22:27:39.3645313","2025-04-25T05:27:39.3645313"
628,"MT-00628",78,69,628,9,9,"Low","Closed","Xu ly su co ERR-00628","Len lich kiem tra thiet bi theo log van hanh va muc do anh huong cua tram.","2025-05-05T22:27:39.3645313","2025-05-06T06:27:39.3645313"
629,"MT-00629",78,70,629,9,9,"Critical","Closed","Xu ly su co ERR-00629","Len lich kiem tra thiet bi theo log van hanh va muc do anh huong cua tram.","2025-05-16T22:27:39.3645313","2025-05-17T07:27:39.3645313"
630,"MT-00630",81,71,630,9,9,"High","InProgress","Xu ly su co ERR-00630","Len lich kiem tra thiet bi theo log van hanh va muc do anh huong cua tram.","2025-05-27T22:27:39.3645313",
631,"MT-00631",81,72,631,9,9,"Low","Closed","Xu ly su co ERR-00631","Len lich kiem tra thiet bi theo log van hanh va muc do anh huong cua tram.","2025-06-07T22:27:39.3645313","2025-06-08T09:27:39.3645313"
632,"MT-00632",83,73,632,9,9,"Low","Closed","Xu ly su co ERR-00632","Len lich kiem tra thiet bi theo log van hanh va muc do anh huong cua tram.","2025-06-18T22:27:39.3645313","2025-06-19T10:27:39.3645313"
633,"MT-00633",83,74,633,9,9,"Medium","Closed","Xu ly su co ERR-00633","Len lich kiem tra thiet bi theo log van hanh va muc do anh huong cua tram.","2025-06-29T22:27:39.3645313","2025-06-30T11:27:39.3645313"
634,"MT-00634",85,75,634,9,9,"Low","Closed","Xu ly su co ERR-00634","Len lich kiem tra thiet bi theo log van hanh va muc do anh huong cua tram.","2025-07-10T22:27:39.3645313","2025-07-11T12:27:39.3645313"
635,"MT-00635",85,76,635,9,9,"Low","Closed","Xu ly su co ERR-00635","Len lich kiem tra thiet bi theo log van hanh va muc do anh huong cua tram.","2025-07-21T22:27:39.3645313","2025-07-22T13:27:39.3645313"
636,"MT-00636",87,77,636,9,9,"Medium","Closed","Xu ly su co ERR-00636","Len lich kiem tra thiet bi theo log van hanh va muc do anh huong cua tram.","2025-08-01T22:27:39.3645313","2025-08-02T14:27:39.3645313"
637,"MT-00637",87,78,637,9,9,"High","Closed","Xu ly su co ERR-00637","Len lich kiem tra thiet bi theo log van hanh va muc do anh huong cua tram.","2025-08-12T22:27:39.3645313","2025-08-13T15:27:39.3645313"
638,"MT-00638",91,79,638,9,9,"Low","Closed","Xu ly su co ERR-00638","Len lich kiem tra thiet bi theo log van hanh va muc do anh huong cua tram.","2025-08-23T22:27:39.3645313","2025-08-24T16:27:39.3645313"
639,"MT-00639",91,80,639,9,9,"Medium","InProgress","Xu ly su co ERR-00639","Len lich kiem tra thiet bi theo log van hanh va muc do anh huong cua tram.","2025-09-03T22:27:39.3645313",
640,"MT-00640",93,81,640,9,9,"Low","Closed","Xu ly su co ERR-00640","Len lich kiem tra thiet bi theo log van hanh va muc do anh huong cua tram.","2025-09-14T22:27:39.3645313","2025-09-15T18:27:39.3645313"
641,"MT-00641",93,82,641,9,9,"Low","Closed","Xu ly su co ERR-00641","Len lich kiem tra thiet bi theo log van hanh va muc do anh huong cua tram.","2025-09-25T22:27:39.3645313","2025-09-26T19:27:39.3645313"
642,"MT-00642",95,83,642,9,9,"Medium","Closed","Xu ly su co ERR-00642","Len lich kiem tra thiet bi theo log van hanh va muc do anh huong cua tram.","2025-10-06T22:27:39.3645313","2025-10-07T20:27:39.3645313"
643,"MT-00643",95,84,643,9,9,"Low","Closed","Xu ly su co ERR-00643","Len lich kiem tra thiet bi theo log van hanh va muc do anh huong cua tram.","2025-10-17T22:27:39.3645313","2025-10-18T21:27:39.3645313"
644,"MT-00644",97,85,644,9,9,"High","Closed","Xu ly su co ERR-00644","Len lich kiem tra thiet bi theo log van hanh va muc do anh huong cua tram.","2025-10-28T22:27:39.3645313","2025-10-29T22:27:39.3645313"
645,"MT-00645",97,86,645,9,9,"Medium","Closed","Xu ly su co ERR-00645","Len lich kiem tra thiet bi theo log van hanh va muc do anh huong cua tram.","2025-11-08T22:27:39.3645313","2025-11-09T23:27:39.3645313"
646,"MT-00646",99,87,646,9,9,"Critical","Closed","Xu ly su co ERR-00646","Len lich kiem tra thiet bi theo log van hanh va muc do anh huong cua tram.","2025-11-19T22:27:39.3645313","2025-11-21T00:27:39.3645313"
647,"MT-00647",99,88,647,9,9,"Low","Closed","Xu ly su co ERR-00647","Len lich kiem tra thiet bi theo log van hanh va muc do anh huong cua tram.","2025-11-30T22:27:39.3645313","2025-12-02T01:27:39.3645313"
648,"MT-00648",100,89,648,9,9,"Medium","InProgress","Xu ly su co ERR-00648","Len lich kiem tra thiet bi theo log van hanh va muc do anh huong cua tram.","2025-12-11T22:27:39.3645313",
649,"MT-00649",100,90,649,9,9,"Low","Closed","Xu ly su co ERR-00649","Len lich kiem tra thiet bi theo log van hanh va muc do anh huong cua tram.","2025-12-22T22:27:39.3645313","2025-12-24T03:27:39.3645313"
650,"MT-00650",100,91,650,9,9,"Low","Closed","Xu ly su co ERR-00650","Len lich kiem tra thiet bi theo log van hanh va muc do anh huong cua tram.","2026-01-02T22:27:39.3645313","2026-01-04T04:27:39.3645313"
651,"MT-00651",96,92,651,9,9,"High","Closed","Xu ly su co ERR-00651","Len lich kiem tra thiet bi theo log van hanh va muc do anh huong cua tram.","2026-01-13T22:27:39.3645313","2026-01-15T05:27:39.3645313"
652,"MT-00652",96,93,652,9,9,"Low","Closed","Xu ly su co ERR-00652","Len lich kiem tra thiet bi theo log van hanh va muc do anh huong cua tram.","2026-01-24T22:27:39.3645313","2026-01-26T06:27:39.3645313"
653,"MT-00653",96,94,653,9,9,"Low","Closed","Xu ly su co ERR-00653","Len lich kiem tra thiet bi theo log van hanh va muc do anh huong cua tram.","2026-02-04T22:27:39.3645313","2026-02-06T07:27:39.3645313"
654,"MT-00654",94,95,654,9,9,"Medium","Closed","Xu ly su co ERR-00654","Len lich kiem tra thiet bi theo log van hanh va muc do anh huong cua tram.","2026-02-15T22:27:39.3645313","2026-02-17T08:27:39.3645313"
655,"MT-00655",94,96,655,9,9,"Low","Closed","Xu ly su co ERR-00655","Len lich kiem tra thiet bi theo log van hanh va muc do anh huong cua tram.","2026-02-26T22:27:39.3645313","2026-02-28T09:27:39.3645313"
656,"MT-00656",94,97,656,9,9,"Low","Closed","Xu ly su co ERR-00656","Len lich kiem tra thiet bi theo log van hanh va muc do anh huong cua tram.","2026-03-09T22:27:39.3645313","2026-03-11T10:27:39.3645313"
657,"MT-00657",92,98,657,9,9,"Medium","InProgress","Xu ly su co ERR-00657","Len lich kiem tra thiet bi theo log van hanh va muc do anh huong cua tram.","2026-03-20T22:27:39.3645313",
658,"MT-00658",92,99,658,9,9,"High","Closed","Xu ly su co ERR-00658","Len lich kiem tra thiet bi theo log van hanh va muc do anh huong cua tram.","2026-03-31T22:27:39.3645313","2026-04-02T12:27:39.3645313"
659,"MT-00659",92,100,659,9,9,"Low","Closed","Xu ly su co ERR-00659","Len lich kiem tra thiet bi theo log van hanh va muc do anh huong cua tram.","2026-04-11T22:27:39.3645313","2026-04-13T13:27:39.3645313"
660,"MT-00660",69,101,660,9,9,"Medium","Closed","Xu ly su co ERR-00660","Len lich kiem tra thiet bi theo log van hanh va muc do anh huong cua tram.","2026-04-22T22:27:39.3645313","2026-04-24T14:27:39.3645313"
661,"MT-00661",69,102,661,9,9,"Low","Closed","Xu ly su co ERR-00661","Len lich kiem tra thiet bi theo log van hanh va muc do anh huong cua tram.","2026-05-03T22:27:39.3645313","2026-05-05T15:27:39.3645313"
662,"MT-00662",69,103,662,9,9,"Low","Closed","Xu ly su co ERR-00662","Len lich kiem tra thiet bi theo log van hanh va muc do anh huong cua tram.","2026-05-14T22:27:39.3645313","2026-05-16T16:27:39.3645313"
663,"MT-00663",90,104,663,9,9,"Critical","Closed","Xu ly su co ERR-00663","Len lich kiem tra thiet bi theo log van hanh va muc do anh huong cua tram.","2026-05-25T22:27:39.3645313","2026-05-27T17:27:39.3645313"
664,"MT-00664",90,105,664,9,9,"Low","Closed","Xu ly su co ERR-00664","Len lich kiem tra thiet bi theo log van hanh va muc do anh huong cua tram.","2024-06-05T22:27:39.3645313","2024-06-07T18:27:39.3645313"
665,"MT-00665",90,106,665,9,9,"High","Closed","Xu ly su co ERR-00665","Len lich kiem tra thiet bi theo log van hanh va muc do anh huong cua tram.","2024-06-16T22:27:39.3645313","2024-06-18T19:27:39.3645313"
666,"MT-00666",88,107,666,9,9,"Medium","InProgress","Xu ly su co ERR-00666","Len lich kiem tra thiet bi theo log van hanh va muc do anh huong cua tram.","2024-06-27T22:27:39.3645313",
667,"MT-00667",88,108,667,9,9,"Low","Closed","Xu ly su co ERR-00667","Len lich kiem tra thiet bi theo log van hanh va muc do anh huong cua tram.","2024-07-08T22:27:39.3645313","2024-07-10T21:27:39.3645313"
668,"MT-00668",88,109,668,9,9,"Low","Closed","Xu ly su co ERR-00668","Len lich kiem tra thiet bi theo log van hanh va muc do anh huong cua tram.","2024-07-19T22:27:39.3645313","2024-07-21T22:27:39.3645313"
669,"MT-00669",86,110,669,9,9,"Medium","Closed","Xu ly su co ERR-00669","Len lich kiem tra thiet bi theo log van hanh va muc do anh huong cua tram.","2024-07-30T22:27:39.3645313","2024-08-01T23:27:39.3645313"
670,"MT-00670",86,111,670,9,9,"Low","Closed","Xu ly su co ERR-00670","Len lich kiem tra thiet bi theo log van hanh va muc do anh huong cua tram.","2024-08-10T22:27:39.3645313","2024-08-13T00:27:39.3645313"
671,"MT-00671",86,112,671,9,9,"Low","Closed","Xu ly su co ERR-00671","Len lich kiem tra thiet bi theo log van hanh va muc do anh huong cua tram.","2024-08-21T22:27:39.3645313","2024-08-24T01:27:39.3645313"
672,"MT-00672",84,113,672,9,9,"High","Closed","Xu ly su co ERR-00672","Len lich kiem tra thiet bi theo log van hanh va muc do anh huong cua tram.","2024-09-01T22:27:39.3645313","2024-09-02T02:27:39.3645313"
673,"MT-00673",84,114,673,9,9,"Low","Closed","Xu ly su co ERR-00673","Len lich kiem tra thiet bi theo log van hanh va muc do anh huong cua tram.","2024-09-12T22:27:39.3645313","2024-09-13T03:27:39.3645313"
674,"MT-00674",84,115,674,9,9,"Low","Closed","Xu ly su co ERR-00674","Len lich kiem tra thiet bi theo log van hanh va muc do anh huong cua tram.","2024-09-23T22:27:39.3645313","2024-09-24T04:27:39.3645313"
675,"MT-00675",82,116,675,9,9,"Medium","InProgress","Xu ly su co ERR-00675","Len lich kiem tra thiet bi theo log van hanh va muc do anh huong cua tram.","2024-10-04T22:27:39.3645313",
676,"MT-00676",82,117,676,9,9,"Low","Closed","Xu ly su co ERR-00676","Len lich kiem tra thiet bi theo log van hanh va muc do anh huong cua tram.","2024-10-15T22:27:39.3645313","2024-10-16T06:27:39.3645313"
677,"MT-00677",82,118,677,9,9,"Low","Closed","Xu ly su co ERR-00677","Len lich kiem tra thiet bi theo log van hanh va muc do anh huong cua tram.","2024-10-26T22:27:39.3645313","2024-10-27T07:27:39.3645313"
678,"MT-00678",79,119,678,9,9,"Medium","Closed","Xu ly su co ERR-00678","Len lich kiem tra thiet bi theo log van hanh va muc do anh huong cua tram.","2024-11-06T22:27:39.3645313","2024-11-07T08:27:39.3645313"
679,"MT-00679",79,120,679,9,9,"High","Closed","Xu ly su co ERR-00679","Len lich kiem tra thiet bi theo log van hanh va muc do anh huong cua tram.","2024-11-17T22:27:39.3645313","2024-11-18T09:27:39.3645313"
680,"MT-00680",79,121,680,9,9,"Critical","Closed","Xu ly su co ERR-00680","Len lich kiem tra thiet bi theo log van hanh va muc do anh huong cua tram.","2024-11-28T22:27:39.3645313","2024-11-29T10:27:39.3645313"
681,"MT-00681",77,122,681,9,9,"Medium","Closed","Xu ly su co ERR-00681","Len lich kiem tra thiet bi theo log van hanh va muc do anh huong cua tram.","2024-12-09T22:27:39.3645313","2024-12-10T11:27:39.3645313"
682,"MT-00682",77,123,682,9,9,"Low","Closed","Xu ly su co ERR-00682","Len lich kiem tra thiet bi theo log van hanh va muc do anh huong cua tram.","2024-12-20T22:27:39.3645313","2024-12-21T12:27:39.3645313"
683,"MT-00683",77,124,683,9,9,"Low","Closed","Xu ly su co ERR-00683","Len lich kiem tra thiet bi theo log van hanh va muc do anh huong cua tram.","2024-12-31T22:27:39.3645313","2025-01-01T13:27:39.3645313"
684,"MT-00684",71,125,684,9,9,"Medium","InProgress","Xu ly su co ERR-00684","Len lich kiem tra thiet bi theo log van hanh va muc do anh huong cua tram.","2025-01-11T22:27:39.3645313",
685,"MT-00685",71,126,685,9,9,"Low","Closed","Xu ly su co ERR-00685","Len lich kiem tra thiet bi theo log van hanh va muc do anh huong cua tram.","2025-01-22T22:27:39.3645313","2025-01-23T15:27:39.3645313"
686,"MT-00686",71,127,686,9,9,"High","Closed","Xu ly su co ERR-00686","Len lich kiem tra thiet bi theo log van hanh va muc do anh huong cua tram.","2025-02-02T22:27:39.3645313","2025-02-03T16:27:39.3645313"
687,"MT-00687",72,128,687,9,9,"Medium","Closed","Xu ly su co ERR-00687","Len lich kiem tra thiet bi theo log van hanh va muc do anh huong cua tram.","2025-02-13T22:27:39.3645313","2025-02-14T17:27:39.3645313"
688,"MT-00688",72,129,688,9,9,"Low","Closed","Xu ly su co ERR-00688","Len lich kiem tra thiet bi theo log van hanh va muc do anh huong cua tram.","2025-02-24T22:27:39.3645313","2025-02-25T18:27:39.3645313"
689,"MT-00689",72,130,689,9,9,"Low","Closed","Xu ly su co ERR-00689","Len lich kiem tra thiet bi theo log van hanh va muc do anh huong cua tram.","2025-03-07T22:27:39.3645313","2025-03-08T19:27:39.3645313"
690,"MT-00690",66,131,690,9,9,"Medium","Closed","Xu ly su co ERR-00690","Len lich kiem tra thiet bi theo log van hanh va muc do anh huong cua tram.","2025-03-18T22:27:39.3645313","2025-03-19T20:27:39.3645313"
691,"MT-00691",66,132,691,9,9,"Low","Closed","Xu ly su co ERR-00691","Len lich kiem tra thiet bi theo log van hanh va muc do anh huong cua tram.","2025-03-29T22:27:39.3645313","2025-03-30T21:27:39.3645313"
692,"MT-00692",66,133,692,9,9,"Low","Closed","Xu ly su co ERR-00692","Len lich kiem tra thiet bi theo log van hanh va muc do anh huong cua tram.","2025-04-09T22:27:39.3645313","2025-04-10T22:27:39.3645313"
693,"MT-00693",63,134,693,9,9,"High","InProgress","Xu ly su co ERR-00693","Len lich kiem tra thiet bi theo log van hanh va muc do anh huong cua tram.","2025-04-20T22:27:39.3645313",
694,"MT-00694",63,135,694,9,9,"Low","Closed","Xu ly su co ERR-00694","Len lich kiem tra thiet bi theo log van hanh va muc do anh huong cua tram.","2025-05-01T22:27:39.3645313","2025-05-03T00:27:39.3645313"
695,"MT-00695",63,136,695,9,9,"Low","Closed","Xu ly su co ERR-00695","Len lich kiem tra thiet bi theo log van hanh va muc do anh huong cua tram.","2025-05-12T22:27:39.3645313","2025-05-14T01:27:39.3645313"
696,"MT-00696",64,137,696,9,9,"Medium","Closed","Xu ly su co ERR-00696","Len lich kiem tra thiet bi theo log van hanh va muc do anh huong cua tram.","2025-05-23T22:27:39.3645313","2025-05-25T02:27:39.3645313"
697,"MT-00697",64,138,697,9,9,"Critical","Closed","Xu ly su co ERR-00697","Len lich kiem tra thiet bi theo log van hanh va muc do anh huong cua tram.","2025-06-03T22:27:39.3645313","2025-06-05T03:27:39.3645313"
698,"MT-00698",64,139,698,9,9,"Low","Closed","Xu ly su co ERR-00698","Len lich kiem tra thiet bi theo log van hanh va muc do anh huong cua tram.","2025-06-14T22:27:39.3645313","2025-06-16T04:27:39.3645313"
699,"MT-00699",61,140,699,9,9,"Medium","Closed","Xu ly su co ERR-00699","Len lich kiem tra thiet bi theo log van hanh va muc do anh huong cua tram.","2025-06-25T22:27:39.3645313","2025-06-27T05:27:39.3645313"
700,"MT-00700",61,141,700,9,9,"High","Closed","Xu ly su co ERR-00700","Len lich kiem tra thiet bi theo log van hanh va muc do anh huong cua tram.","2025-07-06T22:27:39.3645313","2025-07-08T06:27:39.3645313"
701,"MT-00701",61,142,701,9,9,"Low","Closed","Xu ly su co ERR-00701","Len lich kiem tra thiet bi theo log van hanh va muc do anh huong cua tram.","2025-07-17T22:27:39.3645313","2025-07-19T07:27:39.3645313"
702,"MT-00702",58,143,702,9,9,"Medium","InProgress","Xu ly su co ERR-00702","Len lich kiem tra thiet bi theo log van hanh va muc do anh huong cua tram.","2025-07-28T22:27:39.3645313",
703,"MT-00703",58,144,703,9,9,"Low","Closed","Xu ly su co ERR-00703","Len lich kiem tra thiet bi theo log van hanh va muc do anh huong cua tram.","2025-08-08T22:27:39.3645313","2025-08-10T09:27:39.3645313"
704,"MT-00704",58,145,704,9,9,"Low","Closed","Xu ly su co ERR-00704","Len lich kiem tra thiet bi theo log van hanh va muc do anh huong cua tram.","2025-08-19T22:27:39.3645313","2025-08-21T10:27:39.3645313"
705,"MT-00705",56,146,705,9,9,"Medium","Closed","Xu ly su co ERR-00705","Len lich kiem tra thiet bi theo log van hanh va muc do anh huong cua tram.","2025-08-30T22:27:39.3645313","2025-09-01T11:27:39.3645313"
706,"MT-00706",56,147,706,9,9,"Low","Closed","Xu ly su co ERR-00706","Len lich kiem tra thiet bi theo log van hanh va muc do anh huong cua tram.","2025-09-10T22:27:39.3645313","2025-09-12T12:27:39.3645313"
707,"MT-00707",56,148,707,9,9,"High","Closed","Xu ly su co ERR-00707","Len lich kiem tra thiet bi theo log van hanh va muc do anh huong cua tram.","2025-09-21T22:27:39.3645313","2025-09-23T13:27:39.3645313"
708,"MT-00708",49,149,708,9,9,"Medium","Closed","Xu ly su co ERR-00708","Len lich kiem tra thiet bi theo log van hanh va muc do anh huong cua tram.","2025-10-02T22:27:39.3645313","2025-10-04T14:27:39.3645313"
709,"MT-00709",49,150,709,9,9,"Low","Closed","Xu ly su co ERR-00709","Len lich kiem tra thiet bi theo log van hanh va muc do anh huong cua tram.","2025-10-13T22:27:39.3645313","2025-10-15T15:27:39.3645313"
710,"MT-00710",49,151,710,9,9,"Low","Closed","Xu ly su co ERR-00710","Len lich kiem tra thiet bi theo log van hanh va muc do anh huong cua tram.","2025-10-24T22:27:39.3645313","2025-10-26T16:27:39.3645313"
711,"MT-00711",54,152,711,9,9,"Medium","InProgress","Xu ly su co ERR-00711","Len lich kiem tra thiet bi theo log van hanh va muc do anh huong cua tram.","2025-11-04T22:27:39.3645313",
712,"MT-00712",54,153,712,9,9,"Low","Closed","Xu ly su co ERR-00712","Len lich kiem tra thiet bi theo log van hanh va muc do anh huong cua tram.","2025-11-15T22:27:39.3645313","2025-11-17T18:27:39.3645313"
713,"MT-00713",54,154,713,9,9,"Low","Closed","Xu ly su co ERR-00713","Len lich kiem tra thiet bi theo log van hanh va muc do anh huong cua tram.","2025-11-26T22:27:39.3645313","2025-11-28T19:27:39.3645313"
714,"MT-00714",51,155,714,9,9,"Critical","Closed","Xu ly su co ERR-00714","Len lich kiem tra thiet bi theo log van hanh va muc do anh huong cua tram.","2025-12-07T22:27:39.3645313","2025-12-09T20:27:39.3645313"
715,"MT-00715",51,156,715,9,9,"Low","Closed","Xu ly su co ERR-00715","Len lich kiem tra thiet bi theo log van hanh va muc do anh huong cua tram.","2025-12-18T22:27:39.3645313","2025-12-20T21:27:39.3645313"
716,"MT-00716",51,157,716,9,9,"Low","Closed","Xu ly su co ERR-00716","Len lich kiem tra thiet bi theo log van hanh va muc do anh huong cua tram.","2025-12-29T22:27:39.3645313","2025-12-31T22:27:39.3645313"
717,"MT-00717",47,158,717,9,9,"Medium","Closed","Xu ly su co ERR-00717","Len lich kiem tra thiet bi theo log van hanh va muc do anh huong cua tram.","2026-01-09T22:27:39.3645313","2026-01-11T23:27:39.3645313"
718,"MT-00718",47,159,718,9,9,"Low","Closed","Xu ly su co ERR-00718","Len lich kiem tra thiet bi theo log van hanh va muc do anh huong cua tram.","2026-01-20T22:27:39.3645313","2026-01-23T00:27:39.3645313"
719,"MT-00719",47,160,719,9,9,"Low","Closed","Xu ly su co ERR-00719","Len lich kiem tra thiet bi theo log van hanh va muc do anh huong cua tram.","2026-01-31T22:27:39.3645313","2026-02-03T01:27:39.3645313"
720,"MT-00720",45,161,720,9,9,"Medium","InProgress","Xu ly su co ERR-00720","Len lich kiem tra thiet bi theo log van hanh va muc do anh huong cua tram.","2026-02-11T22:27:39.3645313",
721,"MT-00721",45,162,721,9,9,"High","Closed","Xu ly su co ERR-00721","Len lich kiem tra thiet bi theo log van hanh va muc do anh huong cua tram.","2026-02-22T22:27:39.3645313","2026-02-23T03:27:39.3645313"
722,"MT-00722",45,163,722,9,9,"Low","Closed","Xu ly su co ERR-00722","Len lich kiem tra thiet bi theo log van hanh va muc do anh huong cua tram.","2026-03-05T22:27:39.3645313","2026-03-06T04:27:39.3645313"
723,"MT-00723",43,164,723,9,9,"Medium","Closed","Xu ly su co ERR-00723","Len lich kiem tra thiet bi theo log van hanh va muc do anh huong cua tram.","2026-03-16T22:27:39.3645313","2026-03-17T05:27:39.3645313"
724,"MT-00724",43,165,724,9,9,"Low","Closed","Xu ly su co ERR-00724","Len lich kiem tra thiet bi theo log van hanh va muc do anh huong cua tram.","2026-03-27T22:27:39.3645313","2026-03-28T06:27:39.3645313"
725,"MT-00725",43,166,725,9,9,"Low","Closed","Xu ly su co ERR-00725","Len lich kiem tra thiet bi theo log van hanh va muc do anh huong cua tram.","2026-04-07T22:27:39.3645313","2026-04-08T07:27:39.3645313"
726,"MT-00726",40,167,726,9,9,"Medium","Closed","Xu ly su co ERR-00726","Len lich kiem tra thiet bi theo log van hanh va muc do anh huong cua tram.","2026-04-18T22:27:39.3645313","2026-04-19T08:27:39.3645313"
727,"MT-00727",40,168,727,9,9,"Low","Closed","Xu ly su co ERR-00727","Len lich kiem tra thiet bi theo log van hanh va muc do anh huong cua tram.","2026-04-29T22:27:39.3645313","2026-04-30T09:27:39.3645313"
728,"MT-00728",40,169,728,9,9,"High","Closed","Xu ly su co ERR-00728","Len lich kiem tra thiet bi theo log van hanh va muc do anh huong cua tram.","2026-05-10T22:27:39.3645313","2026-05-11T10:27:39.3645313"
729,"MT-00729",41,170,729,9,9,"Medium","InProgress","Xu ly su co ERR-00729","Len lich kiem tra thiet bi theo log van hanh va muc do anh huong cua tram.","2026-05-21T22:27:39.3645313",
730,"MT-00730",41,171,730,9,9,"Low","Closed","Xu ly su co ERR-00730","Len lich kiem tra thiet bi theo log van hanh va muc do anh huong cua tram.","2024-06-01T22:27:39.3645313","2024-06-02T12:27:39.3645313"
731,"MT-00731",41,172,731,9,9,"Critical","Closed","Xu ly su co ERR-00731","Len lich kiem tra thiet bi theo log van hanh va muc do anh huong cua tram.","2024-06-12T22:27:39.3645313","2024-06-13T13:27:39.3645313"
732,"MT-00732",36,173,732,9,9,"Medium","Closed","Xu ly su co ERR-00732","Len lich kiem tra thiet bi theo log van hanh va muc do anh huong cua tram.","2024-06-23T22:27:39.3645313","2024-06-24T14:27:39.3645313"
733,"MT-00733",36,174,733,9,9,"Low","Closed","Xu ly su co ERR-00733","Len lich kiem tra thiet bi theo log van hanh va muc do anh huong cua tram.","2024-07-04T22:27:39.3645313","2024-07-05T15:27:39.3645313"
734,"MT-00734",36,175,734,9,9,"Low","Closed","Xu ly su co ERR-00734","Len lich kiem tra thiet bi theo log van hanh va muc do anh huong cua tram.","2024-07-15T22:27:39.3645313","2024-07-16T16:27:39.3645313"
735,"MT-00735",33,176,735,9,9,"High","Closed","Xu ly su co ERR-00735","Len lich kiem tra thiet bi theo log van hanh va muc do anh huong cua tram.","2024-07-26T22:27:39.3645313","2024-07-27T17:27:39.3645313"
736,"MT-00736",33,177,736,9,9,"Low","Closed","Xu ly su co ERR-00736","Len lich kiem tra thiet bi theo log van hanh va muc do anh huong cua tram.","2024-08-06T22:27:39.3645313","2024-08-07T18:27:39.3645313"
737,"MT-00737",33,178,737,9,9,"Low","Closed","Xu ly su co ERR-00737","Len lich kiem tra thiet bi theo log van hanh va muc do anh huong cua tram.","2024-08-17T22:27:39.3645313","2024-08-18T19:27:39.3645313"
738,"MT-00738",31,179,738,9,9,"Medium","InProgress","Xu ly su co ERR-00738","Len lich kiem tra thiet bi theo log van hanh va muc do anh huong cua tram.","2024-08-28T22:27:39.3645313",
739,"MT-00739",31,180,739,9,9,"Low","Closed","Xu ly su co ERR-00739","Len lich kiem tra thiet bi theo log van hanh va muc do anh huong cua tram.","2024-09-08T22:27:39.3645313","2024-09-09T21:27:39.3645313"
740,"MT-00740",31,181,740,9,9,"Low","Closed","Xu ly su co ERR-00740","Len lich kiem tra thiet bi theo log van hanh va muc do anh huong cua tram.","2024-09-19T22:27:39.3645313","2024-09-20T22:27:39.3645313"
741,"MT-00741",9,182,741,9,9,"Medium","Closed","Xu ly su co ERR-00741","Len lich kiem tra thiet bi theo log van hanh va muc do anh huong cua tram.","2024-09-30T22:27:39.3645313","2024-10-01T23:27:39.3645313"
742,"MT-00742",9,183,742,9,9,"High","Closed","Xu ly su co ERR-00742","Len lich kiem tra thiet bi theo log van hanh va muc do anh huong cua tram.","2024-10-11T22:27:39.3645313","2024-10-13T00:27:39.3645313"
743,"MT-00743",9,184,743,9,9,"Low","Closed","Xu ly su co ERR-00743","Len lich kiem tra thiet bi theo log van hanh va muc do anh huong cua tram.","2024-10-22T22:27:39.3645313","2024-10-24T01:27:39.3645313"
744,"MT-00744",29,185,744,9,9,"Medium","Closed","Xu ly su co ERR-00744","Len lich kiem tra thiet bi theo log van hanh va muc do anh huong cua tram.","2024-11-02T22:27:39.3645313","2024-11-04T02:27:39.3645313"
745,"MT-00745",29,186,745,9,9,"Low","Closed","Xu ly su co ERR-00745","Len lich kiem tra thiet bi theo log van hanh va muc do anh huong cua tram.","2024-11-13T22:27:39.3645313","2024-11-15T03:27:39.3645313"
746,"MT-00746",29,187,746,9,9,"Low","Closed","Xu ly su co ERR-00746","Len lich kiem tra thiet bi theo log van hanh va muc do anh huong cua tram.","2024-11-24T22:27:39.3645313","2024-11-26T04:27:39.3645313"
747,"MT-00747",27,188,747,9,9,"Medium","InProgress","Xu ly su co ERR-00747","Len lich kiem tra thiet bi theo log van hanh va muc do anh huong cua tram.","2024-12-05T22:27:39.3645313",
748,"MT-00748",27,189,748,9,9,"Critical","Closed","Xu ly su co ERR-00748","Len lich kiem tra thiet bi theo log van hanh va muc do anh huong cua tram.","2024-12-16T22:27:39.3645313","2024-12-18T06:27:39.3645313"
749,"MT-00749",27,190,749,9,9,"High","Closed","Xu ly su co ERR-00749","Len lich kiem tra thiet bi theo log van hanh va muc do anh huong cua tram.","2024-12-27T22:27:39.3645313","2024-12-29T07:27:39.3645313"
750,"MT-00750",25,191,750,9,9,"Medium","Closed","Xu ly su co ERR-00750","Len lich kiem tra thiet bi theo log van hanh va muc do anh huong cua tram.","2025-01-07T22:27:39.3645313","2025-01-09T08:27:39.3645313"
751,"MT-00751",25,192,751,9,9,"Low","Closed","Xu ly su co ERR-00751","Len lich kiem tra thiet bi theo log van hanh va muc do anh huong cua tram.","2025-01-18T22:27:39.3645313","2025-01-20T09:27:39.3645313"
752,"MT-00752",25,193,752,9,9,"Low","Closed","Xu ly su co ERR-00752","Len lich kiem tra thiet bi theo log van hanh va muc do anh huong cua tram.","2025-01-29T22:27:39.3645313","2025-01-31T10:27:39.3645313"
753,"MT-00753",22,194,753,9,9,"Medium","Closed","Xu ly su co ERR-00753","Len lich kiem tra thiet bi theo log van hanh va muc do anh huong cua tram.","2025-02-09T22:27:39.3645313","2025-02-11T11:27:39.3645313"
754,"MT-00754",22,195,754,9,9,"Low","Closed","Xu ly su co ERR-00754","Len lich kiem tra thiet bi theo log van hanh va muc do anh huong cua tram.","2025-02-20T22:27:39.3645313","2025-02-22T12:27:39.3645313"
755,"MT-00755",22,196,755,9,9,"Low","Closed","Xu ly su co ERR-00755","Len lich kiem tra thiet bi theo log van hanh va muc do anh huong cua tram.","2025-03-03T22:27:39.3645313","2025-03-05T13:27:39.3645313"
756,"MT-00756",19,197,756,9,9,"High","InProgress","Xu ly su co ERR-00756","Len lich kiem tra thiet bi theo log van hanh va muc do anh huong cua tram.","2025-03-14T22:27:39.3645313",
757,"MT-00757",19,198,757,9,9,"Low","Closed","Xu ly su co ERR-00757","Len lich kiem tra thiet bi theo log van hanh va muc do anh huong cua tram.","2025-03-25T22:27:39.3645313","2025-03-27T15:27:39.3645313"
758,"MT-00758",19,199,758,9,9,"Low","Closed","Xu ly su co ERR-00758","Len lich kiem tra thiet bi theo log van hanh va muc do anh huong cua tram.","2025-04-05T22:27:39.3645313","2025-04-07T16:27:39.3645313"
759,"MT-00759",20,200,759,9,9,"Medium","Closed","Xu ly su co ERR-00759","Len lich kiem tra thiet bi theo log van hanh va muc do anh huong cua tram.","2025-04-16T22:27:39.3645313","2025-04-18T17:27:39.3645313"
760,"MT-00760",20,201,760,9,9,"Low","Closed","Xu ly su co ERR-00760","Len lich kiem tra thiet bi theo log van hanh va muc do anh huong cua tram.","2025-04-27T22:27:39.3645313","2025-04-29T18:27:39.3645313"
761,"MT-00761",20,202,761,9,9,"Low","Closed","Xu ly su co ERR-00761","Len lich kiem tra thiet bi theo log van hanh va muc do anh huong cua tram.","2025-05-08T22:27:39.3645313","2025-05-10T19:27:39.3645313"
762,"MT-00762",15,203,762,9,9,"Medium","Closed","Xu ly su co ERR-00762","Len lich kiem tra thiet bi theo log van hanh va muc do anh huong cua tram.","2025-05-19T22:27:39.3645313","2025-05-21T20:27:39.3645313"
763,"MT-00763",15,204,763,9,9,"High","Closed","Xu ly su co ERR-00763","Len lich kiem tra thiet bi theo log van hanh va muc do anh huong cua tram.","2025-05-30T22:27:39.3645313","2025-06-01T21:27:39.3645313"
764,"MT-00764",15,205,764,9,9,"Low","Closed","Xu ly su co ERR-00764","Len lich kiem tra thiet bi theo log van hanh va muc do anh huong cua tram.","2025-06-10T22:27:39.3645313","2025-06-12T22:27:39.3645313"
765,"MT-00765",13,206,765,9,9,"Critical","InProgress","Xu ly su co ERR-00765","Len lich kiem tra thiet bi theo log van hanh va muc do anh huong cua tram.","2025-06-21T22:27:39.3645313",
766,"MT-00766",13,207,766,9,9,"Low","Closed","Xu ly su co ERR-00766","Len lich kiem tra thiet bi theo log van hanh va muc do anh huong cua tram.","2025-07-02T22:27:39.3645313","2025-07-05T00:27:39.3645313"
767,"MT-00767",13,208,767,9,9,"Low","Closed","Xu ly su co ERR-00767","Len lich kiem tra thiet bi theo log van hanh va muc do anh huong cua tram.","2025-07-13T22:27:39.3645313","2025-07-16T01:27:39.3645313"
768,"MT-00768",11,209,768,9,9,"Medium","Closed","Xu ly su co ERR-00768","Len lich kiem tra thiet bi theo log van hanh va muc do anh huong cua tram.","2025-07-24T22:27:39.3645313","2025-07-25T02:27:39.3645313"
769,"MT-00769",11,210,769,9,9,"Low","Closed","Xu ly su co ERR-00769","Len lich kiem tra thiet bi theo log van hanh va muc do anh huong cua tram.","2025-08-04T22:27:39.3645313","2025-08-05T03:27:39.3645313"
770,"MT-00770",11,211,770,9,9,"High","Closed","Xu ly su co ERR-00770","Len lich kiem tra thiet bi theo log van hanh va muc do anh huong cua tram.","2025-08-15T22:27:39.3645313","2025-08-16T04:27:39.3645313"
771,"MT-00771",7,212,771,9,9,"Medium","Closed","Xu ly su co ERR-00771","Len lich kiem tra thiet bi theo log van hanh va muc do anh huong cua tram.","2025-08-26T22:27:39.3645313","2025-08-27T05:27:39.3645313"
772,"MT-00772",7,213,772,9,9,"Low","Closed","Xu ly su co ERR-00772","Len lich kiem tra thiet bi theo log van hanh va muc do anh huong cua tram.","2025-09-06T22:27:39.3645313","2025-09-07T06:27:39.3645313"
773,"MT-00773",7,214,773,9,9,"Low","Closed","Xu ly su co ERR-00773","Len lich kiem tra thiet bi theo log van hanh va muc do anh huong cua tram.","2025-09-17T22:27:39.3645313","2025-09-18T07:27:39.3645313"
774,"MT-00774",4,215,774,9,9,"Medium","InProgress","Xu ly su co ERR-00774","Len lich kiem tra thiet bi theo log van hanh va muc do anh huong cua tram.","2025-09-28T22:27:39.3645313",
775,"MT-00775",4,216,775,9,9,"Low","Closed","Xu ly su co ERR-00775","Len lich kiem tra thiet bi theo log van hanh va muc do anh huong cua tram.","2025-10-09T22:27:39.3645313","2025-10-10T09:27:39.3645313"
776,"MT-00776",4,217,776,9,9,"Low","Closed","Xu ly su co ERR-00776","Len lich kiem tra thiet bi theo log van hanh va muc do anh huong cua tram.","2025-10-20T22:27:39.3645313","2025-10-21T10:27:39.3645313"
777,"MT-00777",2,218,777,9,9,"High","Closed","Xu ly su co ERR-00777","Len lich kiem tra thiet bi theo log van hanh va muc do anh huong cua tram.","2025-10-31T22:27:39.3645313","2025-11-01T11:27:39.3645313"
778,"MT-00778",2,219,778,9,9,"Low","Closed","Xu ly su co ERR-00778","Len lich kiem tra thiet bi theo log van hanh va muc do anh huong cua tram.","2025-11-11T22:27:39.3645313","2025-11-12T12:27:39.3645313"
779,"MT-00779",2,220,779,9,9,"Low","Closed","Xu ly su co ERR-00779","Len lich kiem tra thiet bi theo log van hanh va muc do anh huong cua tram.","2025-11-22T22:27:39.3645313","2025-11-23T13:27:39.3645313"
780,"MT-00780",8,221,780,9,9,"Medium","Closed","Xu ly su co ERR-00780","Len lich kiem tra thiet bi theo log van hanh va muc do anh huong cua tram.","2025-12-03T22:27:39.3645313","2025-12-04T14:27:39.3645313"
781,"MT-00781",8,222,781,9,9,"Low","Closed","Xu ly su co ERR-00781","Len lich kiem tra thiet bi theo log van hanh va muc do anh huong cua tram.","2025-12-14T22:27:39.3645313","2025-12-15T15:27:39.3645313"
782,"MT-00782",8,223,782,9,9,"Critical","Closed","Xu ly su co ERR-00782","Len lich kiem tra thiet bi theo log van hanh va muc do anh huong cua tram.","2025-12-25T22:27:39.3645313","2025-12-26T16:27:39.3645313"
783,"MT-00783",8,224,783,9,9,"Medium","InProgress","Xu ly su co ERR-00783","Len lich kiem tra thiet bi theo log van hanh va muc do anh huong cua tram.","2026-01-05T22:27:39.3645313",
784,"MT-00784",8,225,784,9,9,"High","Closed","Xu ly su co ERR-00784","Len lich kiem tra thiet bi theo log van hanh va muc do anh huong cua tram.","2026-01-16T22:27:39.3645313","2026-01-17T18:27:39.3645313"
785,"MT-00785",17,226,785,9,9,"Low","Closed","Xu ly su co ERR-00785","Len lich kiem tra thiet bi theo log van hanh va muc do anh huong cua tram.","2026-01-27T22:27:39.3645313","2026-01-28T19:27:39.3645313"
786,"MT-00786",17,227,786,9,9,"Medium","Closed","Xu ly su co ERR-00786","Len lich kiem tra thiet bi theo log van hanh va muc do anh huong cua tram.","2026-02-07T22:27:39.3645313","2026-02-08T20:27:39.3645313"
787,"MT-00787",17,228,787,9,9,"Low","Closed","Xu ly su co ERR-00787","Len lich kiem tra thiet bi theo log van hanh va muc do anh huong cua tram.","2026-02-18T22:27:39.3645313","2026-02-19T21:27:39.3645313"
788,"MT-00788",17,229,788,9,9,"Low","Closed","Xu ly su co ERR-00788","Len lich kiem tra thiet bi theo log van hanh va muc do anh huong cua tram.","2026-03-01T22:27:39.3645313","2026-03-02T22:27:39.3645313"
789,"MT-00789",17,230,789,9,9,"Medium","Closed","Xu ly su co ERR-00789","Len lich kiem tra thiet bi theo log van hanh va muc do anh huong cua tram.","2026-03-12T22:27:39.3645313","2026-03-13T23:27:39.3645313"
790,"MT-00790",28,231,790,9,9,"Low","Closed","Xu ly su co ERR-00790","Len lich kiem tra thiet bi theo log van hanh va muc do anh huong cua tram.","2026-03-23T22:27:39.3645313","2026-03-25T00:27:39.3645313"
791,"MT-00791",28,232,791,9,9,"High","Closed","Xu ly su co ERR-00791","Len lich kiem tra thiet bi theo log van hanh va muc do anh huong cua tram.","2026-04-03T22:27:39.3645313","2026-04-05T01:27:39.3645313"
792,"MT-00792",28,233,792,9,9,"Medium","InProgress","Xu ly su co ERR-00792","Len lich kiem tra thiet bi theo log van hanh va muc do anh huong cua tram.","2026-04-14T22:27:39.3645313",
793,"MT-00793",28,234,793,9,9,"Low","Closed","Xu ly su co ERR-00793","Len lich kiem tra thiet bi theo log van hanh va muc do anh huong cua tram.","2026-04-25T22:27:39.3645313","2026-04-27T03:27:39.3645313"
794,"MT-00794",28,235,794,9,9,"Low","Closed","Xu ly su co ERR-00794","Len lich kiem tra thiet bi theo log van hanh va muc do anh huong cua tram.","2026-05-06T22:27:39.3645313","2026-05-08T04:27:39.3645313"
795,"MT-00795",38,236,795,9,9,"Medium","Closed","Xu ly su co ERR-00795","Len lich kiem tra thiet bi theo log van hanh va muc do anh huong cua tram.","2026-05-17T22:27:39.3645313","2026-05-19T05:27:39.3645313"
796,"MT-00796",38,237,796,9,9,"Low","Closed","Xu ly su co ERR-00796","Len lich kiem tra thiet bi theo log van hanh va muc do anh huong cua tram.","2026-05-28T22:27:39.3645313","2026-05-30T06:27:39.3645313"
797,"MT-00797",38,238,797,9,9,"Low","Closed","Xu ly su co ERR-00797","Len lich kiem tra thiet bi theo log van hanh va muc do anh huong cua tram.","2024-06-08T22:27:39.3645313","2024-06-10T07:27:39.3645313"
798,"MT-00798",38,239,798,9,9,"High","Closed","Xu ly su co ERR-00798","Len lich kiem tra thiet bi theo log van hanh va muc do anh huong cua tram.","2024-06-19T22:27:39.3645313","2024-06-21T08:27:39.3645313"
799,"MT-00799",38,240,799,9,9,"Critical","Closed","Xu ly su co ERR-00799","Len lich kiem tra thiet bi theo log van hanh va muc do anh huong cua tram.","2024-06-30T22:27:39.3645313","2024-07-02T09:27:39.3645313"
800,"MT-00800",48,241,800,9,9,"Low","Closed","Xu ly su co ERR-00800","Len lich kiem tra thiet bi theo log van hanh va muc do anh huong cua tram.","2024-07-11T22:27:39.3645313","2024-07-13T10:27:39.3645313"
801,"MT-00801",48,242,801,9,9,"Medium","InProgress","Xu ly su co ERR-00801","Len lich kiem tra thiet bi theo log van hanh va muc do anh huong cua tram.","2024-07-22T22:27:39.3645313",
802,"MT-00802",48,243,802,9,9,"Low","Closed","Xu ly su co ERR-00802","Len lich kiem tra thiet bi theo log van hanh va muc do anh huong cua tram.","2024-08-02T22:27:39.3645313","2024-08-04T12:27:39.3645313"
803,"MT-00803",48,244,803,9,9,"Low","Closed","Xu ly su co ERR-00803","Len lich kiem tra thiet bi theo log van hanh va muc do anh huong cua tram.","2024-08-13T22:27:39.3645313","2024-08-15T13:27:39.3645313"
804,"MT-00804",48,245,804,9,9,"Medium","Closed","Xu ly su co ERR-00804","Len lich kiem tra thiet bi theo log van hanh va muc do anh huong cua tram.","2024-08-24T22:27:39.3645313","2024-08-26T14:27:39.3645313"
805,"MT-00805",53,246,805,9,9,"High","Closed","Xu ly su co ERR-00805","Len lich kiem tra thiet bi theo log van hanh va muc do anh huong cua tram.","2024-09-04T22:27:39.3645313","2024-09-06T15:27:39.3645313"
806,"MT-00806",53,247,806,9,9,"Low","Closed","Xu ly su co ERR-00806","Len lich kiem tra thiet bi theo log van hanh va muc do anh huong cua tram.","2024-09-15T22:27:39.3645313","2024-09-17T16:27:39.3645313"
807,"MT-00807",53,248,807,9,9,"Medium","Closed","Xu ly su co ERR-00807","Len lich kiem tra thiet bi theo log van hanh va muc do anh huong cua tram.","2024-09-26T22:27:39.3645313","2024-09-28T17:27:39.3645313"
808,"MT-00808",53,249,808,9,9,"Low","Closed","Xu ly su co ERR-00808","Len lich kiem tra thiet bi theo log van hanh va muc do anh huong cua tram.","2024-10-07T22:27:39.3645313","2024-10-09T18:27:39.3645313"
809,"MT-00809",53,250,809,9,9,"Low","Closed","Xu ly su co ERR-00809","Len lich kiem tra thiet bi theo log van hanh va muc do anh huong cua tram.","2024-10-18T22:27:39.3645313","2024-10-20T19:27:39.3645313"
810,"MT-00810",59,251,810,9,9,"Medium","InProgress","Xu ly su co ERR-00810","Len lich kiem tra thiet bi theo log van hanh va muc do anh huong cua tram.","2024-10-29T22:27:39.3645313",
811,"MT-00811",59,252,811,9,9,"Low","Closed","Xu ly su co ERR-00811","Len lich kiem tra thiet bi theo log van hanh va muc do anh huong cua tram.","2024-11-09T22:27:39.3645313","2024-11-11T21:27:39.3645313"
812,"MT-00812",59,253,812,9,9,"High","Closed","Xu ly su co ERR-00812","Len lich kiem tra thiet bi theo log van hanh va muc do anh huong cua tram.","2024-11-20T22:27:39.3645313","2024-11-22T22:27:39.3645313"
813,"MT-00813",59,254,813,9,9,"Medium","Closed","Xu ly su co ERR-00813","Len lich kiem tra thiet bi theo log van hanh va muc do anh huong cua tram.","2024-12-01T22:27:39.3645313","2024-12-03T23:27:39.3645313"
814,"MT-00814",59,255,814,9,9,"Low","Closed","Xu ly su co ERR-00814","Len lich kiem tra thiet bi theo log van hanh va muc do anh huong cua tram.","2024-12-12T22:27:39.3645313","2024-12-15T00:27:39.3645313"
815,"MT-00815",68,256,815,9,9,"Low","Closed","Xu ly su co ERR-00815","Len lich kiem tra thiet bi theo log van hanh va muc do anh huong cua tram.","2024-12-23T22:27:39.3645313","2024-12-26T01:27:39.3645313"
816,"MT-00816",68,257,816,9,9,"Critical","Closed","Xu ly su co ERR-00816","Len lich kiem tra thiet bi theo log van hanh va muc do anh huong cua tram.","2025-01-03T22:27:39.3645313","2025-01-04T02:27:39.3645313"
817,"MT-00817",68,258,817,9,9,"Low","Closed","Xu ly su co ERR-00817","Len lich kiem tra thiet bi theo log van hanh va muc do anh huong cua tram.","2025-01-14T22:27:39.3645313","2025-01-15T03:27:39.3645313"
818,"MT-00818",68,259,818,9,9,"Low","Closed","Xu ly su co ERR-00818","Len lich kiem tra thiet bi theo log van hanh va muc do anh huong cua tram.","2025-01-25T22:27:39.3645313","2025-01-26T04:27:39.3645313"
819,"MT-00819",68,260,819,9,9,"High","InProgress","Xu ly su co ERR-00819","Len lich kiem tra thiet bi theo log van hanh va muc do anh huong cua tram.","2025-02-05T22:27:39.3645313",
820,"MT-00820",74,261,820,9,9,"Low","Closed","Xu ly su co ERR-00820","Len lich kiem tra thiet bi theo log van hanh va muc do anh huong cua tram.","2025-02-16T22:27:39.3645313","2025-02-17T06:27:39.3645313"
821,"MT-00821",74,262,821,9,9,"Low","Closed","Xu ly su co ERR-00821","Len lich kiem tra thiet bi theo log van hanh va muc do anh huong cua tram.","2025-02-27T22:27:39.3645313","2025-02-28T07:27:39.3645313"
822,"MT-00822",74,263,822,9,9,"Medium","Closed","Xu ly su co ERR-00822","Len lich kiem tra thiet bi theo log van hanh va muc do anh huong cua tram.","2025-03-10T22:27:39.3645313","2025-03-11T08:27:39.3645313"
823,"MT-00823",74,264,823,9,9,"Low","Closed","Xu ly su co ERR-00823","Len lich kiem tra thiet bi theo log van hanh va muc do anh huong cua tram.","2025-03-21T22:27:39.3645313","2025-03-22T09:27:39.3645313"
824,"MT-00824",74,265,824,9,9,"Low","Closed","Xu ly su co ERR-00824","Len lich kiem tra thiet bi theo log van hanh va muc do anh huong cua tram.","2025-04-01T22:27:39.3645313","2025-04-02T10:27:39.3645313"
825,"MT-00825",80,266,825,9,9,"Medium","Closed","Xu ly su co ERR-00825","Len lich kiem tra thiet bi theo log van hanh va muc do anh huong cua tram.","2025-04-12T22:27:39.3645313","2025-04-13T11:27:39.3645313"
826,"MT-00826",80,267,826,9,9,"High","Closed","Xu ly su co ERR-00826","Len lich kiem tra thiet bi theo log van hanh va muc do anh huong cua tram.","2025-04-23T22:27:39.3645313","2025-04-24T12:27:39.3645313"
827,"MT-00827",80,268,827,9,9,"Low","Closed","Xu ly su co ERR-00827","Len lich kiem tra thiet bi theo log van hanh va muc do anh huong cua tram.","2025-05-04T22:27:39.3645313","2025-05-05T13:27:39.3645313"
828,"MT-00828",80,269,828,9,9,"Medium","InProgress","Xu ly su co ERR-00828","Len lich kiem tra thiet bi theo log van hanh va muc do anh huong cua tram.","2025-05-15T22:27:39.3645313",
829,"MT-00829",80,270,829,9,9,"Low","Closed","Xu ly su co ERR-00829","Len lich kiem tra thiet bi theo log van hanh va muc do anh huong cua tram.","2025-05-26T22:27:39.3645313","2025-05-27T15:27:39.3645313"
830,"MT-00830",89,271,830,9,9,"Low","Closed","Xu ly su co ERR-00830","Len lich kiem tra thiet bi theo log van hanh va muc do anh huong cua tram.","2025-06-06T22:27:39.3645313","2025-06-07T16:27:39.3645313"
831,"MT-00831",89,272,831,9,9,"Medium","Closed","Xu ly su co ERR-00831","Len lich kiem tra thiet bi theo log van hanh va muc do anh huong cua tram.","2025-06-17T22:27:39.3645313","2025-06-18T17:27:39.3645313"
832,"MT-00832",89,273,832,9,9,"Low","Closed","Xu ly su co ERR-00832","Len lich kiem tra thiet bi theo log van hanh va muc do anh huong cua tram.","2025-06-28T22:27:39.3645313","2025-06-29T18:27:39.3645313"
833,"MT-00833",89,274,833,9,9,"Critical","Closed","Xu ly su co ERR-00833","Len lich kiem tra thiet bi theo log van hanh va muc do anh huong cua tram.","2025-07-09T22:27:39.3645313","2025-07-10T19:27:39.3645313"
834,"MT-00834",89,275,834,9,9,"Medium","Closed","Xu ly su co ERR-00834","Len lich kiem tra thiet bi theo log van hanh va muc do anh huong cua tram.","2025-07-20T22:27:39.3645313","2025-07-21T20:27:39.3645313"
835,"MT-00835",98,276,835,9,9,"Low","Closed","Xu ly su co ERR-00835","Len lich kiem tra thiet bi theo log van hanh va muc do anh huong cua tram.","2025-07-31T22:27:39.3645313","2025-08-01T21:27:39.3645313"
836,"MT-00836",98,277,836,9,9,"Low","Closed","Xu ly su co ERR-00836","Len lich kiem tra thiet bi theo log van hanh va muc do anh huong cua tram.","2025-08-11T22:27:39.3645313","2025-08-12T22:27:39.3645313"
837,"MT-00837",98,278,837,9,9,"Medium","InProgress","Xu ly su co ERR-00837","Len lich kiem tra thiet bi theo log van hanh va muc do anh huong cua tram.","2025-08-22T22:27:39.3645313",
838,"MT-00838",98,279,838,9,9,"Low","Closed","Xu ly su co ERR-00838","Len lich kiem tra thiet bi theo log van hanh va muc do anh huong cua tram.","2025-09-02T22:27:39.3645313","2025-09-04T00:27:39.3645313"
839,"MT-00839",98,280,839,9,9,"Low","Closed","Xu ly su co ERR-00839","Len lich kiem tra thiet bi theo log van hanh va muc do anh huong cua tram.","2025-09-13T22:27:39.3645313","2025-09-15T01:27:39.3645313"
840,"MT-00840",1,1,840,9,9,"High","Closed","Xu ly su co ERR-00840","Len lich kiem tra thiet bi theo log van hanh va muc do anh huong cua tram.","2025-09-24T22:27:39.3645313","2025-09-26T02:27:39.3645313"
841,"MT-00841",1,2,841,9,9,"Low","Closed","Xu ly su co ERR-00841","Len lich kiem tra thiet bi theo log van hanh va muc do anh huong cua tram.","2025-10-05T22:27:39.3645313","2025-10-07T03:27:39.3645313"
842,"MT-00842",3,3,842,9,9,"Low","Closed","Xu ly su co ERR-00842","Len lich kiem tra thiet bi theo log van hanh va muc do anh huong cua tram.","2025-10-16T22:27:39.3645313","2025-10-18T04:27:39.3645313"
843,"MT-00843",3,4,843,9,9,"Medium","Closed","Xu ly su co ERR-00843","Len lich kiem tra thiet bi theo log van hanh va muc do anh huong cua tram.","2025-10-27T22:27:39.3645313","2025-10-29T05:27:39.3645313"
844,"MT-00844",5,5,844,9,9,"Low","Closed","Xu ly su co ERR-00844","Len lich kiem tra thiet bi theo log van hanh va muc do anh huong cua tram.","2025-11-07T22:27:39.3645313","2025-11-09T06:27:39.3645313"
845,"MT-00845",5,6,845,9,9,"Low","Closed","Xu ly su co ERR-00845","Len lich kiem tra thiet bi theo log van hanh va muc do anh huong cua tram.","2025-11-18T22:27:39.3645313","2025-11-20T07:27:39.3645313"
846,"MT-00846",6,7,846,9,9,"Medium","InProgress","Xu ly su co ERR-00846","Len lich kiem tra thiet bi theo log van hanh va muc do anh huong cua tram.","2025-11-29T22:27:39.3645313",
847,"MT-00847",6,8,847,9,9,"High","Closed","Xu ly su co ERR-00847","Len lich kiem tra thiet bi theo log van hanh va muc do anh huong cua tram.","2025-12-10T22:27:39.3645313","2025-12-12T09:27:39.3645313"
848,"MT-00848",10,9,848,9,9,"Low","Closed","Xu ly su co ERR-00848","Len lich kiem tra thiet bi theo log van hanh va muc do anh huong cua tram.","2025-12-21T22:27:39.3645313","2025-12-23T10:27:39.3645313"
849,"MT-00849",10,10,849,9,9,"Medium","Closed","Xu ly su co ERR-00849","Len lich kiem tra thiet bi theo log van hanh va muc do anh huong cua tram.","2026-01-01T22:27:39.3645313","2026-01-03T11:27:39.3645313"
850,"MT-00850",12,11,850,9,9,"Critical","Closed","Xu ly su co ERR-00850","Len lich kiem tra thiet bi theo log van hanh va muc do anh huong cua tram.","2026-01-12T22:27:39.3645313","2026-01-14T12:27:39.3645313"
851,"MT-00851",12,12,851,9,9,"Low","Closed","Xu ly su co ERR-00851","Len lich kiem tra thiet bi theo log van hanh va muc do anh huong cua tram.","2026-01-23T22:27:39.3645313","2026-01-25T13:27:39.3645313"
852,"MT-00852",14,13,852,9,9,"Medium","Closed","Xu ly su co ERR-00852","Len lich kiem tra thiet bi theo log van hanh va muc do anh huong cua tram.","2026-02-03T22:27:39.3645313","2026-02-05T14:27:39.3645313"
853,"MT-00853",14,14,853,9,9,"Low","Closed","Xu ly su co ERR-00853","Len lich kiem tra thiet bi theo log van hanh va muc do anh huong cua tram.","2026-02-14T22:27:39.3645313","2026-02-16T15:27:39.3645313"
854,"MT-00854",16,15,854,9,9,"High","Closed","Xu ly su co ERR-00854","Len lich kiem tra thiet bi theo log van hanh va muc do anh huong cua tram.","2026-02-25T22:27:39.3645313","2026-02-27T16:27:39.3645313"
855,"MT-00855",16,16,855,9,9,"Medium","InProgress","Xu ly su co ERR-00855","Len lich kiem tra thiet bi theo log van hanh va muc do anh huong cua tram.","2026-03-08T22:27:39.3645313",
856,"MT-00856",18,17,856,9,9,"Low","Closed","Xu ly su co ERR-00856","Len lich kiem tra thiet bi theo log van hanh va muc do anh huong cua tram.","2026-03-19T22:27:39.3645313","2026-03-21T18:27:39.3645313"
857,"MT-00857",18,18,857,9,9,"Low","Closed","Xu ly su co ERR-00857","Len lich kiem tra thiet bi theo log van hanh va muc do anh huong cua tram.","2026-03-30T22:27:39.3645313","2026-04-01T19:27:39.3645313"
858,"MT-00858",21,19,858,9,9,"Medium","Closed","Xu ly su co ERR-00858","Len lich kiem tra thiet bi theo log van hanh va muc do anh huong cua tram.","2026-04-10T22:27:39.3645313","2026-04-12T20:27:39.3645313"
859,"MT-00859",21,20,859,9,9,"Low","Closed","Xu ly su co ERR-00859","Len lich kiem tra thiet bi theo log van hanh va muc do anh huong cua tram.","2026-04-21T22:27:39.3645313","2026-04-23T21:27:39.3645313"
860,"MT-00860",23,21,860,9,9,"Low","Closed","Xu ly su co ERR-00860","Len lich kiem tra thiet bi theo log van hanh va muc do anh huong cua tram.","2026-05-02T22:27:39.3645313","2026-05-04T22:27:39.3645313"
861,"MT-00861",23,22,861,9,9,"High","Closed","Xu ly su co ERR-00861","Len lich kiem tra thiet bi theo log van hanh va muc do anh huong cua tram.","2026-05-13T22:27:39.3645313","2026-05-15T23:27:39.3645313"
862,"MT-00862",24,23,862,9,9,"Low","Closed","Xu ly su co ERR-00862","Len lich kiem tra thiet bi theo log van hanh va muc do anh huong cua tram.","2026-05-24T22:27:39.3645313","2026-05-27T00:27:39.3645313"
863,"MT-00863",24,24,863,9,9,"Low","Closed","Xu ly su co ERR-00863","Len lich kiem tra thiet bi theo log van hanh va muc do anh huong cua tram.","2024-06-04T22:27:39.3645313","2024-06-07T01:27:39.3645313"
864,"MT-00864",26,25,864,9,9,"Medium","InProgress","Xu ly su co ERR-00864","Len lich kiem tra thiet bi theo log van hanh va muc do anh huong cua tram.","2024-06-15T22:27:39.3645313",
865,"MT-00865",26,26,865,9,9,"Low","Closed","Xu ly su co ERR-00865","Len lich kiem tra thiet bi theo log van hanh va muc do anh huong cua tram.","2024-06-26T22:27:39.3645313","2024-06-27T03:27:39.3645313"
866,"MT-00866",30,27,866,9,9,"Low","Closed","Xu ly su co ERR-00866","Len lich kiem tra thiet bi theo log van hanh va muc do anh huong cua tram.","2024-07-07T22:27:39.3645313","2024-07-08T04:27:39.3645313"
867,"MT-00867",30,28,867,9,9,"Critical","Closed","Xu ly su co ERR-00867","Len lich kiem tra thiet bi theo log van hanh va muc do anh huong cua tram.","2024-07-18T22:27:39.3645313","2024-07-19T05:27:39.3645313"
868,"MT-00868",32,29,868,9,9,"High","Closed","Xu ly su co ERR-00868","Len lich kiem tra thiet bi theo log van hanh va muc do anh huong cua tram.","2024-07-29T22:27:39.3645313","2024-07-30T06:27:39.3645313"
869,"MT-00869",32,30,869,9,9,"Low","Closed","Xu ly su co ERR-00869","Len lich kiem tra thiet bi theo log van hanh va muc do anh huong cua tram.","2024-08-09T22:27:39.3645313","2024-08-10T07:27:39.3645313"
870,"MT-00870",34,31,870,9,9,"Medium","Closed","Xu ly su co ERR-00870","Len lich kiem tra thiet bi theo log van hanh va muc do anh huong cua tram.","2024-08-20T22:27:39.3645313","2024-08-21T08:27:39.3645313"
871,"MT-00871",34,32,871,9,9,"Low","Closed","Xu ly su co ERR-00871","Len lich kiem tra thiet bi theo log van hanh va muc do anh huong cua tram.","2024-08-31T22:27:39.3645313","2024-09-01T09:27:39.3645313"
872,"MT-00872",35,33,872,9,9,"Low","Closed","Xu ly su co ERR-00872","Len lich kiem tra thiet bi theo log van hanh va muc do anh huong cua tram.","2024-09-11T22:27:39.3645313","2024-09-12T10:27:39.3645313"
873,"MT-00873",35,34,873,9,9,"Medium","InProgress","Xu ly su co ERR-00873","Len lich kiem tra thiet bi theo log van hanh va muc do anh huong cua tram.","2024-09-22T22:27:39.3645313",
874,"MT-00874",37,35,874,9,9,"Low","Closed","Xu ly su co ERR-00874","Len lich kiem tra thiet bi theo log van hanh va muc do anh huong cua tram.","2024-10-03T22:27:39.3645313","2024-10-04T12:27:39.3645313"
875,"MT-00875",37,36,875,9,9,"High","Closed","Xu ly su co ERR-00875","Len lich kiem tra thiet bi theo log van hanh va muc do anh huong cua tram.","2024-10-14T22:27:39.3645313","2024-10-15T13:27:39.3645313"
876,"MT-00876",39,37,876,9,9,"Medium","Closed","Xu ly su co ERR-00876","Len lich kiem tra thiet bi theo log van hanh va muc do anh huong cua tram.","2024-10-25T22:27:39.3645313","2024-10-26T14:27:39.3645313"
877,"MT-00877",39,38,877,9,9,"Low","Closed","Xu ly su co ERR-00877","Len lich kiem tra thiet bi theo log van hanh va muc do anh huong cua tram.","2024-11-05T22:27:39.3645313","2024-11-06T15:27:39.3645313"
878,"MT-00878",42,39,878,9,9,"Low","Closed","Xu ly su co ERR-00878","Len lich kiem tra thiet bi theo log van hanh va muc do anh huong cua tram.","2024-11-16T22:27:39.3645313","2024-11-17T16:27:39.3645313"
879,"MT-00879",42,40,879,9,9,"Medium","Closed","Xu ly su co ERR-00879","Len lich kiem tra thiet bi theo log van hanh va muc do anh huong cua tram.","2024-11-27T22:27:39.3645313","2024-11-28T17:27:39.3645313"
880,"MT-00880",44,41,880,9,9,"Low","Closed","Xu ly su co ERR-00880","Len lich kiem tra thiet bi theo log van hanh va muc do anh huong cua tram.","2024-12-08T22:27:39.3645313","2024-12-09T18:27:39.3645313"
881,"MT-00881",44,42,881,9,9,"Low","Closed","Xu ly su co ERR-00881","Len lich kiem tra thiet bi theo log van hanh va muc do anh huong cua tram.","2024-12-19T22:27:39.3645313","2024-12-20T19:27:39.3645313"
882,"MT-00882",46,43,882,9,9,"High","InProgress","Xu ly su co ERR-00882","Len lich kiem tra thiet bi theo log van hanh va muc do anh huong cua tram.","2024-12-30T22:27:39.3645313",
883,"MT-00883",46,44,883,9,9,"Low","Closed","Xu ly su co ERR-00883","Len lich kiem tra thiet bi theo log van hanh va muc do anh huong cua tram.","2025-01-10T22:27:39.3645313","2025-01-11T21:27:39.3645313"
884,"MT-00884",50,45,884,9,9,"Critical","Closed","Xu ly su co ERR-00884","Len lich kiem tra thiet bi theo log van hanh va muc do anh huong cua tram.","2025-01-21T22:27:39.3645313","2025-01-22T22:27:39.3645313"
885,"MT-00885",50,46,885,9,9,"Medium","Closed","Xu ly su co ERR-00885","Len lich kiem tra thiet bi theo log van hanh va muc do anh huong cua tram.","2025-02-01T22:27:39.3645313","2025-02-02T23:27:39.3645313"
886,"MT-00886",52,47,886,9,9,"Low","Closed","Xu ly su co ERR-00886","Len lich kiem tra thiet bi theo log van hanh va muc do anh huong cua tram.","2025-02-12T22:27:39.3645313","2025-02-14T00:27:39.3645313"
887,"MT-00887",52,48,887,9,9,"Low","Closed","Xu ly su co ERR-00887","Len lich kiem tra thiet bi theo log van hanh va muc do anh huong cua tram.","2025-02-23T22:27:39.3645313","2025-02-25T01:27:39.3645313"
888,"MT-00888",55,49,888,9,9,"Medium","Closed","Xu ly su co ERR-00888","Len lich kiem tra thiet bi theo log van hanh va muc do anh huong cua tram.","2025-03-06T22:27:39.3645313","2025-03-08T02:27:39.3645313"
889,"MT-00889",55,50,889,9,9,"High","Closed","Xu ly su co ERR-00889","Len lich kiem tra thiet bi theo log van hanh va muc do anh huong cua tram.","2025-03-17T22:27:39.3645313","2025-03-19T03:27:39.3645313"
890,"MT-00890",57,51,890,9,9,"Low","Closed","Xu ly su co ERR-00890","Len lich kiem tra thiet bi theo log van hanh va muc do anh huong cua tram.","2025-03-28T22:27:39.3645313","2025-03-30T04:27:39.3645313"
891,"MT-00891",57,52,891,9,9,"Medium","InProgress","Xu ly su co ERR-00891","Len lich kiem tra thiet bi theo log van hanh va muc do anh huong cua tram.","2025-04-08T22:27:39.3645313",
892,"MT-00892",60,53,892,9,9,"Low","Closed","Xu ly su co ERR-00892","Len lich kiem tra thiet bi theo log van hanh va muc do anh huong cua tram.","2025-04-19T22:27:39.3645313","2025-04-21T06:27:39.3645313"
893,"MT-00893",60,54,893,9,9,"Low","Closed","Xu ly su co ERR-00893","Len lich kiem tra thiet bi theo log van hanh va muc do anh huong cua tram.","2025-04-30T22:27:39.3645313","2025-05-02T07:27:39.3645313"
894,"MT-00894",62,55,894,9,9,"Medium","Closed","Xu ly su co ERR-00894","Len lich kiem tra thiet bi theo log van hanh va muc do anh huong cua tram.","2025-05-11T22:27:39.3645313","2025-05-13T08:27:39.3645313"
895,"MT-00895",62,56,895,9,9,"Low","Closed","Xu ly su co ERR-00895","Len lich kiem tra thiet bi theo log van hanh va muc do anh huong cua tram.","2025-05-22T22:27:39.3645313","2025-05-24T09:27:39.3645313"
896,"MT-00896",65,57,896,9,9,"High","Closed","Xu ly su co ERR-00896","Len lich kiem tra thiet bi theo log van hanh va muc do anh huong cua tram.","2025-06-02T22:27:39.3645313","2025-06-04T10:27:39.3645313"
897,"MT-00897",65,58,897,9,9,"Medium","Closed","Xu ly su co ERR-00897","Len lich kiem tra thiet bi theo log van hanh va muc do anh huong cua tram.","2025-06-13T22:27:39.3645313","2025-06-15T11:27:39.3645313"
898,"MT-00898",67,59,898,9,9,"Low","Closed","Xu ly su co ERR-00898","Len lich kiem tra thiet bi theo log van hanh va muc do anh huong cua tram.","2025-06-24T22:27:39.3645313","2025-06-26T12:27:39.3645313"
899,"MT-00899",67,60,899,9,9,"Low","Closed","Xu ly su co ERR-00899","Len lich kiem tra thiet bi theo log van hanh va muc do anh huong cua tram.","2025-07-05T22:27:39.3645313","2025-07-07T13:27:39.3645313"
900,"MT-00900",70,61,900,9,9,"Medium","InProgress","Xu ly su co ERR-00900","Len lich kiem tra thiet bi theo log van hanh va muc do anh huong cua tram.","2025-07-16T22:27:39.3645313",
901,"MT-00901",70,62,901,9,9,"Critical","Closed","Xu ly su co ERR-00901","Len lich kiem tra thiet bi theo log van hanh va muc do anh huong cua tram.","2025-07-27T22:27:39.3645313","2025-07-29T15:27:39.3645313"
902,"MT-00902",73,63,902,9,9,"Low","Closed","Xu ly su co ERR-00902","Len lich kiem tra thiet bi theo log van hanh va muc do anh huong cua tram.","2025-08-07T22:27:39.3645313","2025-08-09T16:27:39.3645313"
903,"MT-00903",73,64,903,9,9,"High","Closed","Xu ly su co ERR-00903","Len lich kiem tra thiet bi theo log van hanh va muc do anh huong cua tram.","2025-08-18T22:27:39.3645313","2025-08-20T17:27:39.3645313"
904,"MT-00904",75,65,904,9,9,"Low","Closed","Xu ly su co ERR-00904","Len lich kiem tra thiet bi theo log van hanh va muc do anh huong cua tram.","2025-08-29T22:27:39.3645313","2025-08-31T18:27:39.3645313"
905,"MT-00905",75,66,905,9,9,"Low","Closed","Xu ly su co ERR-00905","Len lich kiem tra thiet bi theo log van hanh va muc do anh huong cua tram.","2025-09-09T22:27:39.3645313","2025-09-11T19:27:39.3645313"
906,"MT-00906",76,67,906,9,9,"Medium","Closed","Xu ly su co ERR-00906","Len lich kiem tra thiet bi theo log van hanh va muc do anh huong cua tram.","2025-09-20T22:27:39.3645313","2025-09-22T20:27:39.3645313"
907,"MT-00907",76,68,907,9,9,"Low","Closed","Xu ly su co ERR-00907","Len lich kiem tra thiet bi theo log van hanh va muc do anh huong cua tram.","2025-10-01T22:27:39.3645313","2025-10-03T21:27:39.3645313"
908,"MT-00908",78,69,908,9,9,"Low","Closed","Xu ly su co ERR-00908","Len lich kiem tra thiet bi theo log van hanh va muc do anh huong cua tram.","2025-10-12T22:27:39.3645313","2025-10-14T22:27:39.3645313"
909,"MT-00909",78,70,909,9,9,"Medium","InProgress","Xu ly su co ERR-00909","Len lich kiem tra thiet bi theo log van hanh va muc do anh huong cua tram.","2025-10-23T22:27:39.3645313",
910,"MT-00910",81,71,910,9,9,"High","Closed","Xu ly su co ERR-00910","Len lich kiem tra thiet bi theo log van hanh va muc do anh huong cua tram.","2025-11-03T22:27:39.3645313","2025-11-06T00:27:39.3645313"
911,"MT-00911",81,72,911,9,9,"Low","Closed","Xu ly su co ERR-00911","Len lich kiem tra thiet bi theo log van hanh va muc do anh huong cua tram.","2025-11-14T22:27:39.3645313","2025-11-17T01:27:39.3645313"
912,"MT-00912",83,73,912,9,9,"Medium","Closed","Xu ly su co ERR-00912","Len lich kiem tra thiet bi theo log van hanh va muc do anh huong cua tram.","2025-11-25T22:27:39.3645313","2025-11-26T02:27:39.3645313"
913,"MT-00913",83,74,913,9,9,"Low","Closed","Xu ly su co ERR-00913","Len lich kiem tra thiet bi theo log van hanh va muc do anh huong cua tram.","2025-12-06T22:27:39.3645313","2025-12-07T03:27:39.3645313"
914,"MT-00914",85,75,914,9,9,"Low","Closed","Xu ly su co ERR-00914","Len lich kiem tra thiet bi theo log van hanh va muc do anh huong cua tram.","2025-12-17T22:27:39.3645313","2025-12-18T04:27:39.3645313"
915,"MT-00915",85,76,915,9,9,"Medium","Closed","Xu ly su co ERR-00915","Len lich kiem tra thiet bi theo log van hanh va muc do anh huong cua tram.","2025-12-28T22:27:39.3645313","2025-12-29T05:27:39.3645313"
916,"MT-00916",87,77,916,9,9,"Low","Closed","Xu ly su co ERR-00916","Len lich kiem tra thiet bi theo log van hanh va muc do anh huong cua tram.","2026-01-08T22:27:39.3645313","2026-01-09T06:27:39.3645313"
917,"MT-00917",87,78,917,9,9,"High","Closed","Xu ly su co ERR-00917","Len lich kiem tra thiet bi theo log van hanh va muc do anh huong cua tram.","2026-01-19T22:27:39.3645313","2026-01-20T07:27:39.3645313"
918,"MT-00918",91,79,918,9,9,"Critical","InProgress","Xu ly su co ERR-00918","Len lich kiem tra thiet bi theo log van hanh va muc do anh huong cua tram.","2026-01-30T22:27:39.3645313",
919,"MT-00919",91,80,919,9,9,"Low","Closed","Xu ly su co ERR-00919","Len lich kiem tra thiet bi theo log van hanh va muc do anh huong cua tram.","2026-02-10T22:27:39.3645313","2026-02-11T09:27:39.3645313"
920,"MT-00920",93,81,920,9,9,"Low","Closed","Xu ly su co ERR-00920","Len lich kiem tra thiet bi theo log van hanh va muc do anh huong cua tram.","2026-02-21T22:27:39.3645313","2026-02-22T10:27:39.3645313"
921,"MT-00921",93,82,921,9,9,"Medium","Closed","Xu ly su co ERR-00921","Len lich kiem tra thiet bi theo log van hanh va muc do anh huong cua tram.","2026-03-04T22:27:39.3645313","2026-03-05T11:27:39.3645313"
922,"MT-00922",95,83,922,9,9,"Low","Closed","Xu ly su co ERR-00922","Len lich kiem tra thiet bi theo log van hanh va muc do anh huong cua tram.","2026-03-15T22:27:39.3645313","2026-03-16T12:27:39.3645313"
923,"MT-00923",95,84,923,9,9,"Low","Closed","Xu ly su co ERR-00923","Len lich kiem tra thiet bi theo log van hanh va muc do anh huong cua tram.","2026-03-26T22:27:39.3645313","2026-03-27T13:27:39.3645313"
924,"MT-00924",97,85,924,9,9,"High","Closed","Xu ly su co ERR-00924","Len lich kiem tra thiet bi theo log van hanh va muc do anh huong cua tram.","2026-04-06T22:27:39.3645313","2026-04-07T14:27:39.3645313"
925,"MT-00925",97,86,925,9,9,"Low","Closed","Xu ly su co ERR-00925","Len lich kiem tra thiet bi theo log van hanh va muc do anh huong cua tram.","2026-04-17T22:27:39.3645313","2026-04-18T15:27:39.3645313"
926,"MT-00926",99,87,926,9,9,"Low","Closed","Xu ly su co ERR-00926","Len lich kiem tra thiet bi theo log van hanh va muc do anh huong cua tram.","2026-04-28T22:27:39.3645313","2026-04-29T16:27:39.3645313"
927,"MT-00927",99,88,927,9,9,"Medium","InProgress","Xu ly su co ERR-00927","Len lich kiem tra thiet bi theo log van hanh va muc do anh huong cua tram.","2026-05-09T22:27:39.3645313",
928,"MT-00928",100,89,928,9,9,"Low","Closed","Xu ly su co ERR-00928","Len lich kiem tra thiet bi theo log van hanh va muc do anh huong cua tram.","2026-05-20T22:27:39.3645313","2026-05-21T18:27:39.3645313"
929,"MT-00929",100,90,929,9,9,"Low","Closed","Xu ly su co ERR-00929","Len lich kiem tra thiet bi theo log van hanh va muc do anh huong cua tram.","2026-05-31T22:27:39.3645313","2026-06-01T19:27:39.3645313"
930,"MT-00930",100,91,930,9,9,"Medium","Closed","Xu ly su co ERR-00930","Len lich kiem tra thiet bi theo log van hanh va muc do anh huong cua tram.","2024-06-11T22:27:39.3645313","2024-06-12T20:27:39.3645313"
931,"MT-00931",96,92,931,9,9,"High","Closed","Xu ly su co ERR-00931","Len lich kiem tra thiet bi theo log van hanh va muc do anh huong cua tram.","2024-06-22T22:27:39.3645313","2024-06-23T21:27:39.3645313"
932,"MT-00932",96,93,932,9,9,"Low","Closed","Xu ly su co ERR-00932","Len lich kiem tra thiet bi theo log van hanh va muc do anh huong cua tram.","2024-07-03T22:27:39.3645313","2024-07-04T22:27:39.3645313"
933,"MT-00933",96,94,933,9,9,"Medium","Closed","Xu ly su co ERR-00933","Len lich kiem tra thiet bi theo log van hanh va muc do anh huong cua tram.","2024-07-14T22:27:39.3645313","2024-07-15T23:27:39.3645313"
934,"MT-00934",94,95,934,9,9,"Low","Closed","Xu ly su co ERR-00934","Len lich kiem tra thiet bi theo log van hanh va muc do anh huong cua tram.","2024-07-25T22:27:39.3645313","2024-07-27T00:27:39.3645313"
935,"MT-00935",94,96,935,9,9,"Critical","Closed","Xu ly su co ERR-00935","Len lich kiem tra thiet bi theo log van hanh va muc do anh huong cua tram.","2024-08-05T22:27:39.3645313","2024-08-07T01:27:39.3645313"
936,"MT-00936",94,97,936,9,9,"Medium","InProgress","Xu ly su co ERR-00936","Len lich kiem tra thiet bi theo log van hanh va muc do anh huong cua tram.","2024-08-16T22:27:39.3645313",
937,"MT-00937",92,98,937,9,9,"Low","Closed","Xu ly su co ERR-00937","Len lich kiem tra thiet bi theo log van hanh va muc do anh huong cua tram.","2024-08-27T22:27:39.3645313","2024-08-29T03:27:39.3645313"
938,"MT-00938",92,99,938,9,9,"High","Closed","Xu ly su co ERR-00938","Len lich kiem tra thiet bi theo log van hanh va muc do anh huong cua tram.","2024-09-07T22:27:39.3645313","2024-09-09T04:27:39.3645313"
939,"MT-00939",92,100,939,9,9,"Medium","Closed","Xu ly su co ERR-00939","Len lich kiem tra thiet bi theo log van hanh va muc do anh huong cua tram.","2024-09-18T22:27:39.3645313","2024-09-20T05:27:39.3645313"
940,"MT-00940",69,101,940,9,9,"Low","Closed","Xu ly su co ERR-00940","Len lich kiem tra thiet bi theo log van hanh va muc do anh huong cua tram.","2024-09-29T22:27:39.3645313","2024-10-01T06:27:39.3645313"
941,"MT-00941",69,102,941,9,9,"Low","Closed","Xu ly su co ERR-00941","Len lich kiem tra thiet bi theo log van hanh va muc do anh huong cua tram.","2024-10-10T22:27:39.3645313","2024-10-12T07:27:39.3645313"
942,"MT-00942",69,103,942,9,9,"Medium","Closed","Xu ly su co ERR-00942","Len lich kiem tra thiet bi theo log van hanh va muc do anh huong cua tram.","2024-10-21T22:27:39.3645313","2024-10-23T08:27:39.3645313"
943,"MT-00943",90,104,943,9,9,"Low","Closed","Xu ly su co ERR-00943","Len lich kiem tra thiet bi theo log van hanh va muc do anh huong cua tram.","2024-11-01T22:27:39.3645313","2024-11-03T09:27:39.3645313"
944,"MT-00944",90,105,944,9,9,"Low","Closed","Xu ly su co ERR-00944","Len lich kiem tra thiet bi theo log van hanh va muc do anh huong cua tram.","2024-11-12T22:27:39.3645313","2024-11-14T10:27:39.3645313"
945,"MT-00945",90,106,945,9,9,"High","InProgress","Xu ly su co ERR-00945","Len lich kiem tra thiet bi theo log van hanh va muc do anh huong cua tram.","2024-11-23T22:27:39.3645313",
946,"MT-00946",88,107,946,9,9,"Low","Closed","Xu ly su co ERR-00946","Len lich kiem tra thiet bi theo log van hanh va muc do anh huong cua tram.","2024-12-04T22:27:39.3645313","2024-12-06T12:27:39.3645313"
947,"MT-00947",88,108,947,9,9,"Low","Closed","Xu ly su co ERR-00947","Len lich kiem tra thiet bi theo log van hanh va muc do anh huong cua tram.","2024-12-15T22:27:39.3645313","2024-12-17T13:27:39.3645313"
948,"MT-00948",88,109,948,9,9,"Medium","Closed","Xu ly su co ERR-00948","Len lich kiem tra thiet bi theo log van hanh va muc do anh huong cua tram.","2024-12-26T22:27:39.3645313","2024-12-28T14:27:39.3645313"
949,"MT-00949",86,110,949,9,9,"Low","Closed","Xu ly su co ERR-00949","Len lich kiem tra thiet bi theo log van hanh va muc do anh huong cua tram.","2025-01-06T22:27:39.3645313","2025-01-08T15:27:39.3645313"
950,"MT-00950",86,111,950,9,9,"Low","Closed","Xu ly su co ERR-00950","Len lich kiem tra thiet bi theo log van hanh va muc do anh huong cua tram.","2025-01-17T22:27:39.3645313","2025-01-19T16:27:39.3645313"
951,"MT-00951",86,112,951,9,9,"Medium","Closed","Xu ly su co ERR-00951","Len lich kiem tra thiet bi theo log van hanh va muc do anh huong cua tram.","2025-01-28T22:27:39.3645313","2025-01-30T17:27:39.3645313"
952,"MT-00952",84,113,952,9,9,"Critical","Closed","Xu ly su co ERR-00952","Len lich kiem tra thiet bi theo log van hanh va muc do anh huong cua tram.","2025-02-08T22:27:39.3645313","2025-02-10T18:27:39.3645313"
953,"MT-00953",84,114,953,9,9,"Low","Closed","Xu ly su co ERR-00953","Len lich kiem tra thiet bi theo log van hanh va muc do anh huong cua tram.","2025-02-19T22:27:39.3645313","2025-02-21T19:27:39.3645313"
954,"MT-00954",84,115,954,9,9,"Medium","InProgress","Xu ly su co ERR-00954","Len lich kiem tra thiet bi theo log van hanh va muc do anh huong cua tram.","2025-03-02T22:27:39.3645313",
955,"MT-00955",82,116,955,9,9,"Low","Closed","Xu ly su co ERR-00955","Len lich kiem tra thiet bi theo log van hanh va muc do anh huong cua tram.","2025-03-13T22:27:39.3645313","2025-03-15T21:27:39.3645313"
956,"MT-00956",82,117,956,9,9,"Low","Closed","Xu ly su co ERR-00956","Len lich kiem tra thiet bi theo log van hanh va muc do anh huong cua tram.","2025-03-24T22:27:39.3645313","2025-03-26T22:27:39.3645313"
957,"MT-00957",82,118,957,9,9,"Medium","Closed","Xu ly su co ERR-00957","Len lich kiem tra thiet bi theo log van hanh va muc do anh huong cua tram.","2025-04-04T22:27:39.3645313","2025-04-06T23:27:39.3645313"
958,"MT-00958",79,119,958,9,9,"Low","Closed","Xu ly su co ERR-00958","Len lich kiem tra thiet bi theo log van hanh va muc do anh huong cua tram.","2025-04-15T22:27:39.3645313","2025-04-18T00:27:39.3645313"
959,"MT-00959",79,120,959,9,9,"High","Closed","Xu ly su co ERR-00959","Len lich kiem tra thiet bi theo log van hanh va muc do anh huong cua tram.","2025-04-26T22:27:39.3645313","2025-04-29T01:27:39.3645313"
960,"MT-00960",79,121,960,9,9,"Medium","Closed","Xu ly su co ERR-00960","Len lich kiem tra thiet bi theo log van hanh va muc do anh huong cua tram.","2025-05-07T22:27:39.3645313","2025-05-08T02:27:39.3645313"
961,"MT-00961",77,122,961,9,9,"Low","Closed","Xu ly su co ERR-00961","Len lich kiem tra thiet bi theo log van hanh va muc do anh huong cua tram.","2025-05-18T22:27:39.3645313","2025-05-19T03:27:39.3645313"
962,"MT-00962",77,123,962,9,9,"Low","Closed","Xu ly su co ERR-00962","Len lich kiem tra thiet bi theo log van hanh va muc do anh huong cua tram.","2025-05-29T22:27:39.3645313","2025-05-30T04:27:39.3645313"
963,"MT-00963",77,124,963,9,9,"Medium","InProgress","Xu ly su co ERR-00963","Len lich kiem tra thiet bi theo log van hanh va muc do anh huong cua tram.","2025-06-09T22:27:39.3645313",
964,"MT-00964",71,125,964,9,9,"Low","Closed","Xu ly su co ERR-00964","Len lich kiem tra thiet bi theo log van hanh va muc do anh huong cua tram.","2025-06-20T22:27:39.3645313","2025-06-21T06:27:39.3645313"
965,"MT-00965",71,126,965,9,9,"Low","Closed","Xu ly su co ERR-00965","Len lich kiem tra thiet bi theo log van hanh va muc do anh huong cua tram.","2025-07-01T22:27:39.3645313","2025-07-02T07:27:39.3645313"
966,"MT-00966",71,127,966,9,9,"High","Closed","Xu ly su co ERR-00966","Len lich kiem tra thiet bi theo log van hanh va muc do anh huong cua tram.","2025-07-12T22:27:39.3645313","2025-07-13T08:27:39.3645313"
967,"MT-00967",72,128,967,9,9,"Low","Closed","Xu ly su co ERR-00967","Len lich kiem tra thiet bi theo log van hanh va muc do anh huong cua tram.","2025-07-23T22:27:39.3645313","2025-07-24T09:27:39.3645313"
968,"MT-00968",72,129,968,9,9,"Low","Closed","Xu ly su co ERR-00968","Len lich kiem tra thiet bi theo log van hanh va muc do anh huong cua tram.","2025-08-03T22:27:39.3645313","2025-08-04T10:27:39.3645313"
969,"MT-00969",72,130,969,9,9,"Critical","Closed","Xu ly su co ERR-00969","Len lich kiem tra thiet bi theo log van hanh va muc do anh huong cua tram.","2025-08-14T22:27:39.3645313","2025-08-15T11:27:39.3645313"
970,"MT-00970",66,131,970,9,9,"Low","Closed","Xu ly su co ERR-00970","Len lich kiem tra thiet bi theo log van hanh va muc do anh huong cua tram.","2025-08-25T22:27:39.3645313","2025-08-26T12:27:39.3645313"
971,"MT-00971",66,132,971,9,9,"Low","Closed","Xu ly su co ERR-00971","Len lich kiem tra thiet bi theo log van hanh va muc do anh huong cua tram.","2025-09-05T22:27:39.3645313","2025-09-06T13:27:39.3645313"
972,"MT-00972",66,133,972,9,9,"Medium","InProgress","Xu ly su co ERR-00972","Len lich kiem tra thiet bi theo log van hanh va muc do anh huong cua tram.","2025-09-16T22:27:39.3645313",
973,"MT-00973",63,134,973,9,9,"High","Closed","Xu ly su co ERR-00973","Len lich kiem tra thiet bi theo log van hanh va muc do anh huong cua tram.","2025-09-27T22:27:39.3645313","2025-09-28T15:27:39.3645313"
974,"MT-00974",63,135,974,9,9,"Low","Closed","Xu ly su co ERR-00974","Len lich kiem tra thiet bi theo log van hanh va muc do anh huong cua tram.","2025-10-08T22:27:39.3645313","2025-10-09T16:27:39.3645313"
975,"MT-00975",63,136,975,9,9,"Medium","Closed","Xu ly su co ERR-00975","Len lich kiem tra thiet bi theo log van hanh va muc do anh huong cua tram.","2025-10-19T22:27:39.3645313","2025-10-20T17:27:39.3645313"
976,"MT-00976",64,137,976,9,9,"Low","Closed","Xu ly su co ERR-00976","Len lich kiem tra thiet bi theo log van hanh va muc do anh huong cua tram.","2025-10-30T22:27:39.3645313","2025-10-31T18:27:39.3645313"
977,"MT-00977",64,138,977,9,9,"Low","Closed","Xu ly su co ERR-00977","Len lich kiem tra thiet bi theo log van hanh va muc do anh huong cua tram.","2025-11-10T22:27:39.3645313","2025-11-11T19:27:39.3645313"
978,"MT-00978",64,139,978,9,9,"Medium","Closed","Xu ly su co ERR-00978","Len lich kiem tra thiet bi theo log van hanh va muc do anh huong cua tram.","2025-11-21T22:27:39.3645313","2025-11-22T20:27:39.3645313"
979,"MT-00979",61,140,979,9,9,"Low","Closed","Xu ly su co ERR-00979","Len lich kiem tra thiet bi theo log van hanh va muc do anh huong cua tram.","2025-12-02T22:27:39.3645313","2025-12-03T21:27:39.3645313"
980,"MT-00980",61,141,980,9,9,"High","Closed","Xu ly su co ERR-00980","Len lich kiem tra thiet bi theo log van hanh va muc do anh huong cua tram.","2025-12-13T22:27:39.3645313","2025-12-14T22:27:39.3645313"
981,"MT-00981",61,142,981,9,9,"Medium","InProgress","Xu ly su co ERR-00981","Len lich kiem tra thiet bi theo log van hanh va muc do anh huong cua tram.","2025-12-24T22:27:39.3645313",
982,"MT-00982",58,143,982,9,9,"Low","Closed","Xu ly su co ERR-00982","Len lich kiem tra thiet bi theo log van hanh va muc do anh huong cua tram.","2026-01-04T22:27:39.3645313","2026-01-06T00:27:39.3645313"
983,"MT-00983",58,144,983,9,9,"Low","Closed","Xu ly su co ERR-00983","Len lich kiem tra thiet bi theo log van hanh va muc do anh huong cua tram.","2026-01-15T22:27:39.3645313","2026-01-17T01:27:39.3645313"
984,"MT-00984",58,145,984,9,9,"Medium","Closed","Xu ly su co ERR-00984","Len lich kiem tra thiet bi theo log van hanh va muc do anh huong cua tram.","2026-01-26T22:27:39.3645313","2026-01-28T02:27:39.3645313"
985,"MT-00985",56,146,985,9,9,"Low","Closed","Xu ly su co ERR-00985","Len lich kiem tra thiet bi theo log van hanh va muc do anh huong cua tram.","2026-02-06T22:27:39.3645313","2026-02-08T03:27:39.3645313"
986,"MT-00986",56,147,986,9,9,"Critical","Closed","Xu ly su co ERR-00986","Len lich kiem tra thiet bi theo log van hanh va muc do anh huong cua tram.","2026-02-17T22:27:39.3645313","2026-02-19T04:27:39.3645313"
987,"MT-00987",56,148,987,9,9,"High","Closed","Xu ly su co ERR-00987","Len lich kiem tra thiet bi theo log van hanh va muc do anh huong cua tram.","2026-02-28T22:27:39.3645313","2026-03-02T05:27:39.3645313"
988,"MT-00988",49,149,988,9,9,"Low","Closed","Xu ly su co ERR-00988","Len lich kiem tra thiet bi theo log van hanh va muc do anh huong cua tram.","2026-03-11T22:27:39.3645313","2026-03-13T06:27:39.3645313"
989,"MT-00989",49,150,989,9,9,"Low","Closed","Xu ly su co ERR-00989","Len lich kiem tra thiet bi theo log van hanh va muc do anh huong cua tram.","2026-03-22T22:27:39.3645313","2026-03-24T07:27:39.3645313"
990,"MT-00990",49,151,990,9,9,"Medium","InProgress","Xu ly su co ERR-00990","Len lich kiem tra thiet bi theo log van hanh va muc do anh huong cua tram.","2026-04-02T22:27:39.3645313",
991,"MT-00991",54,152,991,9,9,"Low","Closed","Xu ly su co ERR-00991","Len lich kiem tra thiet bi theo log van hanh va muc do anh huong cua tram.","2026-04-13T22:27:39.3645313","2026-04-15T09:27:39.3645313"
992,"MT-00992",54,153,992,9,9,"Low","Closed","Xu ly su co ERR-00992","Len lich kiem tra thiet bi theo log van hanh va muc do anh huong cua tram.","2026-04-24T22:27:39.3645313","2026-04-26T10:27:39.3645313"
993,"MT-00993",54,154,993,9,9,"Medium","Closed","Xu ly su co ERR-00993","Len lich kiem tra thiet bi theo log van hanh va muc do anh huong cua tram.","2026-05-05T22:27:39.3645313","2026-05-07T11:27:39.3645313"
994,"MT-00994",51,155,994,9,9,"High","Closed","Xu ly su co ERR-00994","Len lich kiem tra thiet bi theo log van hanh va muc do anh huong cua tram.","2026-05-16T22:27:39.3645313","2026-05-18T12:27:39.3645313"
995,"MT-00995",51,156,995,9,9,"Low","Closed","Xu ly su co ERR-00995","Len lich kiem tra thiet bi theo log van hanh va muc do anh huong cua tram.","2026-05-27T22:27:39.3645313","2026-05-29T13:27:39.3645313"
996,"MT-00996",51,157,996,9,9,"Medium","Closed","Xu ly su co ERR-00996","Len lich kiem tra thiet bi theo log van hanh va muc do anh huong cua tram.","2024-06-07T22:27:39.3645313","2024-06-09T14:27:39.3645313"
997,"MT-00997",47,158,997,9,9,"Low","Closed","Xu ly su co ERR-00997","Len lich kiem tra thiet bi theo log van hanh va muc do anh huong cua tram.","2024-06-18T22:27:39.3645313","2024-06-20T15:27:39.3645313"
998,"MT-00998",47,159,998,9,9,"Low","Closed","Xu ly su co ERR-00998","Len lich kiem tra thiet bi theo log van hanh va muc do anh huong cua tram.","2024-06-29T22:27:39.3645313","2024-07-01T16:27:39.3645313"
999,"MT-00999",47,160,999,9,9,"Medium","InProgress","Xu ly su co ERR-00999","Len lich kiem tra thiet bi theo log van hanh va muc do anh huong cua tram.","2024-07-10T22:27:39.3645313",
1000,"MT-01000",45,161,1000,9,9,"Low","Closed","Xu ly su co ERR-01000","Len lich kiem tra thiet bi theo log van hanh va muc do anh huong cua tram.","2024-07-21T22:27:39.3645313","2024-07-23T18:27:39.3645313"
1001,"MT-01001",45,162,1001,9,9,"High","Closed","Xu ly su co ERR-01001","Len lich kiem tra thiet bi theo log van hanh va muc do anh huong cua tram.","2024-08-01T22:27:39.3645313","2024-08-03T19:27:39.3645313"
1002,"MT-01002",45,163,1002,9,9,"Medium","Closed","Xu ly su co ERR-01002","Len lich kiem tra thiet bi theo log van hanh va muc do anh huong cua tram.","2024-08-12T22:27:39.3645313","2024-08-14T20:27:39.3645313"
1003,"MT-01003",43,164,1003,9,9,"Critical","Closed","Xu ly su co ERR-01003","Len lich kiem tra thiet bi theo log van hanh va muc do anh huong cua tram.","2024-08-23T22:27:39.3645313","2024-08-25T21:27:39.3645313"
1004,"MT-01004",43,165,1004,9,9,"Low","Closed","Xu ly su co ERR-01004","Len lich kiem tra thiet bi theo log van hanh va muc do anh huong cua tram.","2024-09-03T22:27:39.3645313","2024-09-05T22:27:39.3645313"
1005,"MT-01005",43,166,1005,9,9,"Medium","Closed","Xu ly su co ERR-01005","Len lich kiem tra thiet bi theo log van hanh va muc do anh huong cua tram.","2024-09-14T22:27:39.3645313","2024-09-16T23:27:39.3645313"
1006,"MT-01006",40,167,1006,9,9,"Low","Closed","Xu ly su co ERR-01006","Len lich kiem tra thiet bi theo log van hanh va muc do anh huong cua tram.","2024-09-25T22:27:39.3645313","2024-09-28T00:27:39.3645313"
1007,"MT-01007",40,168,1007,9,9,"Low","Closed","Xu ly su co ERR-01007","Len lich kiem tra thiet bi theo log van hanh va muc do anh huong cua tram.","2024-10-06T22:27:39.3645313","2024-10-09T01:27:39.3645313"
1008,"MT-01008",40,169,1008,9,9,"High","InProgress","Xu ly su co ERR-01008","Len lich kiem tra thiet bi theo log van hanh va muc do anh huong cua tram.","2024-10-17T22:27:39.3645313",
1009,"MT-01009",41,170,1009,9,9,"Low","Closed","Xu ly su co ERR-01009","Len lich kiem tra thiet bi theo log van hanh va muc do anh huong cua tram.","2024-10-28T22:27:39.3645313","2024-10-29T03:27:39.3645313"
1010,"MT-01010",41,171,1010,9,9,"Low","Closed","Xu ly su co ERR-01010","Len lich kiem tra thiet bi theo log van hanh va muc do anh huong cua tram.","2024-11-08T22:27:39.3645313","2024-11-09T04:27:39.3645313"
1011,"MT-01011",41,172,1011,9,9,"Medium","Closed","Xu ly su co ERR-01011","Len lich kiem tra thiet bi theo log van hanh va muc do anh huong cua tram.","2024-11-19T22:27:39.3645313","2024-11-20T05:27:39.3645313"
1012,"MT-01012",36,173,1012,9,9,"Low","Closed","Xu ly su co ERR-01012","Len lich kiem tra thiet bi theo log van hanh va muc do anh huong cua tram.","2024-11-30T22:27:39.3645313","2024-12-01T06:27:39.3645313"
1013,"MT-01013",36,174,1013,9,9,"Low","Closed","Xu ly su co ERR-01013","Len lich kiem tra thiet bi theo log van hanh va muc do anh huong cua tram.","2024-12-11T22:27:39.3645313","2024-12-12T07:27:39.3645313"
1014,"MT-01014",36,175,1014,9,9,"Medium","Closed","Xu ly su co ERR-01014","Len lich kiem tra thiet bi theo log van hanh va muc do anh huong cua tram.","2024-12-22T22:27:39.3645313","2024-12-23T08:27:39.3645313"
1015,"MT-01015",33,176,1015,9,9,"High","Closed","Xu ly su co ERR-01015","Len lich kiem tra thiet bi theo log van hanh va muc do anh huong cua tram.","2025-01-02T22:27:39.3645313","2025-01-03T09:27:39.3645313"
1016,"MT-01016",33,177,1016,9,9,"Low","Closed","Xu ly su co ERR-01016","Len lich kiem tra thiet bi theo log van hanh va muc do anh huong cua tram.","2025-01-13T22:27:39.3645313","2025-01-14T10:27:39.3645313"
1017,"MT-01017",33,178,1017,9,9,"Medium","InProgress","Xu ly su co ERR-01017","Len lich kiem tra thiet bi theo log van hanh va muc do anh huong cua tram.","2025-01-24T22:27:39.3645313",
1018,"MT-01018",31,179,1018,9,9,"Low","Closed","Xu ly su co ERR-01018","Len lich kiem tra thiet bi theo log van hanh va muc do anh huong cua tram.","2025-02-04T22:27:39.3645313","2025-02-05T12:27:39.3645313"
1019,"MT-01019",31,180,1019,9,9,"Low","Closed","Xu ly su co ERR-01019","Len lich kiem tra thiet bi theo log van hanh va muc do anh huong cua tram.","2025-02-15T22:27:39.3645313","2025-02-16T13:27:39.3645313"
1020,"MT-01020",31,181,1020,9,9,"Critical","Closed","Xu ly su co ERR-01020","Len lich kiem tra thiet bi theo log van hanh va muc do anh huong cua tram.","2025-02-26T22:27:39.3645313","2025-02-27T14:27:39.3645313"
1021,"MT-01021",9,182,1021,9,9,"Low","Closed","Xu ly su co ERR-01021","Len lich kiem tra thiet bi theo log van hanh va muc do anh huong cua tram.","2025-03-09T22:27:39.3645313","2025-03-10T15:27:39.3645313"
1022,"MT-01022",9,183,1022,9,9,"High","Closed","Xu ly su co ERR-01022","Len lich kiem tra thiet bi theo log van hanh va muc do anh huong cua tram.","2025-03-20T22:27:39.3645313","2025-03-21T16:27:39.3645313"
1023,"MT-01023",9,184,1023,9,9,"Medium","Closed","Xu ly su co ERR-01023","Len lich kiem tra thiet bi theo log van hanh va muc do anh huong cua tram.","2025-03-31T22:27:39.3645313","2025-04-01T17:27:39.3645313"
1024,"MT-01024",29,185,1024,9,9,"Low","Closed","Xu ly su co ERR-01024","Len lich kiem tra thiet bi theo log van hanh va muc do anh huong cua tram.","2025-04-11T22:27:39.3645313","2025-04-12T18:27:39.3645313"
1025,"MT-01025",29,186,1025,9,9,"Low","Closed","Xu ly su co ERR-01025","Len lich kiem tra thiet bi theo log van hanh va muc do anh huong cua tram.","2025-04-22T22:27:39.3645313","2025-04-23T19:27:39.3645313"
1026,"MT-01026",29,187,1026,9,9,"Medium","InProgress","Xu ly su co ERR-01026","Len lich kiem tra thiet bi theo log van hanh va muc do anh huong cua tram.","2025-05-03T22:27:39.3645313",
1027,"MT-01027",27,188,1027,9,9,"Low","Closed","Xu ly su co ERR-01027","Len lich kiem tra thiet bi theo log van hanh va muc do anh huong cua tram.","2025-05-14T22:27:39.3645313","2025-05-15T21:27:39.3645313"
1028,"MT-01028",27,189,1028,9,9,"Low","Closed","Xu ly su co ERR-01028","Len lich kiem tra thiet bi theo log van hanh va muc do anh huong cua tram.","2025-05-25T22:27:39.3645313","2025-05-26T22:27:39.3645313"
1029,"MT-01029",27,190,1029,9,9,"High","Closed","Xu ly su co ERR-01029","Len lich kiem tra thiet bi theo log van hanh va muc do anh huong cua tram.","2025-06-05T22:27:39.3645313","2025-06-06T23:27:39.3645313"
1030,"MT-01030",25,191,1030,9,9,"Low","Closed","Xu ly su co ERR-01030","Len lich kiem tra thiet bi theo log van hanh va muc do anh huong cua tram.","2025-06-16T22:27:39.3645313","2025-06-18T00:27:39.3645313"
1031,"MT-01031",25,192,1031,9,9,"Low","Closed","Xu ly su co ERR-01031","Len lich kiem tra thiet bi theo log van hanh va muc do anh huong cua tram.","2025-06-27T22:27:39.3645313","2025-06-29T01:27:39.3645313"
1032,"MT-01032",25,193,1032,9,9,"Medium","Closed","Xu ly su co ERR-01032","Len lich kiem tra thiet bi theo log van hanh va muc do anh huong cua tram.","2025-07-08T22:27:39.3645313","2025-07-10T02:27:39.3645313"
1033,"MT-01033",22,194,1033,9,9,"Low","Closed","Xu ly su co ERR-01033","Len lich kiem tra thiet bi theo log van hanh va muc do anh huong cua tram.","2025-07-19T22:27:39.3645313","2025-07-21T03:27:39.3645313"
1034,"MT-01034",22,195,1034,9,9,"Low","Closed","Xu ly su co ERR-01034","Len lich kiem tra thiet bi theo log van hanh va muc do anh huong cua tram.","2025-07-30T22:27:39.3645313","2025-08-01T04:27:39.3645313"
1035,"MT-01035",22,196,1035,9,9,"Medium","InProgress","Xu ly su co ERR-01035","Len lich kiem tra thiet bi theo log van hanh va muc do anh huong cua tram.","2025-08-10T22:27:39.3645313",
1036,"MT-01036",19,197,1036,9,9,"High","Closed","Xu ly su co ERR-01036","Len lich kiem tra thiet bi theo log van hanh va muc do anh huong cua tram.","2025-08-21T22:27:39.3645313","2025-08-23T06:27:39.3645313"
1037,"MT-01037",19,198,1037,9,9,"Critical","Closed","Xu ly su co ERR-01037","Len lich kiem tra thiet bi theo log van hanh va muc do anh huong cua tram.","2025-09-01T22:27:39.3645313","2025-09-03T07:27:39.3645313"
1038,"MT-01038",19,199,1038,9,9,"Medium","Closed","Xu ly su co ERR-01038","Len lich kiem tra thiet bi theo log van hanh va muc do anh huong cua tram.","2025-09-12T22:27:39.3645313","2025-09-14T08:27:39.3645313"
1039,"MT-01039",20,200,1039,9,9,"Low","Closed","Xu ly su co ERR-01039","Len lich kiem tra thiet bi theo log van hanh va muc do anh huong cua tram.","2025-09-23T22:27:39.3645313","2025-09-25T09:27:39.3645313"
1040,"MT-01040",20,201,1040,9,9,"Low","Closed","Xu ly su co ERR-01040","Len lich kiem tra thiet bi theo log van hanh va muc do anh huong cua tram.","2025-10-04T22:27:39.3645313","2025-10-06T10:27:39.3645313"
1041,"MT-01041",20,202,1041,9,9,"Medium","Closed","Xu ly su co ERR-01041","Len lich kiem tra thiet bi theo log van hanh va muc do anh huong cua tram.","2025-10-15T22:27:39.3645313","2025-10-17T11:27:39.3645313"
1042,"MT-01042",15,203,1042,9,9,"Low","Closed","Xu ly su co ERR-01042","Len lich kiem tra thiet bi theo log van hanh va muc do anh huong cua tram.","2025-10-26T22:27:39.3645313","2025-10-28T12:27:39.3645313"
1043,"MT-01043",15,204,1043,9,9,"High","Closed","Xu ly su co ERR-01043","Len lich kiem tra thiet bi theo log van hanh va muc do anh huong cua tram.","2025-11-06T22:27:39.3645313","2025-11-08T13:27:39.3645313"
1044,"MT-01044",15,205,1044,9,9,"Medium","InProgress","Xu ly su co ERR-01044","Len lich kiem tra thiet bi theo log van hanh va muc do anh huong cua tram.","2025-11-17T22:27:39.3645313",
1045,"MT-01045",13,206,1045,9,9,"Low","Closed","Xu ly su co ERR-01045","Len lich kiem tra thiet bi theo log van hanh va muc do anh huong cua tram.","2025-11-28T22:27:39.3645313","2025-11-30T15:27:39.3645313"
1046,"MT-01046",13,207,1046,9,9,"Low","Closed","Xu ly su co ERR-01046","Len lich kiem tra thiet bi theo log van hanh va muc do anh huong cua tram.","2025-12-09T22:27:39.3645313","2025-12-11T16:27:39.3645313"
1047,"MT-01047",13,208,1047,9,9,"Medium","Closed","Xu ly su co ERR-01047","Len lich kiem tra thiet bi theo log van hanh va muc do anh huong cua tram.","2025-12-20T22:27:39.3645313","2025-12-22T17:27:39.3645313"
1048,"MT-01048",11,209,1048,9,9,"Low","Closed","Xu ly su co ERR-01048","Len lich kiem tra thiet bi theo log van hanh va muc do anh huong cua tram.","2025-12-31T22:27:39.3645313","2026-01-02T18:27:39.3645313"
1049,"MT-01049",11,210,1049,9,9,"Low","Closed","Xu ly su co ERR-01049","Len lich kiem tra thiet bi theo log van hanh va muc do anh huong cua tram.","2026-01-11T22:27:39.3645313","2026-01-13T19:27:39.3645313"
1050,"MT-01050",11,211,1050,9,9,"High","Closed","Xu ly su co ERR-01050","Len lich kiem tra thiet bi theo log van hanh va muc do anh huong cua tram.","2026-01-22T22:27:39.3645313","2026-01-24T20:27:39.3645313"
1051,"MT-01051",7,212,1051,9,9,"Low","Closed","Xu ly su co ERR-01051","Len lich kiem tra thiet bi theo log van hanh va muc do anh huong cua tram.","2026-02-02T22:27:39.3645313","2026-02-04T21:27:39.3645313"
1052,"MT-01052",7,213,1052,9,9,"Low","Closed","Xu ly su co ERR-01052","Len lich kiem tra thiet bi theo log van hanh va muc do anh huong cua tram.","2026-02-13T22:27:39.3645313","2026-02-15T22:27:39.3645313"
1053,"MT-01053",7,214,1053,9,9,"Medium","InProgress","Xu ly su co ERR-01053","Len lich kiem tra thiet bi theo log van hanh va muc do anh huong cua tram.","2026-02-24T22:27:39.3645313",
1054,"MT-01054",4,215,1054,9,9,"Critical","Closed","Xu ly su co ERR-01054","Len lich kiem tra thiet bi theo log van hanh va muc do anh huong cua tram.","2026-03-07T22:27:39.3645313","2026-03-10T00:27:39.3645313"
1055,"MT-01055",4,216,1055,9,9,"Low","Closed","Xu ly su co ERR-01055","Len lich kiem tra thiet bi theo log van hanh va muc do anh huong cua tram.","2026-03-18T22:27:39.3645313","2026-03-21T01:27:39.3645313"
1056,"MT-01056",4,217,1056,9,9,"Medium","Closed","Xu ly su co ERR-01056","Len lich kiem tra thiet bi theo log van hanh va muc do anh huong cua tram.","2026-03-29T22:27:39.3645313","2026-03-30T02:27:39.3645313"
1057,"MT-01057",2,218,1057,9,9,"High","Closed","Xu ly su co ERR-01057","Len lich kiem tra thiet bi theo log van hanh va muc do anh huong cua tram.","2026-04-09T22:27:39.3645313","2026-04-10T03:27:39.3645313"
1058,"MT-01058",2,219,1058,9,9,"Low","Closed","Xu ly su co ERR-01058","Len lich kiem tra thiet bi theo log van hanh va muc do anh huong cua tram.","2026-04-20T22:27:39.3645313","2026-04-21T04:27:39.3645313"
1059,"MT-01059",2,220,1059,9,9,"Medium","Closed","Xu ly su co ERR-01059","Len lich kiem tra thiet bi theo log van hanh va muc do anh huong cua tram.","2026-05-01T22:27:39.3645313","2026-05-02T05:27:39.3645313"
1060,"MT-01060",8,221,1060,9,9,"Low","Closed","Xu ly su co ERR-01060","Len lich kiem tra thiet bi theo log van hanh va muc do anh huong cua tram.","2026-05-12T22:27:39.3645313","2026-05-13T06:27:39.3645313"
1061,"MT-01061",8,222,1061,9,9,"Low","Closed","Xu ly su co ERR-01061","Len lich kiem tra thiet bi theo log van hanh va muc do anh huong cua tram.","2026-05-23T22:27:39.3645313","2026-05-24T07:27:39.3645313"
1062,"MT-01062",8,223,1062,9,9,"Medium","InProgress","Xu ly su co ERR-01062","Len lich kiem tra thiet bi theo log van hanh va muc do anh huong cua tram.","2024-06-03T22:27:39.3645313",
1063,"MT-01063",8,224,1063,9,9,"Low","Closed","Xu ly su co ERR-01063","Len lich kiem tra thiet bi theo log van hanh va muc do anh huong cua tram.","2024-06-14T22:27:39.3645313","2024-06-15T09:27:39.3645313"
1064,"MT-01064",8,225,1064,9,9,"High","Closed","Xu ly su co ERR-01064","Len lich kiem tra thiet bi theo log van hanh va muc do anh huong cua tram.","2024-06-25T22:27:39.3645313","2024-06-26T10:27:39.3645313"
1065,"MT-01065",17,226,1065,9,9,"Medium","Closed","Xu ly su co ERR-01065","Len lich kiem tra thiet bi theo log van hanh va muc do anh huong cua tram.","2024-07-06T22:27:39.3645313","2024-07-07T11:27:39.3645313"
1066,"MT-01066",17,227,1066,9,9,"Low","Closed","Xu ly su co ERR-01066","Len lich kiem tra thiet bi theo log van hanh va muc do anh huong cua tram.","2024-07-17T22:27:39.3645313","2024-07-18T12:27:39.3645313"
1067,"MT-01067",17,228,1067,9,9,"Low","Closed","Xu ly su co ERR-01067","Len lich kiem tra thiet bi theo log van hanh va muc do anh huong cua tram.","2024-07-28T22:27:39.3645313","2024-07-29T13:27:39.3645313"
1068,"MT-01068",17,229,1068,9,9,"Medium","Closed","Xu ly su co ERR-01068","Len lich kiem tra thiet bi theo log van hanh va muc do anh huong cua tram.","2024-08-08T22:27:39.3645313","2024-08-09T14:27:39.3645313"
1069,"MT-01069",17,230,1069,9,9,"Low","Closed","Xu ly su co ERR-01069","Len lich kiem tra thiet bi theo log van hanh va muc do anh huong cua tram.","2024-08-19T22:27:39.3645313","2024-08-20T15:27:39.3645313"
1070,"MT-01070",28,231,1070,9,9,"Low","Closed","Xu ly su co ERR-01070","Len lich kiem tra thiet bi theo log van hanh va muc do anh huong cua tram.","2024-08-30T22:27:39.3645313","2024-08-31T16:27:39.3645313"
1071,"MT-01071",28,232,1071,9,9,"Critical","InProgress","Xu ly su co ERR-01071","Len lich kiem tra thiet bi theo log van hanh va muc do anh huong cua tram.","2024-09-10T22:27:39.3645313",
1072,"MT-01072",28,233,1072,9,9,"Low","Closed","Xu ly su co ERR-01072","Len lich kiem tra thiet bi theo log van hanh va muc do anh huong cua tram.","2024-09-21T22:27:39.3645313","2024-09-22T18:27:39.3645313"
1073,"MT-01073",28,234,1073,9,9,"Low","Closed","Xu ly su co ERR-01073","Len lich kiem tra thiet bi theo log van hanh va muc do anh huong cua tram.","2024-10-02T22:27:39.3645313","2024-10-03T19:27:39.3645313"
1074,"MT-01074",28,235,1074,9,9,"Medium","Closed","Xu ly su co ERR-01074","Len lich kiem tra thiet bi theo log van hanh va muc do anh huong cua tram.","2024-10-13T22:27:39.3645313","2024-10-14T20:27:39.3645313"
1075,"MT-01075",38,236,1075,9,9,"Low","Closed","Xu ly su co ERR-01075","Len lich kiem tra thiet bi theo log van hanh va muc do anh huong cua tram.","2024-10-24T22:27:39.3645313","2024-10-25T21:27:39.3645313"
1076,"MT-01076",38,237,1076,9,9,"Low","Closed","Xu ly su co ERR-01076","Len lich kiem tra thiet bi theo log van hanh va muc do anh huong cua tram.","2024-11-04T22:27:39.3645313","2024-11-05T22:27:39.3645313"
1077,"MT-01077",38,238,1077,9,9,"Medium","Closed","Xu ly su co ERR-01077","Len lich kiem tra thiet bi theo log van hanh va muc do anh huong cua tram.","2024-11-15T22:27:39.3645313","2024-11-16T23:27:39.3645313"
1078,"MT-01078",38,239,1078,9,9,"High","Closed","Xu ly su co ERR-01078","Len lich kiem tra thiet bi theo log van hanh va muc do anh huong cua tram.","2024-11-26T22:27:39.3645313","2024-11-28T00:27:39.3645313"
1079,"MT-01079",38,240,1079,9,9,"Low","Closed","Xu ly su co ERR-01079","Len lich kiem tra thiet bi theo log van hanh va muc do anh huong cua tram.","2024-12-07T22:27:39.3645313","2024-12-09T01:27:39.3645313"
1080,"MT-01080",48,241,1080,9,9,"Medium","InProgress","Xu ly su co ERR-01080","Len lich kiem tra thiet bi theo log van hanh va muc do anh huong cua tram.","2024-12-18T22:27:39.3645313",
1081,"MT-01081",48,242,1081,9,9,"Low","Closed","Xu ly su co ERR-01081","Len lich kiem tra thiet bi theo log van hanh va muc do anh huong cua tram.","2024-12-29T22:27:39.3645313","2024-12-31T03:27:39.3645313"
1082,"MT-01082",48,243,1082,9,9,"Low","Closed","Xu ly su co ERR-01082","Len lich kiem tra thiet bi theo log van hanh va muc do anh huong cua tram.","2025-01-09T22:27:39.3645313","2025-01-11T04:27:39.3645313"
1083,"MT-01083",48,244,1083,9,9,"Medium","Closed","Xu ly su co ERR-01083","Len lich kiem tra thiet bi theo log van hanh va muc do anh huong cua tram.","2025-01-20T22:27:39.3645313","2025-01-22T05:27:39.3645313"
1084,"MT-01084",48,245,1084,9,9,"Low","Closed","Xu ly su co ERR-01084","Len lich kiem tra thiet bi theo log van hanh va muc do anh huong cua tram.","2025-01-31T22:27:39.3645313","2025-02-02T06:27:39.3645313"
1085,"MT-01085",53,246,1085,9,9,"High","Closed","Xu ly su co ERR-01085","Len lich kiem tra thiet bi theo log van hanh va muc do anh huong cua tram.","2025-02-11T22:27:39.3645313","2025-02-13T07:27:39.3645313"
1086,"MT-01086",53,247,1086,9,9,"Medium","Closed","Xu ly su co ERR-01086","Len lich kiem tra thiet bi theo log van hanh va muc do anh huong cua tram.","2025-02-22T22:27:39.3645313","2025-02-24T08:27:39.3645313"
1087,"MT-01087",53,248,1087,9,9,"Low","Closed","Xu ly su co ERR-01087","Len lich kiem tra thiet bi theo log van hanh va muc do anh huong cua tram.","2025-03-05T22:27:39.3645313","2025-03-07T09:27:39.3645313"
1088,"MT-01088",53,249,1088,9,9,"Critical","Closed","Xu ly su co ERR-01088","Len lich kiem tra thiet bi theo log van hanh va muc do anh huong cua tram.","2025-03-16T22:27:39.3645313","2025-03-18T10:27:39.3645313"
1089,"MT-01089",53,250,1089,9,9,"Medium","InProgress","Xu ly su co ERR-01089","Len lich kiem tra thiet bi theo log van hanh va muc do anh huong cua tram.","2025-03-27T22:27:39.3645313",
1090,"MT-01090",59,251,1090,9,9,"Low","Closed","Xu ly su co ERR-01090","Len lich kiem tra thiet bi theo log van hanh va muc do anh huong cua tram.","2025-04-07T22:27:39.3645313","2025-04-09T12:27:39.3645313"
1091,"MT-01091",59,252,1091,9,9,"Low","Closed","Xu ly su co ERR-01091","Len lich kiem tra thiet bi theo log van hanh va muc do anh huong cua tram.","2025-04-18T22:27:39.3645313","2025-04-20T13:27:39.3645313"
1092,"MT-01092",59,253,1092,9,9,"High","Closed","Xu ly su co ERR-01092","Len lich kiem tra thiet bi theo log van hanh va muc do anh huong cua tram.","2025-04-29T22:27:39.3645313","2025-05-01T14:27:39.3645313"
1093,"MT-01093",59,254,1093,9,9,"Low","Closed","Xu ly su co ERR-01093","Len lich kiem tra thiet bi theo log van hanh va muc do anh huong cua tram.","2025-05-10T22:27:39.3645313","2025-05-12T15:27:39.3645313"
1094,"MT-01094",59,255,1094,9,9,"Low","Closed","Xu ly su co ERR-01094","Len lich kiem tra thiet bi theo log van hanh va muc do anh huong cua tram.","2025-05-21T22:27:39.3645313","2025-05-23T16:27:39.3645313"
1095,"MT-01095",68,256,1095,9,9,"Medium","Closed","Xu ly su co ERR-01095","Len lich kiem tra thiet bi theo log van hanh va muc do anh huong cua tram.","2025-06-01T22:27:39.3645313","2025-06-03T17:27:39.3645313"
1096,"MT-01096",68,257,1096,9,9,"Low","Closed","Xu ly su co ERR-01096","Len lich kiem tra thiet bi theo log van hanh va muc do anh huong cua tram.","2025-06-12T22:27:39.3645313","2025-06-14T18:27:39.3645313"
1097,"MT-01097",68,258,1097,9,9,"Low","Closed","Xu ly su co ERR-01097","Len lich kiem tra thiet bi theo log van hanh va muc do anh huong cua tram.","2025-06-23T22:27:39.3645313","2025-06-25T19:27:39.3645313"
1098,"MT-01098",68,259,1098,9,9,"Medium","InProgress","Xu ly su co ERR-01098","Len lich kiem tra thiet bi theo log van hanh va muc do anh huong cua tram.","2025-07-04T22:27:39.3645313",
1099,"MT-01099",68,260,1099,9,9,"High","Closed","Xu ly su co ERR-01099","Len lich kiem tra thiet bi theo log van hanh va muc do anh huong cua tram.","2025-07-15T22:27:39.3645313","2025-07-17T21:27:39.3645313"
1100,"MT-01100",74,261,1100,9,9,"Low","Closed","Xu ly su co ERR-01100","Len lich kiem tra thiet bi theo log van hanh va muc do anh huong cua tram.","2025-07-26T22:27:39.3645313","2025-07-28T22:27:39.3645313"
1101,"MT-01101",74,262,1101,9,9,"Medium","Closed","Xu ly su co ERR-01101","Len lich kiem tra thiet bi theo log van hanh va muc do anh huong cua tram.","2025-08-06T22:27:39.3645313","2025-08-08T23:27:39.3645313"
1102,"MT-01102",74,263,1102,9,9,"Low","Closed","Xu ly su co ERR-01102","Len lich kiem tra thiet bi theo log van hanh va muc do anh huong cua tram.","2025-08-17T22:27:39.3645313","2025-08-20T00:27:39.3645313"
1103,"MT-01103",74,264,1103,9,9,"Low","Closed","Xu ly su co ERR-01103","Len lich kiem tra thiet bi theo log van hanh va muc do anh huong cua tram.","2025-08-28T22:27:39.3645313","2025-08-31T01:27:39.3645313"
1104,"MT-01104",74,265,1104,9,9,"Medium","Closed","Xu ly su co ERR-01104","Len lich kiem tra thiet bi theo log van hanh va muc do anh huong cua tram.","2025-09-08T22:27:39.3645313","2025-09-09T02:27:39.3645313"
1105,"MT-01105",80,266,1105,9,9,"Critical","Closed","Xu ly su co ERR-01105","Len lich kiem tra thiet bi theo log van hanh va muc do anh huong cua tram.","2025-09-19T22:27:39.3645313","2025-09-20T03:27:39.3645313"
1106,"MT-01106",80,267,1106,9,9,"High","Closed","Xu ly su co ERR-01106","Len lich kiem tra thiet bi theo log van hanh va muc do anh huong cua tram.","2025-09-30T22:27:39.3645313","2025-10-01T04:27:39.3645313"
1107,"MT-01107",80,268,1107,9,9,"Medium","InProgress","Xu ly su co ERR-01107","Len lich kiem tra thiet bi theo log van hanh va muc do anh huong cua tram.","2025-10-11T22:27:39.3645313",
1108,"MT-01108",80,269,1108,9,9,"Low","Closed","Xu ly su co ERR-01108","Len lich kiem tra thiet bi theo log van hanh va muc do anh huong cua tram.","2025-10-22T22:27:39.3645313","2025-10-23T06:27:39.3645313"
1109,"MT-01109",80,270,1109,9,9,"Low","Closed","Xu ly su co ERR-01109","Len lich kiem tra thiet bi theo log van hanh va muc do anh huong cua tram.","2025-11-02T22:27:39.3645313","2025-11-03T07:27:39.3645313"
1110,"MT-01110",89,271,1110,9,9,"Medium","Closed","Xu ly su co ERR-01110","Len lich kiem tra thiet bi theo log van hanh va muc do anh huong cua tram.","2025-11-13T22:27:39.3645313","2025-11-14T08:27:39.3645313"
1111,"MT-01111",89,272,1111,9,9,"Low","Closed","Xu ly su co ERR-01111","Len lich kiem tra thiet bi theo log van hanh va muc do anh huong cua tram.","2025-11-24T22:27:39.3645313","2025-11-25T09:27:39.3645313"
1112,"MT-01112",89,273,1112,9,9,"Low","Closed","Xu ly su co ERR-01112","Len lich kiem tra thiet bi theo log van hanh va muc do anh huong cua tram.","2025-12-05T22:27:39.3645313","2025-12-06T10:27:39.3645313"
1113,"MT-01113",89,274,1113,9,9,"High","Closed","Xu ly su co ERR-01113","Len lich kiem tra thiet bi theo log van hanh va muc do anh huong cua tram.","2025-12-16T22:27:39.3645313","2025-12-17T11:27:39.3645313"
1114,"MT-01114",89,275,1114,9,9,"Low","Closed","Xu ly su co ERR-01114","Len lich kiem tra thiet bi theo log van hanh va muc do anh huong cua tram.","2025-12-27T22:27:39.3645313","2025-12-28T12:27:39.3645313"
1115,"MT-01115",98,276,1115,9,9,"Low","Closed","Xu ly su co ERR-01115","Len lich kiem tra thiet bi theo log van hanh va muc do anh huong cua tram.","2026-01-07T22:27:39.3645313","2026-01-08T13:27:39.3645313"
1116,"MT-01116",98,277,1116,9,9,"Medium","InProgress","Xu ly su co ERR-01116","Len lich kiem tra thiet bi theo log van hanh va muc do anh huong cua tram.","2026-01-18T22:27:39.3645313",
1117,"MT-01117",98,278,1117,9,9,"Low","Closed","Xu ly su co ERR-01117","Len lich kiem tra thiet bi theo log van hanh va muc do anh huong cua tram.","2026-01-29T22:27:39.3645313","2026-01-30T15:27:39.3645313"
1118,"MT-01118",98,279,1118,9,9,"Low","Closed","Xu ly su co ERR-01118","Len lich kiem tra thiet bi theo log van hanh va muc do anh huong cua tram.","2026-02-09T22:27:39.3645313","2026-02-10T16:27:39.3645313"
1119,"MT-01119",98,280,1119,9,9,"Medium","Closed","Xu ly su co ERR-01119","Len lich kiem tra thiet bi theo log van hanh va muc do anh huong cua tram.","2026-02-20T22:27:39.3645313","2026-02-21T17:27:39.3645313"
1120,"MT-01120",1,1,1120,9,9,"High","Closed","Xu ly su co ERR-01120","Len lich kiem tra thiet bi theo log van hanh va muc do anh huong cua tram.","2026-03-03T22:27:39.3645313","2026-03-04T18:27:39.3645313"
1121,"MT-01121",1,2,1121,9,9,"Low","Closed","Xu ly su co ERR-01121","Len lich kiem tra thiet bi theo log van hanh va muc do anh huong cua tram.","2026-03-14T22:27:39.3645313","2026-03-15T19:27:39.3645313"
1122,"MT-01122",3,3,1122,9,9,"Critical","Closed","Xu ly su co ERR-01122","Len lich kiem tra thiet bi theo log van hanh va muc do anh huong cua tram.","2026-03-25T22:27:39.3645313","2026-03-26T20:27:39.3645313"
1123,"MT-01123",3,4,1123,9,9,"Low","Closed","Xu ly su co ERR-01123","Len lich kiem tra thiet bi theo log van hanh va muc do anh huong cua tram.","2026-04-05T22:27:39.3645313","2026-04-06T21:27:39.3645313"
1124,"MT-01124",5,5,1124,9,9,"Low","Closed","Xu ly su co ERR-01124","Len lich kiem tra thiet bi theo log van hanh va muc do anh huong cua tram.","2026-04-16T22:27:39.3645313","2026-04-17T22:27:39.3645313"
1125,"MT-01125",5,6,1125,9,9,"Medium","InProgress","Xu ly su co ERR-01125","Len lich kiem tra thiet bi theo log van hanh va muc do anh huong cua tram.","2026-04-27T22:27:39.3645313",
1126,"MT-01126",6,7,1126,9,9,"Low","Closed","Xu ly su co ERR-01126","Len lich kiem tra thiet bi theo log van hanh va muc do anh huong cua tram.","2026-05-08T22:27:39.3645313","2026-05-10T00:27:39.3645313"
1127,"MT-01127",6,8,1127,9,9,"High","Closed","Xu ly su co ERR-01127","Len lich kiem tra thiet bi theo log van hanh va muc do anh huong cua tram.","2026-05-19T22:27:39.3645313","2026-05-21T01:27:39.3645313"
1128,"MT-01128",10,9,1128,9,9,"Medium","Closed","Xu ly su co ERR-01128","Len lich kiem tra thiet bi theo log van hanh va muc do anh huong cua tram.","2026-05-30T22:27:39.3645313","2026-06-01T02:27:39.3645313"
1129,"MT-01129",10,10,1129,9,9,"Low","Closed","Xu ly su co ERR-01129","Len lich kiem tra thiet bi theo log van hanh va muc do anh huong cua tram.","2024-06-10T22:27:39.3645313","2024-06-12T03:27:39.3645313"
1130,"MT-01130",12,11,1130,9,9,"Low","Closed","Xu ly su co ERR-01130","Len lich kiem tra thiet bi theo log van hanh va muc do anh huong cua tram.","2024-06-21T22:27:39.3645313","2024-06-23T04:27:39.3645313"
1131,"MT-01131",12,12,1131,9,9,"Medium","Closed","Xu ly su co ERR-01131","Len lich kiem tra thiet bi theo log van hanh va muc do anh huong cua tram.","2024-07-02T22:27:39.3645313","2024-07-04T05:27:39.3645313"
1132,"MT-01132",14,13,1132,9,9,"Low","Closed","Xu ly su co ERR-01132","Len lich kiem tra thiet bi theo log van hanh va muc do anh huong cua tram.","2024-07-13T22:27:39.3645313","2024-07-15T06:27:39.3645313"
1133,"MT-01133",14,14,1133,9,9,"Low","Closed","Xu ly su co ERR-01133","Len lich kiem tra thiet bi theo log van hanh va muc do anh huong cua tram.","2024-07-24T22:27:39.3645313","2024-07-26T07:27:39.3645313"
1134,"MT-01134",16,15,1134,9,9,"High","InProgress","Xu ly su co ERR-01134","Len lich kiem tra thiet bi theo log van hanh va muc do anh huong cua tram.","2024-08-04T22:27:39.3645313",
1135,"MT-01135",16,16,1135,9,9,"Low","Closed","Xu ly su co ERR-01135","Len lich kiem tra thiet bi theo log van hanh va muc do anh huong cua tram.","2024-08-15T22:27:39.3645313","2024-08-17T09:27:39.3645313"
1136,"MT-01136",18,17,1136,9,9,"Low","Closed","Xu ly su co ERR-01136","Len lich kiem tra thiet bi theo log van hanh va muc do anh huong cua tram.","2024-08-26T22:27:39.3645313","2024-08-28T10:27:39.3645313"
1137,"MT-01137",18,18,1137,9,9,"Medium","Closed","Xu ly su co ERR-01137","Len lich kiem tra thiet bi theo log van hanh va muc do anh huong cua tram.","2024-09-06T22:27:39.3645313","2024-09-08T11:27:39.3645313"
1138,"MT-01138",21,19,1138,9,9,"Low","Closed","Xu ly su co ERR-01138","Len lich kiem tra thiet bi theo log van hanh va muc do anh huong cua tram.","2024-09-17T22:27:39.3645313","2024-09-19T12:27:39.3645313"
1139,"MT-01139",21,20,1139,9,9,"Critical","Closed","Xu ly su co ERR-01139","Len lich kiem tra thiet bi theo log van hanh va muc do anh huong cua tram.","2024-09-28T22:27:39.3645313","2024-09-30T13:27:39.3645313"
1140,"MT-01140",23,21,1140,9,9,"Medium","Closed","Xu ly su co ERR-01140","Len lich kiem tra thiet bi theo log van hanh va muc do anh huong cua tram.","2024-10-09T22:27:39.3645313","2024-10-11T14:27:39.3645313"
1141,"MT-01141",23,22,1141,9,9,"High","Closed","Xu ly su co ERR-01141","Len lich kiem tra thiet bi theo log van hanh va muc do anh huong cua tram.","2024-10-20T22:27:39.3645313","2024-10-22T15:27:39.3645313"
1142,"MT-01142",24,23,1142,9,9,"Low","Closed","Xu ly su co ERR-01142","Len lich kiem tra thiet bi theo log van hanh va muc do anh huong cua tram.","2024-10-31T22:27:39.3645313","2024-11-02T16:27:39.3645313"
1143,"MT-01143",24,24,1143,9,9,"Medium","InProgress","Xu ly su co ERR-01143","Len lich kiem tra thiet bi theo log van hanh va muc do anh huong cua tram.","2024-11-11T22:27:39.3645313",
1144,"MT-01144",26,25,1144,9,9,"Low","Closed","Xu ly su co ERR-01144","Len lich kiem tra thiet bi theo log van hanh va muc do anh huong cua tram.","2024-11-22T22:27:39.3645313","2024-11-24T18:27:39.3645313"
1145,"MT-01145",26,26,1145,9,9,"Low","Closed","Xu ly su co ERR-01145","Len lich kiem tra thiet bi theo log van hanh va muc do anh huong cua tram.","2024-12-03T22:27:39.3645313","2024-12-05T19:27:39.3645313"
1146,"MT-01146",30,27,1146,9,9,"Medium","Closed","Xu ly su co ERR-01146","Len lich kiem tra thiet bi theo log van hanh va muc do anh huong cua tram.","2024-12-14T22:27:39.3645313","2024-12-16T20:27:39.3645313"
1147,"MT-01147",30,28,1147,9,9,"Low","Closed","Xu ly su co ERR-01147","Len lich kiem tra thiet bi theo log van hanh va muc do anh huong cua tram.","2024-12-25T22:27:39.3645313","2024-12-27T21:27:39.3645313"
1148,"MT-01148",32,29,1148,9,9,"High","Closed","Xu ly su co ERR-01148","Len lich kiem tra thiet bi theo log van hanh va muc do anh huong cua tram.","2025-01-05T22:27:39.3645313","2025-01-07T22:27:39.3645313"
1149,"MT-01149",32,30,1149,9,9,"Medium","Closed","Xu ly su co ERR-01149","Len lich kiem tra thiet bi theo log van hanh va muc do anh huong cua tram.","2025-01-16T22:27:39.3645313","2025-01-18T23:27:39.3645313"
1150,"MT-01150",34,31,1150,9,9,"Low","Closed","Xu ly su co ERR-01150","Len lich kiem tra thiet bi theo log van hanh va muc do anh huong cua tram.","2025-01-27T22:27:39.3645313","2025-01-30T00:27:39.3645313"
1151,"MT-01151",34,32,1151,9,9,"Low","Closed","Xu ly su co ERR-01151","Len lich kiem tra thiet bi theo log van hanh va muc do anh huong cua tram.","2025-02-07T22:27:39.3645313","2025-02-10T01:27:39.3645313"
1152,"MT-01152",35,33,1152,9,9,"Medium","InProgress","Xu ly su co ERR-01152","Len lich kiem tra thiet bi theo log van hanh va muc do anh huong cua tram.","2025-02-18T22:27:39.3645313",
1153,"MT-01153",35,34,1153,9,9,"Low","Closed","Xu ly su co ERR-01153","Len lich kiem tra thiet bi theo log van hanh va muc do anh huong cua tram.","2025-03-01T22:27:39.3645313","2025-03-02T03:27:39.3645313"
1154,"MT-01154",37,35,1154,9,9,"Low","Closed","Xu ly su co ERR-01154","Len lich kiem tra thiet bi theo log van hanh va muc do anh huong cua tram.","2025-03-12T22:27:39.3645313","2025-03-13T04:27:39.3645313"
1155,"MT-01155",37,36,1155,9,9,"High","Closed","Xu ly su co ERR-01155","Len lich kiem tra thiet bi theo log van hanh va muc do anh huong cua tram.","2025-03-23T22:27:39.3645313","2025-03-24T05:27:39.3645313"
1156,"MT-01156",39,37,1156,9,9,"Critical","Closed","Xu ly su co ERR-01156","Len lich kiem tra thiet bi theo log van hanh va muc do anh huong cua tram.","2025-04-03T22:27:39.3645313","2025-04-04T06:27:39.3645313"
1157,"MT-01157",39,38,1157,9,9,"Low","Closed","Xu ly su co ERR-01157","Len lich kiem tra thiet bi theo log van hanh va muc do anh huong cua tram.","2025-04-14T22:27:39.3645313","2025-04-15T07:27:39.3645313"
1158,"MT-01158",42,39,1158,9,9,"Medium","Closed","Xu ly su co ERR-01158","Len lich kiem tra thiet bi theo log van hanh va muc do anh huong cua tram.","2025-04-25T22:27:39.3645313","2025-04-26T08:27:39.3645313"
1159,"MT-01159",42,40,1159,9,9,"Low","Closed","Xu ly su co ERR-01159","Len lich kiem tra thiet bi theo log van hanh va muc do anh huong cua tram.","2025-05-06T22:27:39.3645313","2025-05-07T09:27:39.3645313"
1160,"MT-01160",44,41,1160,9,9,"Low","Closed","Xu ly su co ERR-01160","Len lich kiem tra thiet bi theo log van hanh va muc do anh huong cua tram.","2025-05-17T22:27:39.3645313","2025-05-18T10:27:39.3645313"
1161,"MT-01161",44,42,1161,9,9,"Medium","InProgress","Xu ly su co ERR-01161","Len lich kiem tra thiet bi theo log van hanh va muc do anh huong cua tram.","2025-05-28T22:27:39.3645313",
1162,"MT-01162",46,43,1162,9,9,"High","Closed","Xu ly su co ERR-01162","Len lich kiem tra thiet bi theo log van hanh va muc do anh huong cua tram.","2025-06-08T22:27:39.3645313","2025-06-09T12:27:39.3645313"
1163,"MT-01163",46,44,1163,9,9,"Low","Closed","Xu ly su co ERR-01163","Len lich kiem tra thiet bi theo log van hanh va muc do anh huong cua tram.","2025-06-19T22:27:39.3645313","2025-06-20T13:27:39.3645313"
1164,"MT-01164",50,45,1164,9,9,"Medium","Closed","Xu ly su co ERR-01164","Len lich kiem tra thiet bi theo log van hanh va muc do anh huong cua tram.","2025-06-30T22:27:39.3645313","2025-07-01T14:27:39.3645313"
1165,"MT-01165",50,46,1165,9,9,"Low","Closed","Xu ly su co ERR-01165","Len lich kiem tra thiet bi theo log van hanh va muc do anh huong cua tram.","2025-07-11T22:27:39.3645313","2025-07-12T15:27:39.3645313"
1166,"MT-01166",52,47,1166,9,9,"Low","Closed","Xu ly su co ERR-01166","Len lich kiem tra thiet bi theo log van hanh va muc do anh huong cua tram.","2025-07-22T22:27:39.3645313","2025-07-23T16:27:39.3645313"
1167,"MT-01167",52,48,1167,9,9,"Medium","Closed","Xu ly su co ERR-01167","Len lich kiem tra thiet bi theo log van hanh va muc do anh huong cua tram.","2025-08-02T22:27:39.3645313","2025-08-03T17:27:39.3645313"
1168,"MT-01168",55,49,1168,9,9,"Low","Closed","Xu ly su co ERR-01168","Len lich kiem tra thiet bi theo log van hanh va muc do anh huong cua tram.","2025-08-13T22:27:39.3645313","2025-08-14T18:27:39.3645313"
1169,"MT-01169",55,50,1169,9,9,"High","Closed","Xu ly su co ERR-01169","Len lich kiem tra thiet bi theo log van hanh va muc do anh huong cua tram.","2025-08-24T22:27:39.3645313","2025-08-25T19:27:39.3645313"
1170,"MT-01170",57,51,1170,9,9,"Medium","InProgress","Xu ly su co ERR-01170","Len lich kiem tra thiet bi theo log van hanh va muc do anh huong cua tram.","2025-09-04T22:27:39.3645313",
1171,"MT-01171",57,52,1171,9,9,"Low","Closed","Xu ly su co ERR-01171","Len lich kiem tra thiet bi theo log van hanh va muc do anh huong cua tram.","2025-09-15T22:27:39.3645313","2025-09-16T21:27:39.3645313"
1172,"MT-01172",60,53,1172,9,9,"Low","Closed","Xu ly su co ERR-01172","Len lich kiem tra thiet bi theo log van hanh va muc do anh huong cua tram.","2025-09-26T22:27:39.3645313","2025-09-27T22:27:39.3645313"
1173,"MT-01173",60,54,1173,9,9,"Critical","Closed","Xu ly su co ERR-01173","Len lich kiem tra thiet bi theo log van hanh va muc do anh huong cua tram.","2025-10-07T22:27:39.3645313","2025-10-08T23:27:39.3645313"
1174,"MT-01174",62,55,1174,9,9,"Low","Closed","Xu ly su co ERR-01174","Len lich kiem tra thiet bi theo log van hanh va muc do anh huong cua tram.","2025-10-18T22:27:39.3645313","2025-10-20T00:27:39.3645313"
1175,"MT-01175",62,56,1175,9,9,"Low","Closed","Xu ly su co ERR-01175","Len lich kiem tra thiet bi theo log van hanh va muc do anh huong cua tram.","2025-10-29T22:27:39.3645313","2025-10-31T01:27:39.3645313"
1176,"MT-01176",65,57,1176,9,9,"High","Closed","Xu ly su co ERR-01176","Len lich kiem tra thiet bi theo log van hanh va muc do anh huong cua tram.","2025-11-09T22:27:39.3645313","2025-11-11T02:27:39.3645313"
1177,"MT-01177",65,58,1177,9,9,"Low","Closed","Xu ly su co ERR-01177","Len lich kiem tra thiet bi theo log van hanh va muc do anh huong cua tram.","2025-11-20T22:27:39.3645313","2025-11-22T03:27:39.3645313"
1178,"MT-01178",67,59,1178,9,9,"Low","Closed","Xu ly su co ERR-01178","Len lich kiem tra thiet bi theo log van hanh va muc do anh huong cua tram.","2025-12-01T22:27:39.3645313","2025-12-03T04:27:39.3645313"
1179,"MT-01179",67,60,1179,9,9,"Medium","InProgress","Xu ly su co ERR-01179","Len lich kiem tra thiet bi theo log van hanh va muc do anh huong cua tram.","2025-12-12T22:27:39.3645313",
1180,"MT-01180",70,61,1180,9,9,"Low","Closed","Xu ly su co ERR-01180","Len lich kiem tra thiet bi theo log van hanh va muc do anh huong cua tram.","2025-12-23T22:27:39.3645313","2025-12-25T06:27:39.3645313"
1181,"MT-01181",70,62,1181,9,9,"Low","Closed","Xu ly su co ERR-01181","Len lich kiem tra thiet bi theo log van hanh va muc do anh huong cua tram.","2026-01-03T22:27:39.3645313","2026-01-05T07:27:39.3645313"
1182,"MT-01182",73,63,1182,9,9,"Medium","Closed","Xu ly su co ERR-01182","Len lich kiem tra thiet bi theo log van hanh va muc do anh huong cua tram.","2026-01-14T22:27:39.3645313","2026-01-16T08:27:39.3645313"
1183,"MT-01183",73,64,1183,9,9,"High","Closed","Xu ly su co ERR-01183","Len lich kiem tra thiet bi theo log van hanh va muc do anh huong cua tram.","2026-01-25T22:27:39.3645313","2026-01-27T09:27:39.3645313"
1184,"MT-01184",75,65,1184,9,9,"Low","Closed","Xu ly su co ERR-01184","Len lich kiem tra thiet bi theo log van hanh va muc do anh huong cua tram.","2026-02-05T22:27:39.3645313","2026-02-07T10:27:39.3645313"
1185,"MT-01185",75,66,1185,9,9,"Medium","Closed","Xu ly su co ERR-01185","Len lich kiem tra thiet bi theo log van hanh va muc do anh huong cua tram.","2026-02-16T22:27:39.3645313","2026-02-18T11:27:39.3645313"
1186,"MT-01186",76,67,1186,9,9,"Low","Closed","Xu ly su co ERR-01186","Len lich kiem tra thiet bi theo log van hanh va muc do anh huong cua tram.","2026-02-27T22:27:39.3645313","2026-03-01T12:27:39.3645313"
1187,"MT-01187",76,68,1187,9,9,"Low","Closed","Xu ly su co ERR-01187","Len lich kiem tra thiet bi theo log van hanh va muc do anh huong cua tram.","2026-03-10T22:27:39.3645313","2026-03-12T13:27:39.3645313"
1188,"MT-01188",78,69,1188,9,9,"Medium","InProgress","Xu ly su co ERR-01188","Len lich kiem tra thiet bi theo log van hanh va muc do anh huong cua tram.","2026-03-21T22:27:39.3645313",
1189,"MT-01189",78,70,1189,9,9,"Low","Closed","Xu ly su co ERR-01189","Len lich kiem tra thiet bi theo log van hanh va muc do anh huong cua tram.","2026-04-01T22:27:39.3645313","2026-04-03T15:27:39.3645313"
1190,"MT-01190",81,71,1190,9,9,"Critical","Closed","Xu ly su co ERR-01190","Len lich kiem tra thiet bi theo log van hanh va muc do anh huong cua tram.","2026-04-12T22:27:39.3645313","2026-04-14T16:27:39.3645313"
1191,"MT-01191",81,72,1191,9,9,"Medium","Closed","Xu ly su co ERR-01191","Len lich kiem tra thiet bi theo log van hanh va muc do anh huong cua tram.","2026-04-23T22:27:39.3645313","2026-04-25T17:27:39.3645313"
1192,"MT-01192",83,73,1192,9,9,"Low","Closed","Xu ly su co ERR-01192","Len lich kiem tra thiet bi theo log van hanh va muc do anh huong cua tram.","2026-05-04T22:27:39.3645313","2026-05-06T18:27:39.3645313"
1193,"MT-01193",83,74,1193,9,9,"Low","Closed","Xu ly su co ERR-01193","Len lich kiem tra thiet bi theo log van hanh va muc do anh huong cua tram.","2026-05-15T22:27:39.3645313","2026-05-17T19:27:39.3645313"
1194,"MT-01194",85,75,1194,9,9,"Medium","Closed","Xu ly su co ERR-01194","Len lich kiem tra thiet bi theo log van hanh va muc do anh huong cua tram.","2026-05-26T22:27:39.3645313","2026-05-28T20:27:39.3645313"
1195,"MT-01195",85,76,1195,9,9,"Low","Closed","Xu ly su co ERR-01195","Len lich kiem tra thiet bi theo log van hanh va muc do anh huong cua tram.","2024-06-06T22:27:39.3645313","2024-06-08T21:27:39.3645313"
1196,"MT-01196",87,77,1196,9,9,"Low","Closed","Xu ly su co ERR-01196","Len lich kiem tra thiet bi theo log van hanh va muc do anh huong cua tram.","2024-06-17T22:27:39.3645313","2024-06-19T22:27:39.3645313"
1197,"MT-01197",87,78,1197,9,9,"High","InProgress","Xu ly su co ERR-01197","Len lich kiem tra thiet bi theo log van hanh va muc do anh huong cua tram.","2024-06-28T22:27:39.3645313",
1198,"MT-01198",91,79,1198,9,9,"Low","Closed","Xu ly su co ERR-01198","Len lich kiem tra thiet bi theo log van hanh va muc do anh huong cua tram.","2024-07-09T22:27:39.3645313","2024-07-12T00:27:39.3645313"
1199,"MT-01199",91,80,1199,9,9,"Low","Closed","Xu ly su co ERR-01199","Len lich kiem tra thiet bi theo log van hanh va muc do anh huong cua tram.","2024-07-20T22:27:39.3645313","2024-07-23T01:27:39.3645313"
1200,"MT-01200",93,81,1200,9,9,"Medium","Closed","Xu ly su co ERR-01200","Len lich kiem tra thiet bi theo log van hanh va muc do anh huong cua tram.","2024-07-31T22:27:39.3645313","2024-08-01T02:27:39.3645313"
1201,"MT-01201",93,82,1201,9,9,"Low","Closed","Xu ly su co ERR-01201","Len lich kiem tra thiet bi theo log van hanh va muc do anh huong cua tram.","2024-08-11T22:27:39.3645313","2024-08-12T03:27:39.3645313"
1202,"MT-01202",95,83,1202,9,9,"Low","Closed","Xu ly su co ERR-01202","Len lich kiem tra thiet bi theo log van hanh va muc do anh huong cua tram.","2024-08-22T22:27:39.3645313","2024-08-23T04:27:39.3645313"
1203,"MT-01203",95,84,1203,9,9,"Medium","Closed","Xu ly su co ERR-01203","Len lich kiem tra thiet bi theo log van hanh va muc do anh huong cua tram.","2024-09-02T22:27:39.3645313","2024-09-03T05:27:39.3645313"
1204,"MT-01204",97,85,1204,9,9,"High","Closed","Xu ly su co ERR-01204","Len lich kiem tra thiet bi theo log van hanh va muc do anh huong cua tram.","2024-09-13T22:27:39.3645313","2024-09-14T06:27:39.3645313"
1205,"MT-01205",97,86,1205,9,9,"Low","Closed","Xu ly su co ERR-01205","Len lich kiem tra thiet bi theo log van hanh va muc do anh huong cua tram.","2024-09-24T22:27:39.3645313","2024-09-25T07:27:39.3645313"
1206,"MT-01206",99,87,1206,9,9,"Medium","InProgress","Xu ly su co ERR-01206","Len lich kiem tra thiet bi theo log van hanh va muc do anh huong cua tram.","2024-10-05T22:27:39.3645313",
1207,"MT-01207",99,88,1207,9,9,"Critical","Closed","Xu ly su co ERR-01207","Len lich kiem tra thiet bi theo log van hanh va muc do anh huong cua tram.","2024-10-16T22:27:39.3645313","2024-10-17T09:27:39.3645313"
1208,"MT-01208",100,89,1208,9,9,"Low","Closed","Xu ly su co ERR-01208","Len lich kiem tra thiet bi theo log van hanh va muc do anh huong cua tram.","2024-10-27T22:27:39.3645313","2024-10-28T10:27:39.3645313"
1209,"MT-01209",100,90,1209,9,9,"Medium","Closed","Xu ly su co ERR-01209","Len lich kiem tra thiet bi theo log van hanh va muc do anh huong cua tram.","2024-11-07T22:27:39.3645313","2024-11-08T11:27:39.3645313"
1210,"MT-01210",100,91,1210,9,9,"Low","Closed","Xu ly su co ERR-01210","Len lich kiem tra thiet bi theo log van hanh va muc do anh huong cua tram.","2024-11-18T22:27:39.3645313","2024-11-19T12:27:39.3645313"
1211,"MT-01211",96,92,1211,9,9,"High","Closed","Xu ly su co ERR-01211","Len lich kiem tra thiet bi theo log van hanh va muc do anh huong cua tram.","2024-11-29T22:27:39.3645313","2024-11-30T13:27:39.3645313"
1212,"MT-01212",96,93,1212,9,9,"Medium","Closed","Xu ly su co ERR-01212","Len lich kiem tra thiet bi theo log van hanh va muc do anh huong cua tram.","2024-12-10T22:27:39.3645313","2024-12-11T14:27:39.3645313"
1213,"MT-01213",96,94,1213,9,9,"Low","Closed","Xu ly su co ERR-01213","Len lich kiem tra thiet bi theo log van hanh va muc do anh huong cua tram.","2024-12-21T22:27:39.3645313","2024-12-22T15:27:39.3645313"
1214,"MT-01214",94,95,1214,9,9,"Low","Closed","Xu ly su co ERR-01214","Len lich kiem tra thiet bi theo log van hanh va muc do anh huong cua tram.","2025-01-01T22:27:39.3645313","2025-01-02T16:27:39.3645313"
1215,"MT-01215",94,96,1215,9,9,"Medium","InProgress","Xu ly su co ERR-01215","Len lich kiem tra thiet bi theo log van hanh va muc do anh huong cua tram.","2025-01-12T22:27:39.3645313",
1216,"MT-01216",94,97,1216,9,9,"Low","Closed","Xu ly su co ERR-01216","Len lich kiem tra thiet bi theo log van hanh va muc do anh huong cua tram.","2025-01-23T22:27:39.3645313","2025-01-24T18:27:39.3645313"
1217,"MT-01217",92,98,1217,9,9,"Low","Closed","Xu ly su co ERR-01217","Len lich kiem tra thiet bi theo log van hanh va muc do anh huong cua tram.","2025-02-03T22:27:39.3645313","2025-02-04T19:27:39.3645313"
1218,"MT-01218",92,99,1218,9,9,"High","Closed","Xu ly su co ERR-01218","Len lich kiem tra thiet bi theo log van hanh va muc do anh huong cua tram.","2025-02-14T22:27:39.3645313","2025-02-15T20:27:39.3645313"
1219,"MT-01219",92,100,1219,9,9,"Low","Closed","Xu ly su co ERR-01219","Len lich kiem tra thiet bi theo log van hanh va muc do anh huong cua tram.","2025-02-25T22:27:39.3645313","2025-02-26T21:27:39.3645313"
1220,"MT-01220",69,101,1220,9,9,"Low","Closed","Xu ly su co ERR-01220","Len lich kiem tra thiet bi theo log van hanh va muc do anh huong cua tram.","2025-03-08T22:27:39.3645313","2025-03-09T22:27:39.3645313"
1221,"MT-01221",69,102,1221,9,9,"Medium","Closed","Xu ly su co ERR-01221","Len lich kiem tra thiet bi theo log van hanh va muc do anh huong cua tram.","2025-03-19T22:27:39.3645313","2025-03-20T23:27:39.3645313"
1222,"MT-01222",69,103,1222,9,9,"Low","Closed","Xu ly su co ERR-01222","Len lich kiem tra thiet bi theo log van hanh va muc do anh huong cua tram.","2025-03-30T22:27:39.3645313","2025-04-01T00:27:39.3645313"
1223,"MT-01223",90,104,1223,9,9,"Low","Closed","Xu ly su co ERR-01223","Len lich kiem tra thiet bi theo log van hanh va muc do anh huong cua tram.","2025-04-10T22:27:39.3645313","2025-04-12T01:27:39.3645313"
1224,"MT-01224",90,105,1224,9,9,"Critical","InProgress","Xu ly su co ERR-01224","Len lich kiem tra thiet bi theo log van hanh va muc do anh huong cua tram.","2025-04-21T22:27:39.3645313",
1225,"MT-01225",90,106,1225,9,9,"High","Closed","Xu ly su co ERR-01225","Len lich kiem tra thiet bi theo log van hanh va muc do anh huong cua tram.","2025-05-02T22:27:39.3645313","2025-05-04T03:27:39.3645313"
1226,"MT-01226",88,107,1226,9,9,"Low","Closed","Xu ly su co ERR-01226","Len lich kiem tra thiet bi theo log van hanh va muc do anh huong cua tram.","2025-05-13T22:27:39.3645313","2025-05-15T04:27:39.3645313"
1227,"MT-01227",88,108,1227,9,9,"Medium","Closed","Xu ly su co ERR-01227","Len lich kiem tra thiet bi theo log van hanh va muc do anh huong cua tram.","2025-05-24T22:27:39.3645313","2025-05-26T05:27:39.3645313"
1228,"MT-01228",88,109,1228,9,9,"Low","Closed","Xu ly su co ERR-01228","Len lich kiem tra thiet bi theo log van hanh va muc do anh huong cua tram.","2025-06-04T22:27:39.3645313","2025-06-06T06:27:39.3645313"
1229,"MT-01229",86,110,1229,9,9,"Low","Closed","Xu ly su co ERR-01229","Len lich kiem tra thiet bi theo log van hanh va muc do anh huong cua tram.","2025-06-15T22:27:39.3645313","2025-06-17T07:27:39.3645313"
1230,"MT-01230",86,111,1230,9,9,"Medium","Closed","Xu ly su co ERR-01230","Len lich kiem tra thiet bi theo log van hanh va muc do anh huong cua tram.","2025-06-26T22:27:39.3645313","2025-06-28T08:27:39.3645313"
1231,"MT-01231",86,112,1231,9,9,"Low","Closed","Xu ly su co ERR-01231","Len lich kiem tra thiet bi theo log van hanh va muc do anh huong cua tram.","2025-07-07T22:27:39.3645313","2025-07-09T09:27:39.3645313"
1232,"MT-01232",84,113,1232,9,9,"High","Closed","Xu ly su co ERR-01232","Len lich kiem tra thiet bi theo log van hanh va muc do anh huong cua tram.","2025-07-18T22:27:39.3645313","2025-07-20T10:27:39.3645313"
1233,"MT-01233",84,114,1233,9,9,"Medium","InProgress","Xu ly su co ERR-01233","Len lich kiem tra thiet bi theo log van hanh va muc do anh huong cua tram.","2025-07-29T22:27:39.3645313",
1234,"MT-01234",84,115,1234,9,9,"Low","Closed","Xu ly su co ERR-01234","Len lich kiem tra thiet bi theo log van hanh va muc do anh huong cua tram.","2025-08-09T22:27:39.3645313","2025-08-11T12:27:39.3645313"
1235,"MT-01235",82,116,1235,9,9,"Low","Closed","Xu ly su co ERR-01235","Len lich kiem tra thiet bi theo log van hanh va muc do anh huong cua tram.","2025-08-20T22:27:39.3645313","2025-08-22T13:27:39.3645313"
1236,"MT-01236",82,117,1236,9,9,"Medium","Closed","Xu ly su co ERR-01236","Len lich kiem tra thiet bi theo log van hanh va muc do anh huong cua tram.","2025-08-31T22:27:39.3645313","2025-09-02T14:27:39.3645313"
1237,"MT-01237",82,118,1237,9,9,"Low","Closed","Xu ly su co ERR-01237","Len lich kiem tra thiet bi theo log van hanh va muc do anh huong cua tram.","2025-09-11T22:27:39.3645313","2025-09-13T15:27:39.3645313"
1238,"MT-01238",79,119,1238,9,9,"Low","Closed","Xu ly su co ERR-01238","Len lich kiem tra thiet bi theo log van hanh va muc do anh huong cua tram.","2025-09-22T22:27:39.3645313","2025-09-24T16:27:39.3645313"
1239,"MT-01239",79,120,1239,9,9,"High","Closed","Xu ly su co ERR-01239","Len lich kiem tra thiet bi theo log van hanh va muc do anh huong cua tram.","2025-10-03T22:27:39.3645313","2025-10-05T17:27:39.3645313"
1240,"MT-01240",79,121,1240,9,9,"Low","Closed","Xu ly su co ERR-01240","Len lich kiem tra thiet bi theo log van hanh va muc do anh huong cua tram.","2025-10-14T22:27:39.3645313","2025-10-16T18:27:39.3645313"
1241,"MT-01241",77,122,1241,9,9,"Critical","Closed","Xu ly su co ERR-01241","Len lich kiem tra thiet bi theo log van hanh va muc do anh huong cua tram.","2025-10-25T22:27:39.3645313","2025-10-27T19:27:39.3645313"
1242,"MT-01242",77,123,1242,9,9,"Medium","InProgress","Xu ly su co ERR-01242","Len lich kiem tra thiet bi theo log van hanh va muc do anh huong cua tram.","2025-11-05T22:27:39.3645313",
1243,"MT-01243",77,124,1243,9,9,"Low","Closed","Xu ly su co ERR-01243","Len lich kiem tra thiet bi theo log van hanh va muc do anh huong cua tram.","2025-11-16T22:27:39.3645313","2025-11-18T21:27:39.3645313"
1244,"MT-01244",71,125,1244,9,9,"Low","Closed","Xu ly su co ERR-01244","Len lich kiem tra thiet bi theo log van hanh va muc do anh huong cua tram.","2025-11-27T22:27:39.3645313","2025-11-29T22:27:39.3645313"
1245,"MT-01245",71,126,1245,9,9,"Medium","Closed","Xu ly su co ERR-01245","Len lich kiem tra thiet bi theo log van hanh va muc do anh huong cua tram.","2025-12-08T22:27:39.3645313","2025-12-10T23:27:39.3645313"
1246,"MT-01246",71,127,1246,9,9,"High","Closed","Xu ly su co ERR-01246","Len lich kiem tra thiet bi theo log van hanh va muc do anh huong cua tram.","2025-12-19T22:27:39.3645313","2025-12-22T00:27:39.3645313"
1247,"MT-01247",72,128,1247,9,9,"Low","Closed","Xu ly su co ERR-01247","Len lich kiem tra thiet bi theo log van hanh va muc do anh huong cua tram.","2025-12-30T22:27:39.3645313","2026-01-02T01:27:39.3645313"
1248,"MT-01248",72,129,1248,9,9,"Medium","Closed","Xu ly su co ERR-01248","Len lich kiem tra thiet bi theo log van hanh va muc do anh huong cua tram.","2026-01-10T22:27:39.3645313","2026-01-11T02:27:39.3645313"
1249,"MT-01249",72,130,1249,9,9,"Low","Closed","Xu ly su co ERR-01249","Len lich kiem tra thiet bi theo log van hanh va muc do anh huong cua tram.","2026-01-21T22:27:39.3645313","2026-01-22T03:27:39.3645313"
1250,"MT-01250",66,131,1250,9,9,"Low","Closed","Xu ly su co ERR-01250","Len lich kiem tra thiet bi theo log van hanh va muc do anh huong cua tram.","2026-02-01T22:27:39.3645313","2026-02-02T04:27:39.3645313"
1251,"MT-01251",66,132,1251,9,9,"Medium","InProgress","Xu ly su co ERR-01251","Len lich kiem tra thiet bi theo log van hanh va muc do anh huong cua tram.","2026-02-12T22:27:39.3645313",
1252,"MT-01252",66,133,1252,9,9,"Low","Closed","Xu ly su co ERR-01252","Len lich kiem tra thiet bi theo log van hanh va muc do anh huong cua tram.","2026-02-23T22:27:39.3645313","2026-02-24T06:27:39.3645313"
1253,"MT-01253",63,134,1253,9,9,"High","Closed","Xu ly su co ERR-01253","Len lich kiem tra thiet bi theo log van hanh va muc do anh huong cua tram.","2026-03-06T22:27:39.3645313","2026-03-07T07:27:39.3645313"
1254,"MT-01254",63,135,1254,9,9,"Medium","Closed","Xu ly su co ERR-01254","Len lich kiem tra thiet bi theo log van hanh va muc do anh huong cua tram.","2026-03-17T22:27:39.3645313","2026-03-18T08:27:39.3645313"
1255,"MT-01255",63,136,1255,9,9,"Low","Closed","Xu ly su co ERR-01255","Len lich kiem tra thiet bi theo log van hanh va muc do anh huong cua tram.","2026-03-28T22:27:39.3645313","2026-03-29T09:27:39.3645313"
1256,"MT-01256",64,137,1256,9,9,"Low","Closed","Xu ly su co ERR-01256","Len lich kiem tra thiet bi theo log van hanh va muc do anh huong cua tram.","2026-04-08T22:27:39.3645313","2026-04-09T10:27:39.3645313"
1257,"MT-01257",64,138,1257,9,9,"Medium","Closed","Xu ly su co ERR-01257","Len lich kiem tra thiet bi theo log van hanh va muc do anh huong cua tram.","2026-04-19T22:27:39.3645313","2026-04-20T11:27:39.3645313"
1258,"MT-01258",64,139,1258,9,9,"Critical","Closed","Xu ly su co ERR-01258","Len lich kiem tra thiet bi theo log van hanh va muc do anh huong cua tram.","2026-04-30T22:27:39.3645313","2026-05-01T12:27:39.3645313"
1259,"MT-01259",61,140,1259,9,9,"Low","Closed","Xu ly su co ERR-01259","Len lich kiem tra thiet bi theo log van hanh va muc do anh huong cua tram.","2026-05-11T22:27:39.3645313","2026-05-12T13:27:39.3645313"
1260,"MT-01260",61,141,1260,9,9,"High","InProgress","Xu ly su co ERR-01260","Len lich kiem tra thiet bi theo log van hanh va muc do anh huong cua tram.","2026-05-22T22:27:39.3645313",
1261,"MT-01261",61,142,1261,9,9,"Low","Closed","Xu ly su co ERR-01261","Len lich kiem tra thiet bi theo log van hanh va muc do anh huong cua tram.","2024-06-02T22:27:39.3645313","2024-06-03T15:27:39.3645313"
1262,"MT-01262",58,143,1262,9,9,"Low","Closed","Xu ly su co ERR-01262","Len lich kiem tra thiet bi theo log van hanh va muc do anh huong cua tram.","2024-06-13T22:27:39.3645313","2024-06-14T16:27:39.3645313"
1263,"MT-01263",58,144,1263,9,9,"Medium","Closed","Xu ly su co ERR-01263","Len lich kiem tra thiet bi theo log van hanh va muc do anh huong cua tram.","2024-06-24T22:27:39.3645313","2024-06-25T17:27:39.3645313"
1264,"MT-01264",58,145,1264,9,9,"Low","Closed","Xu ly su co ERR-01264","Len lich kiem tra thiet bi theo log van hanh va muc do anh huong cua tram.","2024-07-05T22:27:39.3645313","2024-07-06T18:27:39.3645313"
1265,"MT-01265",56,146,1265,9,9,"Low","Closed","Xu ly su co ERR-01265","Len lich kiem tra thiet bi theo log van hanh va muc do anh huong cua tram.","2024-07-16T22:27:39.3645313","2024-07-17T19:27:39.3645313"
1266,"MT-01266",56,147,1266,9,9,"Medium","Closed","Xu ly su co ERR-01266","Len lich kiem tra thiet bi theo log van hanh va muc do anh huong cua tram.","2024-07-27T22:27:39.3645313","2024-07-28T20:27:39.3645313"
1267,"MT-01267",56,148,1267,9,9,"High","Closed","Xu ly su co ERR-01267","Len lich kiem tra thiet bi theo log van hanh va muc do anh huong cua tram.","2024-08-07T22:27:39.3645313","2024-08-08T21:27:39.3645313"
1268,"MT-01268",49,149,1268,9,9,"Low","Closed","Xu ly su co ERR-01268","Len lich kiem tra thiet bi theo log van hanh va muc do anh huong cua tram.","2024-08-18T22:27:39.3645313","2024-08-19T22:27:39.3645313"
1269,"MT-01269",49,150,1269,9,9,"Medium","InProgress","Xu ly su co ERR-01269","Len lich kiem tra thiet bi theo log van hanh va muc do anh huong cua tram.","2024-08-29T22:27:39.3645313",
1270,"MT-01270",49,151,1270,9,9,"Low","Closed","Xu ly su co ERR-01270","Len lich kiem tra thiet bi theo log van hanh va muc do anh huong cua tram.","2024-09-09T22:27:39.3645313","2024-09-11T00:27:39.3645313"
1271,"MT-01271",54,152,1271,9,9,"Low","Closed","Xu ly su co ERR-01271","Len lich kiem tra thiet bi theo log van hanh va muc do anh huong cua tram.","2024-09-20T22:27:39.3645313","2024-09-22T01:27:39.3645313"
1272,"MT-01272",54,153,1272,9,9,"Medium","Closed","Xu ly su co ERR-01272","Len lich kiem tra thiet bi theo log van hanh va muc do anh huong cua tram.","2024-10-01T22:27:39.3645313","2024-10-03T02:27:39.3645313"
1273,"MT-01273",54,154,1273,9,9,"Low","Closed","Xu ly su co ERR-01273","Len lich kiem tra thiet bi theo log van hanh va muc do anh huong cua tram.","2024-10-12T22:27:39.3645313","2024-10-14T03:27:39.3645313"
1274,"MT-01274",51,155,1274,9,9,"High","Closed","Xu ly su co ERR-01274","Len lich kiem tra thiet bi theo log van hanh va muc do anh huong cua tram.","2024-10-23T22:27:39.3645313","2024-10-25T04:27:39.3645313"
1275,"MT-01275",51,156,1275,9,9,"Critical","Closed","Xu ly su co ERR-01275","Len lich kiem tra thiet bi theo log van hanh va muc do anh huong cua tram.","2024-11-03T22:27:39.3645313","2024-11-05T05:27:39.3645313"
1276,"MT-01276",51,157,1276,9,9,"Low","Closed","Xu ly su co ERR-01276","Len lich kiem tra thiet bi theo log van hanh va muc do anh huong cua tram.","2024-11-14T22:27:39.3645313","2024-11-16T06:27:39.3645313"
1277,"MT-01277",47,158,1277,9,9,"Low","Closed","Xu ly su co ERR-01277","Len lich kiem tra thiet bi theo log van hanh va muc do anh huong cua tram.","2024-11-25T22:27:39.3645313","2024-11-27T07:27:39.3645313"
1278,"MT-01278",47,159,1278,9,9,"Medium","InProgress","Xu ly su co ERR-01278","Len lich kiem tra thiet bi theo log van hanh va muc do anh huong cua tram.","2024-12-06T22:27:39.3645313",
1279,"MT-01279",47,160,1279,9,9,"Low","Closed","Xu ly su co ERR-01279","Len lich kiem tra thiet bi theo log van hanh va muc do anh huong cua tram.","2024-12-17T22:27:39.3645313","2024-12-19T09:27:39.3645313"
1280,"MT-01280",45,161,1280,9,9,"Low","Closed","Xu ly su co ERR-01280","Len lich kiem tra thiet bi theo log van hanh va muc do anh huong cua tram.","2024-12-28T22:27:39.3645313","2024-12-30T10:27:39.3645313"
1281,"MT-01281",45,162,1281,9,9,"High","Closed","Xu ly su co ERR-01281","Len lich kiem tra thiet bi theo log van hanh va muc do anh huong cua tram.","2025-01-08T22:27:39.3645313","2025-01-10T11:27:39.3645313"
1282,"MT-01282",45,163,1282,9,9,"Low","Closed","Xu ly su co ERR-01282","Len lich kiem tra thiet bi theo log van hanh va muc do anh huong cua tram.","2025-01-19T22:27:39.3645313","2025-01-21T12:27:39.3645313"
1283,"MT-01283",43,164,1283,9,9,"Low","Closed","Xu ly su co ERR-01283","Len lich kiem tra thiet bi theo log van hanh va muc do anh huong cua tram.","2025-01-30T22:27:39.3645313","2025-02-01T13:27:39.3645313"
1284,"MT-01284",43,165,1284,9,9,"Medium","Closed","Xu ly su co ERR-01284","Len lich kiem tra thiet bi theo log van hanh va muc do anh huong cua tram.","2025-02-10T22:27:39.3645313","2025-02-12T14:27:39.3645313"
1285,"MT-01285",43,166,1285,9,9,"Low","Closed","Xu ly su co ERR-01285","Len lich kiem tra thiet bi theo log van hanh va muc do anh huong cua tram.","2025-02-21T22:27:39.3645313","2025-02-23T15:27:39.3645313"
1286,"MT-01286",40,167,1286,9,9,"Low","Closed","Xu ly su co ERR-01286","Len lich kiem tra thiet bi theo log van hanh va muc do anh huong cua tram.","2025-03-04T22:27:39.3645313","2025-03-06T16:27:39.3645313"
1287,"MT-01287",40,168,1287,9,9,"Medium","InProgress","Xu ly su co ERR-01287","Len lich kiem tra thiet bi theo log van hanh va muc do anh huong cua tram.","2025-03-15T22:27:39.3645313",
1288,"MT-01288",40,169,1288,9,9,"High","Closed","Xu ly su co ERR-01288","Len lich kiem tra thiet bi theo log van hanh va muc do anh huong cua tram.","2025-03-26T22:27:39.3645313","2025-03-28T18:27:39.3645313"
1289,"MT-01289",41,170,1289,9,9,"Low","Closed","Xu ly su co ERR-01289","Len lich kiem tra thiet bi theo log van hanh va muc do anh huong cua tram.","2025-04-06T22:27:39.3645313","2025-04-08T19:27:39.3645313"
1290,"MT-01290",41,171,1290,9,9,"Medium","Closed","Xu ly su co ERR-01290","Len lich kiem tra thiet bi theo log van hanh va muc do anh huong cua tram.","2025-04-17T22:27:39.3645313","2025-04-19T20:27:39.3645313"
1291,"MT-01291",41,172,1291,9,9,"Low","Closed","Xu ly su co ERR-01291","Len lich kiem tra thiet bi theo log van hanh va muc do anh huong cua tram.","2025-04-28T22:27:39.3645313","2025-04-30T21:27:39.3645313"
1292,"MT-01292",36,173,1292,9,9,"Critical","Closed","Xu ly su co ERR-01292","Len lich kiem tra thiet bi theo log van hanh va muc do anh huong cua tram.","2025-05-09T22:27:39.3645313","2025-05-11T22:27:39.3645313"
1293,"MT-01293",36,174,1293,9,9,"Medium","Closed","Xu ly su co ERR-01293","Len lich kiem tra thiet bi theo log van hanh va muc do anh huong cua tram.","2025-05-20T22:27:39.3645313","2025-05-22T23:27:39.3645313"
1294,"MT-01294",36,175,1294,9,9,"Low","Closed","Xu ly su co ERR-01294","Len lich kiem tra thiet bi theo log van hanh va muc do anh huong cua tram.","2025-05-31T22:27:39.3645313","2025-06-03T00:27:39.3645313"
1295,"MT-01295",33,176,1295,9,9,"High","Closed","Xu ly su co ERR-01295","Len lich kiem tra thiet bi theo log van hanh va muc do anh huong cua tram.","2025-06-11T22:27:39.3645313","2025-06-14T01:27:39.3645313"
1296,"MT-01296",33,177,1296,9,9,"Medium","InProgress","Xu ly su co ERR-01296","Len lich kiem tra thiet bi theo log van hanh va muc do anh huong cua tram.","2025-06-22T22:27:39.3645313",
1297,"MT-01297",33,178,1297,9,9,"Low","Closed","Xu ly su co ERR-01297","Len lich kiem tra thiet bi theo log van hanh va muc do anh huong cua tram.","2025-07-03T22:27:39.3645313","2025-07-04T03:27:39.3645313"
1298,"MT-01298",31,179,1298,9,9,"Low","Closed","Xu ly su co ERR-01298","Len lich kiem tra thiet bi theo log van hanh va muc do anh huong cua tram.","2025-07-14T22:27:39.3645313","2025-07-15T04:27:39.3645313"
1299,"MT-01299",31,180,1299,9,9,"Medium","Closed","Xu ly su co ERR-01299","Len lich kiem tra thiet bi theo log van hanh va muc do anh huong cua tram.","2025-07-25T22:27:39.3645313","2025-07-26T05:27:39.3645313"
1300,"MT-01300",31,181,1300,9,9,"Low","Closed","Xu ly su co ERR-01300","Len lich kiem tra thiet bi theo log van hanh va muc do anh huong cua tram.","2025-08-05T22:27:39.3645313","2025-08-06T06:27:39.3645313"
1301,"MT-01301",9,182,1301,9,9,"Low","Closed","Xu ly su co ERR-01301","Len lich kiem tra thiet bi theo log van hanh va muc do anh huong cua tram.","2025-08-16T22:27:39.3645313","2025-08-17T07:27:39.3645313"
1302,"MT-01302",9,183,1302,9,9,"High","Closed","Xu ly su co ERR-01302","Len lich kiem tra thiet bi theo log van hanh va muc do anh huong cua tram.","2025-08-27T22:27:39.3645313","2025-08-28T08:27:39.3645313"
1303,"MT-01303",9,184,1303,9,9,"Low","Closed","Xu ly su co ERR-01303","Len lich kiem tra thiet bi theo log van hanh va muc do anh huong cua tram.","2025-09-07T22:27:39.3645313","2025-09-08T09:27:39.3645313"
1304,"MT-01304",29,185,1304,9,9,"Low","Closed","Xu ly su co ERR-01304","Len lich kiem tra thiet bi theo log van hanh va muc do anh huong cua tram.","2025-09-18T22:27:39.3645313","2025-09-19T10:27:39.3645313"
1305,"MT-01305",29,186,1305,9,9,"Medium","InProgress","Xu ly su co ERR-01305","Len lich kiem tra thiet bi theo log van hanh va muc do anh huong cua tram.","2025-09-29T22:27:39.3645313",
1306,"MT-01306",29,187,1306,9,9,"Low","Closed","Xu ly su co ERR-01306","Len lich kiem tra thiet bi theo log van hanh va muc do anh huong cua tram.","2025-10-10T22:27:39.3645313","2025-10-11T12:27:39.3645313"
1307,"MT-01307",27,188,1307,9,9,"Low","Closed","Xu ly su co ERR-01307","Len lich kiem tra thiet bi theo log van hanh va muc do anh huong cua tram.","2025-10-21T22:27:39.3645313","2025-10-22T13:27:39.3645313"
1308,"MT-01308",27,189,1308,9,9,"Medium","Closed","Xu ly su co ERR-01308","Len lich kiem tra thiet bi theo log van hanh va muc do anh huong cua tram.","2025-11-01T22:27:39.3645313","2025-11-02T14:27:39.3645313"
1309,"MT-01309",27,190,1309,9,9,"Critical","Closed","Xu ly su co ERR-01309","Len lich kiem tra thiet bi theo log van hanh va muc do anh huong cua tram.","2025-11-12T22:27:39.3645313","2025-11-13T15:27:39.3645313"
1310,"MT-01310",25,191,1310,9,9,"Low","Closed","Xu ly su co ERR-01310","Len lich kiem tra thiet bi theo log van hanh va muc do anh huong cua tram.","2025-11-23T22:27:39.3645313","2025-11-24T16:27:39.3645313"
1311,"MT-01311",25,192,1311,9,9,"Medium","Closed","Xu ly su co ERR-01311","Len lich kiem tra thiet bi theo log van hanh va muc do anh huong cua tram.","2025-12-04T22:27:39.3645313","2025-12-05T17:27:39.3645313"
1312,"MT-01312",25,193,1312,9,9,"Low","Closed","Xu ly su co ERR-01312","Len lich kiem tra thiet bi theo log van hanh va muc do anh huong cua tram.","2025-12-15T22:27:39.3645313","2025-12-16T18:27:39.3645313"
1313,"MT-01313",22,194,1313,9,9,"Low","Closed","Xu ly su co ERR-01313","Len lich kiem tra thiet bi theo log van hanh va muc do anh huong cua tram.","2025-12-26T22:27:39.3645313","2025-12-27T19:27:39.3645313"
1314,"MT-01314",22,195,1314,9,9,"Medium","InProgress","Xu ly su co ERR-01314","Len lich kiem tra thiet bi theo log van hanh va muc do anh huong cua tram.","2026-01-06T22:27:39.3645313",
1315,"MT-01315",22,196,1315,9,9,"Low","Closed","Xu ly su co ERR-01315","Len lich kiem tra thiet bi theo log van hanh va muc do anh huong cua tram.","2026-01-17T22:27:39.3645313","2026-01-18T21:27:39.3645313"
1316,"MT-01316",19,197,1316,9,9,"High","Closed","Xu ly su co ERR-01316","Len lich kiem tra thiet bi theo log van hanh va muc do anh huong cua tram.","2026-01-28T22:27:39.3645313","2026-01-29T22:27:39.3645313"
1317,"MT-01317",19,198,1317,9,9,"Medium","Closed","Xu ly su co ERR-01317","Len lich kiem tra thiet bi theo log van hanh va muc do anh huong cua tram.","2026-02-08T22:27:39.3645313","2026-02-09T23:27:39.3645313"
1318,"MT-01318",19,199,1318,9,9,"Low","Closed","Xu ly su co ERR-01318","Len lich kiem tra thiet bi theo log van hanh va muc do anh huong cua tram.","2026-02-19T22:27:39.3645313","2026-02-21T00:27:39.3645313"
1319,"MT-01319",20,200,1319,9,9,"Low","Closed","Xu ly su co ERR-01319","Len lich kiem tra thiet bi theo log van hanh va muc do anh huong cua tram.","2026-03-02T22:27:39.3645313","2026-03-04T01:27:39.3645313"
1320,"MT-01320",20,201,1320,9,9,"Medium","Closed","Xu ly su co ERR-01320","Len lich kiem tra thiet bi theo log van hanh va muc do anh huong cua tram.","2026-03-13T22:27:39.3645313","2026-03-15T02:27:39.3645313"
1321,"MT-01321",20,202,1321,9,9,"Low","Closed","Xu ly su co ERR-01321","Len lich kiem tra thiet bi theo log van hanh va muc do anh huong cua tram.","2026-03-24T22:27:39.3645313","2026-03-26T03:27:39.3645313"
1322,"MT-01322",15,203,1322,9,9,"Low","Closed","Xu ly su co ERR-01322","Len lich kiem tra thiet bi theo log van hanh va muc do anh huong cua tram.","2026-04-04T22:27:39.3645313","2026-04-06T04:27:39.3645313"
1323,"MT-01323",15,204,1323,9,9,"High","InProgress","Xu ly su co ERR-01323","Len lich kiem tra thiet bi theo log van hanh va muc do anh huong cua tram.","2026-04-15T22:27:39.3645313",
1324,"MT-01324",15,205,1324,9,9,"Low","Closed","Xu ly su co ERR-01324","Len lich kiem tra thiet bi theo log van hanh va muc do anh huong cua tram.","2026-04-26T22:27:39.3645313","2026-04-28T06:27:39.3645313"
1325,"MT-01325",13,206,1325,9,9,"Low","Closed","Xu ly su co ERR-01325","Len lich kiem tra thiet bi theo log van hanh va muc do anh huong cua tram.","2026-05-07T22:27:39.3645313","2026-05-09T07:27:39.3645313"
1326,"MT-01326",13,207,1326,9,9,"Critical","Closed","Xu ly su co ERR-01326","Len lich kiem tra thiet bi theo log van hanh va muc do anh huong cua tram.","2026-05-18T22:27:39.3645313","2026-05-20T08:27:39.3645313"
1327,"MT-01327",13,208,1327,9,9,"Low","Closed","Xu ly su co ERR-01327","Len lich kiem tra thiet bi theo log van hanh va muc do anh huong cua tram.","2026-05-29T22:27:39.3645313","2026-05-31T09:27:39.3645313"
1328,"MT-01328",11,209,1328,9,9,"Low","Closed","Xu ly su co ERR-01328","Len lich kiem tra thiet bi theo log van hanh va muc do anh huong cua tram.","2024-06-09T22:27:39.3645313","2024-06-11T10:27:39.3645313"
1329,"MT-01329",11,210,1329,9,9,"Medium","Closed","Xu ly su co ERR-01329","Len lich kiem tra thiet bi theo log van hanh va muc do anh huong cua tram.","2024-06-20T22:27:39.3645313","2024-06-22T11:27:39.3645313"
1330,"MT-01330",11,211,1330,9,9,"High","Closed","Xu ly su co ERR-01330","Len lich kiem tra thiet bi theo log van hanh va muc do anh huong cua tram.","2024-07-01T22:27:39.3645313","2024-07-03T12:27:39.3645313"
1331,"MT-01331",7,212,1331,9,9,"Low","Closed","Xu ly su co ERR-01331","Len lich kiem tra thiet bi theo log van hanh va muc do anh huong cua tram.","2024-07-12T22:27:39.3645313","2024-07-14T13:27:39.3645313"
1332,"MT-01332",7,213,1332,9,9,"Medium","InProgress","Xu ly su co ERR-01332","Len lich kiem tra thiet bi theo log van hanh va muc do anh huong cua tram.","2024-07-23T22:27:39.3645313",
1333,"MT-01333",7,214,1333,9,9,"Low","Closed","Xu ly su co ERR-01333","Len lich kiem tra thiet bi theo log van hanh va muc do anh huong cua tram.","2024-08-03T22:27:39.3645313","2024-08-05T15:27:39.3645313"
1334,"MT-01334",4,215,1334,9,9,"Low","Closed","Xu ly su co ERR-01334","Len lich kiem tra thiet bi theo log van hanh va muc do anh huong cua tram.","2024-08-14T22:27:39.3645313","2024-08-16T16:27:39.3645313"
1335,"MT-01335",4,216,1335,9,9,"Medium","Closed","Xu ly su co ERR-01335","Len lich kiem tra thiet bi theo log van hanh va muc do anh huong cua tram.","2024-08-25T22:27:39.3645313","2024-08-27T17:27:39.3645313"
1336,"MT-01336",4,217,1336,9,9,"Low","Closed","Xu ly su co ERR-01336","Len lich kiem tra thiet bi theo log van hanh va muc do anh huong cua tram.","2024-09-05T22:27:39.3645313","2024-09-07T18:27:39.3645313"
1337,"MT-01337",2,218,1337,9,9,"High","Closed","Xu ly su co ERR-01337","Len lich kiem tra thiet bi theo log van hanh va muc do anh huong cua tram.","2024-09-16T22:27:39.3645313","2024-09-18T19:27:39.3645313"
1338,"MT-01338",2,219,1338,9,9,"Medium","Closed","Xu ly su co ERR-01338","Len lich kiem tra thiet bi theo log van hanh va muc do anh huong cua tram.","2024-09-27T22:27:39.3645313","2024-09-29T20:27:39.3645313"
1339,"MT-01339",2,220,1339,9,9,"Low","Closed","Xu ly su co ERR-01339","Len lich kiem tra thiet bi theo log van hanh va muc do anh huong cua tram.","2024-10-08T22:27:39.3645313","2024-10-10T21:27:39.3645313"
1340,"MT-01340",8,221,1340,9,9,"Low","Closed","Xu ly su co ERR-01340","Len lich kiem tra thiet bi theo log van hanh va muc do anh huong cua tram.","2024-10-19T22:27:39.3645313","2024-10-21T22:27:39.3645313"
1341,"MT-01341",8,222,1341,9,9,"Medium","InProgress","Xu ly su co ERR-01341","Len lich kiem tra thiet bi theo log van hanh va muc do anh huong cua tram.","2024-10-30T22:27:39.3645313",
1342,"MT-01342",8,223,1342,9,9,"Low","Closed","Xu ly su co ERR-01342","Len lich kiem tra thiet bi theo log van hanh va muc do anh huong cua tram.","2024-11-10T22:27:39.3645313","2024-11-13T00:27:39.3645313"
1343,"MT-01343",8,224,1343,9,9,"Critical","Closed","Xu ly su co ERR-01343","Len lich kiem tra thiet bi theo log van hanh va muc do anh huong cua tram.","2024-11-21T22:27:39.3645313","2024-11-24T01:27:39.3645313"
1344,"MT-01344",8,225,1344,9,9,"High","Closed","Xu ly su co ERR-01344","Len lich kiem tra thiet bi theo log van hanh va muc do anh huong cua tram.","2024-12-02T22:27:39.3645313","2024-12-03T02:27:39.3645313"
1345,"MT-01345",17,226,1345,9,9,"Low","Closed","Xu ly su co ERR-01345","Len lich kiem tra thiet bi theo log van hanh va muc do anh huong cua tram.","2024-12-13T22:27:39.3645313","2024-12-14T03:27:39.3645313"
1346,"MT-01346",17,227,1346,9,9,"Low","Closed","Xu ly su co ERR-01346","Len lich kiem tra thiet bi theo log van hanh va muc do anh huong cua tram.","2024-12-24T22:27:39.3645313","2024-12-25T04:27:39.3645313"
1347,"MT-01347",17,228,1347,9,9,"Medium","Closed","Xu ly su co ERR-01347","Len lich kiem tra thiet bi theo log van hanh va muc do anh huong cua tram.","2025-01-04T22:27:39.3645313","2025-01-05T05:27:39.3645313"
1348,"MT-01348",17,229,1348,9,9,"Low","Closed","Xu ly su co ERR-01348","Len lich kiem tra thiet bi theo log van hanh va muc do anh huong cua tram.","2025-01-15T22:27:39.3645313","2025-01-16T06:27:39.3645313"
1349,"MT-01349",17,230,1349,9,9,"Low","Closed","Xu ly su co ERR-01349","Len lich kiem tra thiet bi theo log van hanh va muc do anh huong cua tram.","2025-01-26T22:27:39.3645313","2025-01-27T07:27:39.3645313"
1350,"MT-01350",28,231,1350,9,9,"Medium","InProgress","Xu ly su co ERR-01350","Len lich kiem tra thiet bi theo log van hanh va muc do anh huong cua tram.","2025-02-06T22:27:39.3645313",
1351,"MT-01351",28,232,1351,9,9,"High","Closed","Xu ly su co ERR-01351","Len lich kiem tra thiet bi theo log van hanh va muc do anh huong cua tram.","2025-02-17T22:27:39.3645313","2025-02-18T09:27:39.3645313"
1352,"MT-01352",28,233,1352,9,9,"Low","Closed","Xu ly su co ERR-01352","Len lich kiem tra thiet bi theo log van hanh va muc do anh huong cua tram.","2025-02-28T22:27:39.3645313","2025-03-01T10:27:39.3645313"
1353,"MT-01353",28,234,1353,9,9,"Medium","Closed","Xu ly su co ERR-01353","Len lich kiem tra thiet bi theo log van hanh va muc do anh huong cua tram.","2025-03-11T22:27:39.3645313","2025-03-12T11:27:39.3645313"
1354,"MT-01354",28,235,1354,9,9,"Low","Closed","Xu ly su co ERR-01354","Len lich kiem tra thiet bi theo log van hanh va muc do anh huong cua tram.","2025-03-22T22:27:39.3645313","2025-03-23T12:27:39.3645313"
1355,"MT-01355",38,236,1355,9,9,"Low","Closed","Xu ly su co ERR-01355","Len lich kiem tra thiet bi theo log van hanh va muc do anh huong cua tram.","2025-04-02T22:27:39.3645313","2025-04-03T13:27:39.3645313"
1356,"MT-01356",38,237,1356,9,9,"Medium","Closed","Xu ly su co ERR-01356","Len lich kiem tra thiet bi theo log van hanh va muc do anh huong cua tram.","2025-04-13T22:27:39.3645313","2025-04-14T14:27:39.3645313"
1357,"MT-01357",38,238,1357,9,9,"Low","Closed","Xu ly su co ERR-01357","Len lich kiem tra thiet bi theo log van hanh va muc do anh huong cua tram.","2025-04-24T22:27:39.3645313","2025-04-25T15:27:39.3645313"
1358,"MT-01358",38,239,1358,9,9,"High","Closed","Xu ly su co ERR-01358","Len lich kiem tra thiet bi theo log van hanh va muc do anh huong cua tram.","2025-05-05T22:27:39.3645313","2025-05-06T16:27:39.3645313"
1359,"MT-01359",38,240,1359,9,9,"Medium","InProgress","Xu ly su co ERR-01359","Len lich kiem tra thiet bi theo log van hanh va muc do anh huong cua tram.","2025-05-16T22:27:39.3645313",
1360,"MT-01360",48,241,1360,9,9,"Critical","Closed","Xu ly su co ERR-01360","Len lich kiem tra thiet bi theo log van hanh va muc do anh huong cua tram.","2025-05-27T22:27:39.3645313","2025-05-28T18:27:39.3645313"
1361,"MT-01361",48,242,1361,9,9,"Low","Closed","Xu ly su co ERR-01361","Len lich kiem tra thiet bi theo log van hanh va muc do anh huong cua tram.","2025-06-07T22:27:39.3645313","2025-06-08T19:27:39.3645313"
1362,"MT-01362",48,243,1362,9,9,"Medium","Closed","Xu ly su co ERR-01362","Len lich kiem tra thiet bi theo log van hanh va muc do anh huong cua tram.","2025-06-18T22:27:39.3645313","2025-06-19T20:27:39.3645313"
1363,"MT-01363",48,244,1363,9,9,"Low","Closed","Xu ly su co ERR-01363","Len lich kiem tra thiet bi theo log van hanh va muc do anh huong cua tram.","2025-06-29T22:27:39.3645313","2025-06-30T21:27:39.3645313"
1364,"MT-01364",48,245,1364,9,9,"Low","Closed","Xu ly su co ERR-01364","Len lich kiem tra thiet bi theo log van hanh va muc do anh huong cua tram.","2025-07-10T22:27:39.3645313","2025-07-11T22:27:39.3645313"
1365,"MT-01365",53,246,1365,9,9,"High","Closed","Xu ly su co ERR-01365","Len lich kiem tra thiet bi theo log van hanh va muc do anh huong cua tram.","2025-07-21T22:27:39.3645313","2025-07-22T23:27:39.3645313"
1366,"MT-01366",53,247,1366,9,9,"Low","Closed","Xu ly su co ERR-01366","Len lich kiem tra thiet bi theo log van hanh va muc do anh huong cua tram.","2025-08-01T22:27:39.3645313","2025-08-03T00:27:39.3645313"
1367,"MT-01367",53,248,1367,9,9,"Low","Closed","Xu ly su co ERR-01367","Len lich kiem tra thiet bi theo log van hanh va muc do anh huong cua tram.","2025-08-12T22:27:39.3645313","2025-08-14T01:27:39.3645313"
1368,"MT-01368",53,249,1368,9,9,"Medium","InProgress","Xu ly su co ERR-01368","Len lich kiem tra thiet bi theo log van hanh va muc do anh huong cua tram.","2025-08-23T22:27:39.3645313",
1369,"MT-01369",53,250,1369,9,9,"Low","Closed","Xu ly su co ERR-01369","Len lich kiem tra thiet bi theo log van hanh va muc do anh huong cua tram.","2025-09-03T22:27:39.3645313","2025-09-05T03:27:39.3645313"
1370,"MT-01370",59,251,1370,9,9,"Low","Closed","Xu ly su co ERR-01370","Len lich kiem tra thiet bi theo log van hanh va muc do anh huong cua tram.","2025-09-14T22:27:39.3645313","2025-09-16T04:27:39.3645313"
1371,"MT-01371",59,252,1371,9,9,"Medium","Closed","Xu ly su co ERR-01371","Len lich kiem tra thiet bi theo log van hanh va muc do anh huong cua tram.","2025-09-25T22:27:39.3645313","2025-09-27T05:27:39.3645313"
1372,"MT-01372",59,253,1372,9,9,"High","Closed","Xu ly su co ERR-01372","Len lich kiem tra thiet bi theo log van hanh va muc do anh huong cua tram.","2025-10-06T22:27:39.3645313","2025-10-08T06:27:39.3645313"
1373,"MT-01373",59,254,1373,9,9,"Low","Closed","Xu ly su co ERR-01373","Len lich kiem tra thiet bi theo log van hanh va muc do anh huong cua tram.","2025-10-17T22:27:39.3645313","2025-10-19T07:27:39.3645313"
1374,"MT-01374",59,255,1374,9,9,"Medium","Closed","Xu ly su co ERR-01374","Len lich kiem tra thiet bi theo log van hanh va muc do anh huong cua tram.","2025-10-28T22:27:39.3645313","2025-10-30T08:27:39.3645313"
1375,"MT-01375",68,256,1375,9,9,"Low","Closed","Xu ly su co ERR-01375","Len lich kiem tra thiet bi theo log van hanh va muc do anh huong cua tram.","2025-11-08T22:27:39.3645313","2025-11-10T09:27:39.3645313"
1376,"MT-01376",68,257,1376,9,9,"Low","Closed","Xu ly su co ERR-01376","Len lich kiem tra thiet bi theo log van hanh va muc do anh huong cua tram.","2025-11-19T22:27:39.3645313","2025-11-21T10:27:39.3645313"
1377,"MT-01377",68,258,1377,9,9,"Critical","InProgress","Xu ly su co ERR-01377","Len lich kiem tra thiet bi theo log van hanh va muc do anh huong cua tram.","2025-11-30T22:27:39.3645313",
1378,"MT-01378",68,259,1378,9,9,"Low","Closed","Xu ly su co ERR-01378","Len lich kiem tra thiet bi theo log van hanh va muc do anh huong cua tram.","2025-12-11T22:27:39.3645313","2025-12-13T12:27:39.3645313"
1379,"MT-01379",68,260,1379,9,9,"High","Closed","Xu ly su co ERR-01379","Len lich kiem tra thiet bi theo log van hanh va muc do anh huong cua tram.","2025-12-22T22:27:39.3645313","2025-12-24T13:27:39.3645313"
1380,"MT-01380",74,261,1380,9,9,"Medium","Closed","Xu ly su co ERR-01380","Len lich kiem tra thiet bi theo log van hanh va muc do anh huong cua tram.","2026-01-02T22:27:39.3645313","2026-01-04T14:27:39.3645313"
1381,"MT-01381",74,262,1381,9,9,"Low","Closed","Xu ly su co ERR-01381","Len lich kiem tra thiet bi theo log van hanh va muc do anh huong cua tram.","2026-01-13T22:27:39.3645313","2026-01-15T15:27:39.3645313"
1382,"MT-01382",74,263,1382,9,9,"Low","Closed","Xu ly su co ERR-01382","Len lich kiem tra thiet bi theo log van hanh va muc do anh huong cua tram.","2026-01-24T22:27:39.3645313","2026-01-26T16:27:39.3645313"
1383,"MT-01383",74,264,1383,9,9,"Medium","Closed","Xu ly su co ERR-01383","Len lich kiem tra thiet bi theo log van hanh va muc do anh huong cua tram.","2026-02-04T22:27:39.3645313","2026-02-06T17:27:39.3645313"
1384,"MT-01384",74,265,1384,9,9,"Low","Closed","Xu ly su co ERR-01384","Len lich kiem tra thiet bi theo log van hanh va muc do anh huong cua tram.","2026-02-15T22:27:39.3645313","2026-02-17T18:27:39.3645313"
1385,"MT-01385",80,266,1385,9,9,"Low","Closed","Xu ly su co ERR-01385","Len lich kiem tra thiet bi theo log van hanh va muc do anh huong cua tram.","2026-02-26T22:27:39.3645313","2026-02-28T19:27:39.3645313"
1386,"MT-01386",80,267,1386,9,9,"High","InProgress","Xu ly su co ERR-01386","Len lich kiem tra thiet bi theo log van hanh va muc do anh huong cua tram.","2026-03-09T22:27:39.3645313",
1387,"MT-01387",80,268,1387,9,9,"Low","Closed","Xu ly su co ERR-01387","Len lich kiem tra thiet bi theo log van hanh va muc do anh huong cua tram.","2026-03-20T22:27:39.3645313","2026-03-22T21:27:39.3645313"
1388,"MT-01388",80,269,1388,9,9,"Low","Closed","Xu ly su co ERR-01388","Len lich kiem tra thiet bi theo log van hanh va muc do anh huong cua tram.","2026-03-31T22:27:39.3645313","2026-04-02T22:27:39.3645313"
1389,"MT-01389",80,270,1389,9,9,"Medium","Closed","Xu ly su co ERR-01389","Len lich kiem tra thiet bi theo log van hanh va muc do anh huong cua tram.","2026-04-11T22:27:39.3645313","2026-04-13T23:27:39.3645313"
1390,"MT-01390",89,271,1390,9,9,"Low","Closed","Xu ly su co ERR-01390","Len lich kiem tra thiet bi theo log van hanh va muc do anh huong cua tram.","2026-04-22T22:27:39.3645313","2026-04-25T00:27:39.3645313"
1391,"MT-01391",89,272,1391,9,9,"Low","Closed","Xu ly su co ERR-01391","Len lich kiem tra thiet bi theo log van hanh va muc do anh huong cua tram.","2026-05-03T22:27:39.3645313","2026-05-06T01:27:39.3645313"
1392,"MT-01392",89,273,1392,9,9,"Medium","Closed","Xu ly su co ERR-01392","Len lich kiem tra thiet bi theo log van hanh va muc do anh huong cua tram.","2026-05-14T22:27:39.3645313","2026-05-15T02:27:39.3645313"
1393,"MT-01393",89,274,1393,9,9,"High","Closed","Xu ly su co ERR-01393","Len lich kiem tra thiet bi theo log van hanh va muc do anh huong cua tram.","2026-05-25T22:27:39.3645313","2026-05-26T03:27:39.3645313"
1394,"MT-01394",89,275,1394,9,9,"Critical","Closed","Xu ly su co ERR-01394","Len lich kiem tra thiet bi theo log van hanh va muc do anh huong cua tram.","2024-06-05T22:27:39.3645313","2024-06-06T04:27:39.3645313"
1395,"MT-01395",98,276,1395,9,9,"Medium","InProgress","Xu ly su co ERR-01395","Len lich kiem tra thiet bi theo log van hanh va muc do anh huong cua tram.","2024-06-16T22:27:39.3645313",
1396,"MT-01396",98,277,1396,9,9,"Low","Closed","Xu ly su co ERR-01396","Len lich kiem tra thiet bi theo log van hanh va muc do anh huong cua tram.","2024-06-27T22:27:39.3645313","2024-06-28T06:27:39.3645313"
1397,"MT-01397",98,278,1397,9,9,"Low","Closed","Xu ly su co ERR-01397","Len lich kiem tra thiet bi theo log van hanh va muc do anh huong cua tram.","2024-07-08T22:27:39.3645313","2024-07-09T07:27:39.3645313"
1398,"MT-01398",98,279,1398,9,9,"Medium","Closed","Xu ly su co ERR-01398","Len lich kiem tra thiet bi theo log van hanh va muc do anh huong cua tram.","2024-07-19T22:27:39.3645313","2024-07-20T08:27:39.3645313"
1399,"MT-01399",98,280,1399,9,9,"Low","Closed","Xu ly su co ERR-01399","Len lich kiem tra thiet bi theo log van hanh va muc do anh huong cua tram.","2024-07-30T22:27:39.3645313","2024-07-31T09:27:39.3645313"
1400,"MT-01400",1,1,1400,9,9,"High","Closed","Xu ly su co ERR-01400","Len lich kiem tra thiet bi theo log van hanh va muc do anh huong cua tram.","2024-08-10T22:27:39.3645313","2024-08-11T10:27:39.3645313"
1401,"MT-01401",1,2,1401,9,9,"Medium","Closed","Xu ly su co ERR-01401","Len lich kiem tra thiet bi theo log van hanh va muc do anh huong cua tram.","2024-08-21T22:27:39.3645313","2024-08-22T11:27:39.3645313"
1402,"MT-01402",3,3,1402,9,9,"Low","Closed","Xu ly su co ERR-01402","Len lich kiem tra thiet bi theo log van hanh va muc do anh huong cua tram.","2024-09-01T22:27:39.3645313","2024-09-02T12:27:39.3645313"
1403,"MT-01403",3,4,1403,9,9,"Low","Closed","Xu ly su co ERR-01403","Len lich kiem tra thiet bi theo log van hanh va muc do anh huong cua tram.","2024-09-12T22:27:39.3645313","2024-09-13T13:27:39.3645313"
1404,"MT-01404",5,5,1404,9,9,"Medium","InProgress","Xu ly su co ERR-01404","Len lich kiem tra thiet bi theo log van hanh va muc do anh huong cua tram.","2024-09-23T22:27:39.3645313",
1405,"MT-01405",5,6,1405,9,9,"Low","Closed","Xu ly su co ERR-01405","Len lich kiem tra thiet bi theo log van hanh va muc do anh huong cua tram.","2024-10-04T22:27:39.3645313","2024-10-05T15:27:39.3645313"
1406,"MT-01406",6,7,1406,9,9,"Low","Closed","Xu ly su co ERR-01406","Len lich kiem tra thiet bi theo log van hanh va muc do anh huong cua tram.","2024-10-15T22:27:39.3645313","2024-10-16T16:27:39.3645313"
1407,"MT-01407",6,8,1407,9,9,"High","Closed","Xu ly su co ERR-01407","Len lich kiem tra thiet bi theo log van hanh va muc do anh huong cua tram.","2024-10-26T22:27:39.3645313","2024-10-27T17:27:39.3645313"
1408,"MT-01408",10,9,1408,9,9,"Low","Closed","Xu ly su co ERR-01408","Len lich kiem tra thiet bi theo log van hanh va muc do anh huong cua tram.","2024-11-06T22:27:39.3645313","2024-11-07T18:27:39.3645313"
1409,"MT-01409",10,10,1409,9,9,"Low","Closed","Xu ly su co ERR-01409","Len lich kiem tra thiet bi theo log van hanh va muc do anh huong cua tram.","2024-11-17T22:27:39.3645313","2024-11-18T19:27:39.3645313"
1410,"MT-01410",12,11,1410,9,9,"Medium","Closed","Xu ly su co ERR-01410","Len lich kiem tra thiet bi theo log van hanh va muc do anh huong cua tram.","2024-11-28T22:27:39.3645313","2024-11-29T20:27:39.3645313"
1411,"MT-01411",12,12,1411,9,9,"Critical","Closed","Xu ly su co ERR-01411","Len lich kiem tra thiet bi theo log van hanh va muc do anh huong cua tram.","2024-12-09T22:27:39.3645313","2024-12-10T21:27:39.3645313"
1412,"MT-01412",14,13,1412,9,9,"Low","Closed","Xu ly su co ERR-01412","Len lich kiem tra thiet bi theo log van hanh va muc do anh huong cua tram.","2024-12-20T22:27:39.3645313","2024-12-21T22:27:39.3645313"
1413,"MT-01413",14,14,1413,9,9,"Medium","InProgress","Xu ly su co ERR-01413","Len lich kiem tra thiet bi theo log van hanh va muc do anh huong cua tram.","2024-12-31T22:27:39.3645313",
1414,"MT-01414",16,15,1414,9,9,"High","Closed","Xu ly su co ERR-01414","Len lich kiem tra thiet bi theo log van hanh va muc do anh huong cua tram.","2025-01-11T22:27:39.3645313","2025-01-13T00:27:39.3645313"
1415,"MT-01415",16,16,1415,9,9,"Low","Closed","Xu ly su co ERR-01415","Len lich kiem tra thiet bi theo log van hanh va muc do anh huong cua tram.","2025-01-22T22:27:39.3645313","2025-01-24T01:27:39.3645313"
1416,"MT-01416",18,17,1416,9,9,"Medium","Closed","Xu ly su co ERR-01416","Len lich kiem tra thiet bi theo log van hanh va muc do anh huong cua tram.","2025-02-02T22:27:39.3645313","2025-02-04T02:27:39.3645313"
1417,"MT-01417",18,18,1417,9,9,"Low","Closed","Xu ly su co ERR-01417","Len lich kiem tra thiet bi theo log van hanh va muc do anh huong cua tram.","2025-02-13T22:27:39.3645313","2025-02-15T03:27:39.3645313"
1418,"MT-01418",21,19,1418,9,9,"Low","Closed","Xu ly su co ERR-01418","Len lich kiem tra thiet bi theo log van hanh va muc do anh huong cua tram.","2025-02-24T22:27:39.3645313","2025-02-26T04:27:39.3645313"
1419,"MT-01419",21,20,1419,9,9,"Medium","Closed","Xu ly su co ERR-01419","Len lich kiem tra thiet bi theo log van hanh va muc do anh huong cua tram.","2025-03-07T22:27:39.3645313","2025-03-09T05:27:39.3645313"
1420,"MT-01420",23,21,1420,9,9,"Low","Closed","Xu ly su co ERR-01420","Len lich kiem tra thiet bi theo log van hanh va muc do anh huong cua tram.","2025-03-18T22:27:39.3645313","2025-03-20T06:27:39.3645313"
1421,"MT-01421",23,22,1421,9,9,"High","Closed","Xu ly su co ERR-01421","Len lich kiem tra thiet bi theo log van hanh va muc do anh huong cua tram.","2025-03-29T22:27:39.3645313","2025-03-31T07:27:39.3645313"
1422,"MT-01422",24,23,1422,9,9,"Medium","InProgress","Xu ly su co ERR-01422","Len lich kiem tra thiet bi theo log van hanh va muc do anh huong cua tram.","2025-04-09T22:27:39.3645313",
1423,"MT-01423",24,24,1423,9,9,"Low","Closed","Xu ly su co ERR-01423","Len lich kiem tra thiet bi theo log van hanh va muc do anh huong cua tram.","2025-04-20T22:27:39.3645313","2025-04-22T09:27:39.3645313"
1424,"MT-01424",26,25,1424,9,9,"Low","Closed","Xu ly su co ERR-01424","Len lich kiem tra thiet bi theo log van hanh va muc do anh huong cua tram.","2025-05-01T22:27:39.3645313","2025-05-03T10:27:39.3645313"
1425,"MT-01425",26,26,1425,9,9,"Medium","Closed","Xu ly su co ERR-01425","Len lich kiem tra thiet bi theo log van hanh va muc do anh huong cua tram.","2025-05-12T22:27:39.3645313","2025-05-14T11:27:39.3645313"
1426,"MT-01426",30,27,1426,9,9,"Low","Closed","Xu ly su co ERR-01426","Len lich kiem tra thiet bi theo log van hanh va muc do anh huong cua tram.","2025-05-23T22:27:39.3645313","2025-05-25T12:27:39.3645313"
1427,"MT-01427",30,28,1427,9,9,"Low","Closed","Xu ly su co ERR-01427","Len lich kiem tra thiet bi theo log van hanh va muc do anh huong cua tram.","2025-06-03T22:27:39.3645313","2025-06-05T13:27:39.3645313"
1428,"MT-01428",32,29,1428,9,9,"Critical","Closed","Xu ly su co ERR-01428","Len lich kiem tra thiet bi theo log van hanh va muc do anh huong cua tram.","2025-06-14T22:27:39.3645313","2025-06-16T14:27:39.3645313"
1429,"MT-01429",32,30,1429,9,9,"Low","Closed","Xu ly su co ERR-01429","Len lich kiem tra thiet bi theo log van hanh va muc do anh huong cua tram.","2025-06-25T22:27:39.3645313","2025-06-27T15:27:39.3645313"
1430,"MT-01430",34,31,1430,9,9,"Low","Closed","Xu ly su co ERR-01430","Len lich kiem tra thiet bi theo log van hanh va muc do anh huong cua tram.","2025-07-06T22:27:39.3645313","2025-07-08T16:27:39.3645313"
1431,"MT-01431",34,32,1431,9,9,"Medium","InProgress","Xu ly su co ERR-01431","Len lich kiem tra thiet bi theo log van hanh va muc do anh huong cua tram.","2025-07-17T22:27:39.3645313",
1432,"MT-01432",35,33,1432,9,9,"Low","Closed","Xu ly su co ERR-01432","Len lich kiem tra thiet bi theo log van hanh va muc do anh huong cua tram.","2025-07-28T22:27:39.3645313","2025-07-30T18:27:39.3645313"
1433,"MT-01433",35,34,1433,9,9,"Low","Closed","Xu ly su co ERR-01433","Len lich kiem tra thiet bi theo log van hanh va muc do anh huong cua tram.","2025-08-08T22:27:39.3645313","2025-08-10T19:27:39.3645313"
1434,"MT-01434",37,35,1434,9,9,"Medium","Closed","Xu ly su co ERR-01434","Len lich kiem tra thiet bi theo log van hanh va muc do anh huong cua tram.","2025-08-19T22:27:39.3645313","2025-08-21T20:27:39.3645313"
1435,"MT-01435",37,36,1435,9,9,"High","Closed","Xu ly su co ERR-01435","Len lich kiem tra thiet bi theo log van hanh va muc do anh huong cua tram.","2025-08-30T22:27:39.3645313","2025-09-01T21:27:39.3645313"
1436,"MT-01436",39,37,1436,9,9,"Low","Closed","Xu ly su co ERR-01436","Len lich kiem tra thiet bi theo log van hanh va muc do anh huong cua tram.","2025-09-10T22:27:39.3645313","2025-09-12T22:27:39.3645313"
1437,"MT-01437",39,38,1437,9,9,"Medium","Closed","Xu ly su co ERR-01437","Len lich kiem tra thiet bi theo log van hanh va muc do anh huong cua tram.","2025-09-21T22:27:39.3645313","2025-09-23T23:27:39.3645313"
1438,"MT-01438",42,39,1438,9,9,"Low","Closed","Xu ly su co ERR-01438","Len lich kiem tra thiet bi theo log van hanh va muc do anh huong cua tram.","2025-10-02T22:27:39.3645313","2025-10-05T00:27:39.3645313"
1439,"MT-01439",42,40,1439,9,9,"Low","Closed","Xu ly su co ERR-01439","Len lich kiem tra thiet bi theo log van hanh va muc do anh huong cua tram.","2025-10-13T22:27:39.3645313","2025-10-16T01:27:39.3645313"
1440,"MT-01440",44,41,1440,9,9,"Medium","InProgress","Xu ly su co ERR-01440","Len lich kiem tra thiet bi theo log van hanh va muc do anh huong cua tram.","2025-10-24T22:27:39.3645313",
1441,"MT-01441",44,42,1441,9,9,"Low","Closed","Xu ly su co ERR-01441","Len lich kiem tra thiet bi theo log van hanh va muc do anh huong cua tram.","2025-11-04T22:27:39.3645313","2025-11-05T03:27:39.3645313"
1442,"MT-01442",46,43,1442,9,9,"High","Closed","Xu ly su co ERR-01442","Len lich kiem tra thiet bi theo log van hanh va muc do anh huong cua tram.","2025-11-15T22:27:39.3645313","2025-11-16T04:27:39.3645313"
1443,"MT-01443",46,44,1443,9,9,"Medium","Closed","Xu ly su co ERR-01443","Len lich kiem tra thiet bi theo log van hanh va muc do anh huong cua tram.","2025-11-26T22:27:39.3645313","2025-11-27T05:27:39.3645313"
1444,"MT-01444",50,45,1444,9,9,"Low","Closed","Xu ly su co ERR-01444","Len lich kiem tra thiet bi theo log van hanh va muc do anh huong cua tram.","2025-12-07T22:27:39.3645313","2025-12-08T06:27:39.3645313"
1445,"MT-01445",50,46,1445,9,9,"Critical","Closed","Xu ly su co ERR-01445","Len lich kiem tra thiet bi theo log van hanh va muc do anh huong cua tram.","2025-12-18T22:27:39.3645313","2025-12-19T07:27:39.3645313"
1446,"MT-01446",52,47,1446,9,9,"Medium","Closed","Xu ly su co ERR-01446","Len lich kiem tra thiet bi theo log van hanh va muc do anh huong cua tram.","2025-12-29T22:27:39.3645313","2025-12-30T08:27:39.3645313"
1447,"MT-01447",52,48,1447,9,9,"Low","Closed","Xu ly su co ERR-01447","Len lich kiem tra thiet bi theo log van hanh va muc do anh huong cua tram.","2026-01-09T22:27:39.3645313","2026-01-10T09:27:39.3645313"
1448,"MT-01448",55,49,1448,9,9,"Low","Closed","Xu ly su co ERR-01448","Len lich kiem tra thiet bi theo log van hanh va muc do anh huong cua tram.","2026-01-20T22:27:39.3645313","2026-01-21T10:27:39.3645313"
1449,"MT-01449",55,50,1449,9,9,"High","InProgress","Xu ly su co ERR-01449","Len lich kiem tra thiet bi theo log van hanh va muc do anh huong cua tram.","2026-01-31T22:27:39.3645313",
1450,"MT-01450",57,51,1450,9,9,"Low","Closed","Xu ly su co ERR-01450","Len lich kiem tra thiet bi theo log van hanh va muc do anh huong cua tram.","2026-02-11T22:27:39.3645313","2026-02-12T12:27:39.3645313"
1451,"MT-01451",57,52,1451,9,9,"Low","Closed","Xu ly su co ERR-01451","Len lich kiem tra thiet bi theo log van hanh va muc do anh huong cua tram.","2026-02-22T22:27:39.3645313","2026-02-23T13:27:39.3645313"
1452,"MT-01452",60,53,1452,9,9,"Medium","Closed","Xu ly su co ERR-01452","Len lich kiem tra thiet bi theo log van hanh va muc do anh huong cua tram.","2026-03-05T22:27:39.3645313","2026-03-06T14:27:39.3645313"
1453,"MT-01453",60,54,1453,9,9,"Low","Closed","Xu ly su co ERR-01453","Len lich kiem tra thiet bi theo log van hanh va muc do anh huong cua tram.","2026-03-16T22:27:39.3645313","2026-03-17T15:27:39.3645313"
1454,"MT-01454",62,55,1454,9,9,"Low","Closed","Xu ly su co ERR-01454","Len lich kiem tra thiet bi theo log van hanh va muc do anh huong cua tram.","2026-03-27T22:27:39.3645313","2026-03-28T16:27:39.3645313"
1455,"MT-01455",62,56,1455,9,9,"Medium","Closed","Xu ly su co ERR-01455","Len lich kiem tra thiet bi theo log van hanh va muc do anh huong cua tram.","2026-04-07T22:27:39.3645313","2026-04-08T17:27:39.3645313"
1456,"MT-01456",65,57,1456,9,9,"High","Closed","Xu ly su co ERR-01456","Len lich kiem tra thiet bi theo log van hanh va muc do anh huong cua tram.","2026-04-18T22:27:39.3645313","2026-04-19T18:27:39.3645313"
1457,"MT-01457",65,58,1457,9,9,"Low","Closed","Xu ly su co ERR-01457","Len lich kiem tra thiet bi theo log van hanh va muc do anh huong cua tram.","2026-04-29T22:27:39.3645313","2026-04-30T19:27:39.3645313"
1458,"MT-01458",67,59,1458,9,9,"Medium","InProgress","Xu ly su co ERR-01458","Len lich kiem tra thiet bi theo log van hanh va muc do anh huong cua tram.","2026-05-10T22:27:39.3645313",
1459,"MT-01459",67,60,1459,9,9,"Low","Closed","Xu ly su co ERR-01459","Len lich kiem tra thiet bi theo log van hanh va muc do anh huong cua tram.","2026-05-21T22:27:39.3645313","2026-05-22T21:27:39.3645313"
1460,"MT-01460",70,61,1460,9,9,"Low","Closed","Xu ly su co ERR-01460","Len lich kiem tra thiet bi theo log van hanh va muc do anh huong cua tram.","2024-06-01T22:27:39.3645313","2024-06-02T22:27:39.3645313"
1461,"MT-01461",70,62,1461,9,9,"Medium","Closed","Xu ly su co ERR-01461","Len lich kiem tra thiet bi theo log van hanh va muc do anh huong cua tram.","2024-06-12T22:27:39.3645313","2024-06-13T23:27:39.3645313"
1462,"MT-01462",73,63,1462,9,9,"Critical","Closed","Xu ly su co ERR-01462","Len lich kiem tra thiet bi theo log van hanh va muc do anh huong cua tram.","2024-06-23T22:27:39.3645313","2024-06-25T00:27:39.3645313"
1463,"MT-01463",73,64,1463,9,9,"High","Closed","Xu ly su co ERR-01463","Len lich kiem tra thiet bi theo log van hanh va muc do anh huong cua tram.","2024-07-04T22:27:39.3645313","2024-07-06T01:27:39.3645313"
1464,"MT-01464",75,65,1464,9,9,"Medium","Closed","Xu ly su co ERR-01464","Len lich kiem tra thiet bi theo log van hanh va muc do anh huong cua tram.","2024-07-15T22:27:39.3645313","2024-07-17T02:27:39.3645313"
1465,"MT-01465",75,66,1465,9,9,"Low","Closed","Xu ly su co ERR-01465","Len lich kiem tra thiet bi theo log van hanh va muc do anh huong cua tram.","2024-07-26T22:27:39.3645313","2024-07-28T03:27:39.3645313"
1466,"MT-01466",76,67,1466,9,9,"Low","Closed","Xu ly su co ERR-01466","Len lich kiem tra thiet bi theo log van hanh va muc do anh huong cua tram.","2024-08-06T22:27:39.3645313","2024-08-08T04:27:39.3645313"
1467,"MT-01467",76,68,1467,9,9,"Medium","InProgress","Xu ly su co ERR-01467","Len lich kiem tra thiet bi theo log van hanh va muc do anh huong cua tram.","2024-08-17T22:27:39.3645313",
1468,"MT-01468",78,69,1468,9,9,"Low","Closed","Xu ly su co ERR-01468","Len lich kiem tra thiet bi theo log van hanh va muc do anh huong cua tram.","2024-08-28T22:27:39.3645313","2024-08-30T06:27:39.3645313"
1469,"MT-01469",78,70,1469,9,9,"Low","Closed","Xu ly su co ERR-01469","Len lich kiem tra thiet bi theo log van hanh va muc do anh huong cua tram.","2024-09-08T22:27:39.3645313","2024-09-10T07:27:39.3645313"
1470,"MT-01470",81,71,1470,9,9,"High","Closed","Xu ly su co ERR-01470","Len lich kiem tra thiet bi theo log van hanh va muc do anh huong cua tram.","2024-09-19T22:27:39.3645313","2024-09-21T08:27:39.3645313"
1471,"MT-01471",81,72,1471,9,9,"Low","Closed","Xu ly su co ERR-01471","Len lich kiem tra thiet bi theo log van hanh va muc do anh huong cua tram.","2024-09-30T22:27:39.3645313","2024-10-02T09:27:39.3645313"
1472,"MT-01472",83,73,1472,9,9,"Low","Closed","Xu ly su co ERR-01472","Len lich kiem tra thiet bi theo log van hanh va muc do anh huong cua tram.","2024-10-11T22:27:39.3645313","2024-10-13T10:27:39.3645313"
1473,"MT-01473",83,74,1473,9,9,"Medium","Closed","Xu ly su co ERR-01473","Len lich kiem tra thiet bi theo log van hanh va muc do anh huong cua tram.","2024-10-22T22:27:39.3645313","2024-10-24T11:27:39.3645313"
1474,"MT-01474",85,75,1474,9,9,"Low","Closed","Xu ly su co ERR-01474","Len lich kiem tra thiet bi theo log van hanh va muc do anh huong cua tram.","2024-11-02T22:27:39.3645313","2024-11-04T12:27:39.3645313"
1475,"MT-01475",85,76,1475,9,9,"Low","Closed","Xu ly su co ERR-01475","Len lich kiem tra thiet bi theo log van hanh va muc do anh huong cua tram.","2024-11-13T22:27:39.3645313","2024-11-15T13:27:39.3645313"
1476,"MT-01476",87,77,1476,9,9,"Medium","InProgress","Xu ly su co ERR-01476","Len lich kiem tra thiet bi theo log van hanh va muc do anh huong cua tram.","2024-11-24T22:27:39.3645313",
1477,"MT-01477",87,78,1477,9,9,"High","Closed","Xu ly su co ERR-01477","Len lich kiem tra thiet bi theo log van hanh va muc do anh huong cua tram.","2024-12-05T22:27:39.3645313","2024-12-07T15:27:39.3645313"
1478,"MT-01478",91,79,1478,9,9,"Low","Closed","Xu ly su co ERR-01478","Len lich kiem tra thiet bi theo log van hanh va muc do anh huong cua tram.","2024-12-16T22:27:39.3645313","2024-12-18T16:27:39.3645313"
1479,"MT-01479",91,80,1479,9,9,"Critical","Closed","Xu ly su co ERR-01479","Len lich kiem tra thiet bi theo log van hanh va muc do anh huong cua tram.","2024-12-27T22:27:39.3645313","2024-12-29T17:27:39.3645313"
1480,"MT-01480",93,81,1480,9,9,"Low","Closed","Xu ly su co ERR-01480","Len lich kiem tra thiet bi theo log van hanh va muc do anh huong cua tram.","2025-01-07T22:27:39.3645313","2025-01-09T18:27:39.3645313"
1481,"MT-01481",93,82,1481,9,9,"Low","Closed","Xu ly su co ERR-01481","Len lich kiem tra thiet bi theo log van hanh va muc do anh huong cua tram.","2025-01-18T22:27:39.3645313","2025-01-20T19:27:39.3645313"
1482,"MT-01482",95,83,1482,9,9,"Medium","Closed","Xu ly su co ERR-01482","Len lich kiem tra thiet bi theo log van hanh va muc do anh huong cua tram.","2025-01-29T22:27:39.3645313","2025-01-31T20:27:39.3645313"
1483,"MT-01483",95,84,1483,9,9,"Low","Closed","Xu ly su co ERR-01483","Len lich kiem tra thiet bi theo log van hanh va muc do anh huong cua tram.","2025-02-09T22:27:39.3645313","2025-02-11T21:27:39.3645313"
1484,"MT-01484",97,85,1484,9,9,"High","Closed","Xu ly su co ERR-01484","Len lich kiem tra thiet bi theo log van hanh va muc do anh huong cua tram.","2025-02-20T22:27:39.3645313","2025-02-22T22:27:39.3645313"
1485,"MT-01485",97,86,1485,9,9,"Medium","InProgress","Xu ly su co ERR-01485","Len lich kiem tra thiet bi theo log van hanh va muc do anh huong cua tram.","2025-03-03T22:27:39.3645313",
1486,"MT-01486",99,87,1486,9,9,"Low","Closed","Xu ly su co ERR-01486","Len lich kiem tra thiet bi theo log van hanh va muc do anh huong cua tram.","2025-03-14T22:27:39.3645313","2025-03-17T00:27:39.3645313"
1487,"MT-01487",99,88,1487,9,9,"Low","Closed","Xu ly su co ERR-01487","Len lich kiem tra thiet bi theo log van hanh va muc do anh huong cua tram.","2025-03-25T22:27:39.3645313","2025-03-28T01:27:39.3645313"
1488,"MT-01488",100,89,1488,9,9,"Medium","Closed","Xu ly su co ERR-01488","Len lich kiem tra thiet bi theo log van hanh va muc do anh huong cua tram.","2025-04-05T22:27:39.3645313","2025-04-06T02:27:39.3645313"
1489,"MT-01489",100,90,1489,9,9,"Low","Closed","Xu ly su co ERR-01489","Len lich kiem tra thiet bi theo log van hanh va muc do anh huong cua tram.","2025-04-16T22:27:39.3645313","2025-04-17T03:27:39.3645313"
1490,"MT-01490",100,91,1490,9,9,"Low","Closed","Xu ly su co ERR-01490","Len lich kiem tra thiet bi theo log van hanh va muc do anh huong cua tram.","2025-04-27T22:27:39.3645313","2025-04-28T04:27:39.3645313"
1491,"MT-01491",96,92,1491,9,9,"High","Closed","Xu ly su co ERR-01491","Len lich kiem tra thiet bi theo log van hanh va muc do anh huong cua tram.","2025-05-08T22:27:39.3645313","2025-05-09T05:27:39.3645313"
1492,"MT-01492",96,93,1492,9,9,"Low","Closed","Xu ly su co ERR-01492","Len lich kiem tra thiet bi theo log van hanh va muc do anh huong cua tram.","2025-05-19T22:27:39.3645313","2025-05-20T06:27:39.3645313"
1493,"MT-01493",96,94,1493,9,9,"Low","Closed","Xu ly su co ERR-01493","Len lich kiem tra thiet bi theo log van hanh va muc do anh huong cua tram.","2025-05-30T22:27:39.3645313","2025-05-31T07:27:39.3645313"
1494,"MT-01494",94,95,1494,9,9,"Medium","InProgress","Xu ly su co ERR-01494","Len lich kiem tra thiet bi theo log van hanh va muc do anh huong cua tram.","2025-06-10T22:27:39.3645313",
1495,"MT-01495",94,96,1495,9,9,"Low","Closed","Xu ly su co ERR-01495","Len lich kiem tra thiet bi theo log van hanh va muc do anh huong cua tram.","2025-06-21T22:27:39.3645313","2025-06-22T09:27:39.3645313"
1496,"MT-01496",94,97,1496,9,9,"Critical","Closed","Xu ly su co ERR-01496","Len lich kiem tra thiet bi theo log van hanh va muc do anh huong cua tram.","2025-07-02T22:27:39.3645313","2025-07-03T10:27:39.3645313"
1497,"MT-01497",92,98,1497,9,9,"Medium","Closed","Xu ly su co ERR-01497","Len lich kiem tra thiet bi theo log van hanh va muc do anh huong cua tram.","2025-07-13T22:27:39.3645313","2025-07-14T11:27:39.3645313"
1498,"MT-01498",92,99,1498,9,9,"High","Closed","Xu ly su co ERR-01498","Len lich kiem tra thiet bi theo log van hanh va muc do anh huong cua tram.","2025-07-24T22:27:39.3645313","2025-07-25T12:27:39.3645313"
1499,"MT-01499",92,100,1499,9,9,"Low","Closed","Xu ly su co ERR-01499","Len lich kiem tra thiet bi theo log van hanh va muc do anh huong cua tram.","2025-08-04T22:27:39.3645313","2025-08-05T13:27:39.3645313"
1500,"MT-01500",69,101,1500,9,9,"Medium","Closed","Xu ly su co ERR-01500","Len lich kiem tra thiet bi theo log van hanh va muc do anh huong cua tram.","2025-08-15T22:27:39.3645313","2025-08-16T14:27:39.3645313"
1501,"MT-01501",69,102,1501,9,9,"Low","Closed","Xu ly su co ERR-01501","Len lich kiem tra thiet bi theo log van hanh va muc do anh huong cua tram.","2025-08-26T22:27:39.3645313","2025-08-27T15:27:39.3645313"
1502,"MT-01502",69,103,1502,9,9,"Low","Closed","Xu ly su co ERR-01502","Len lich kiem tra thiet bi theo log van hanh va muc do anh huong cua tram.","2025-09-06T22:27:39.3645313","2025-09-07T16:27:39.3645313"
1503,"MT-01503",90,104,1503,9,9,"Medium","InProgress","Xu ly su co ERR-01503","Len lich kiem tra thiet bi theo log van hanh va muc do anh huong cua tram.","2025-09-17T22:27:39.3645313",
1504,"MT-01504",90,105,1504,9,9,"Low","Closed","Xu ly su co ERR-01504","Len lich kiem tra thiet bi theo log van hanh va muc do anh huong cua tram.","2025-09-28T22:27:39.3645313","2025-09-29T18:27:39.3645313"
1505,"MT-01505",90,106,1505,9,9,"High","Closed","Xu ly su co ERR-01505","Len lich kiem tra thiet bi theo log van hanh va muc do anh huong cua tram.","2025-10-09T22:27:39.3645313","2025-10-10T19:27:39.3645313"
1506,"MT-01506",88,107,1506,9,9,"Medium","Closed","Xu ly su co ERR-01506","Len lich kiem tra thiet bi theo log van hanh va muc do anh huong cua tram.","2025-10-20T22:27:39.3645313","2025-10-21T20:27:39.3645313"
1507,"MT-01507",88,108,1507,9,9,"Low","Closed","Xu ly su co ERR-01507","Len lich kiem tra thiet bi theo log van hanh va muc do anh huong cua tram.","2025-10-31T22:27:39.3645313","2025-11-01T21:27:39.3645313"
1508,"MT-01508",88,109,1508,9,9,"Low","Closed","Xu ly su co ERR-01508","Len lich kiem tra thiet bi theo log van hanh va muc do anh huong cua tram.","2025-11-11T22:27:39.3645313","2025-11-12T22:27:39.3645313"
1509,"MT-01509",86,110,1509,9,9,"Medium","Closed","Xu ly su co ERR-01509","Len lich kiem tra thiet bi theo log van hanh va muc do anh huong cua tram.","2025-11-22T22:27:39.3645313","2025-11-23T23:27:39.3645313"
1510,"MT-01510",86,111,1510,9,9,"Low","Closed","Xu ly su co ERR-01510","Len lich kiem tra thiet bi theo log van hanh va muc do anh huong cua tram.","2025-12-03T22:27:39.3645313","2025-12-05T00:27:39.3645313"
1511,"MT-01511",86,112,1511,9,9,"Low","Closed","Xu ly su co ERR-01511","Len lich kiem tra thiet bi theo log van hanh va muc do anh huong cua tram.","2025-12-14T22:27:39.3645313","2025-12-16T01:27:39.3645313"
1512,"MT-01512",84,113,1512,9,9,"High","InProgress","Xu ly su co ERR-01512","Len lich kiem tra thiet bi theo log van hanh va muc do anh huong cua tram.","2025-12-25T22:27:39.3645313",
1513,"MT-01513",84,114,1513,9,9,"Critical","Closed","Xu ly su co ERR-01513","Len lich kiem tra thiet bi theo log van hanh va muc do anh huong cua tram.","2026-01-05T22:27:39.3645313","2026-01-07T03:27:39.3645313"
1514,"MT-01514",84,115,1514,9,9,"Low","Closed","Xu ly su co ERR-01514","Len lich kiem tra thiet bi theo log van hanh va muc do anh huong cua tram.","2026-01-16T22:27:39.3645313","2026-01-18T04:27:39.3645313"
1515,"MT-01515",82,116,1515,9,9,"Medium","Closed","Xu ly su co ERR-01515","Len lich kiem tra thiet bi theo log van hanh va muc do anh huong cua tram.","2026-01-27T22:27:39.3645313","2026-01-29T05:27:39.3645313"
1516,"MT-01516",82,117,1516,9,9,"Low","Closed","Xu ly su co ERR-01516","Len lich kiem tra thiet bi theo log van hanh va muc do anh huong cua tram.","2026-02-07T22:27:39.3645313","2026-02-09T06:27:39.3645313"
1517,"MT-01517",82,118,1517,9,9,"Low","Closed","Xu ly su co ERR-01517","Len lich kiem tra thiet bi theo log van hanh va muc do anh huong cua tram.","2026-02-18T22:27:39.3645313","2026-02-20T07:27:39.3645313"
1518,"MT-01518",79,119,1518,9,9,"Medium","Closed","Xu ly su co ERR-01518","Len lich kiem tra thiet bi theo log van hanh va muc do anh huong cua tram.","2026-03-01T22:27:39.3645313","2026-03-03T08:27:39.3645313"
1519,"MT-01519",79,120,1519,9,9,"High","Closed","Xu ly su co ERR-01519","Len lich kiem tra thiet bi theo log van hanh va muc do anh huong cua tram.","2026-03-12T22:27:39.3645313","2026-03-14T09:27:39.3645313"
1520,"MT-01520",79,121,1520,9,9,"Low","Closed","Xu ly su co ERR-01520","Len lich kiem tra thiet bi theo log van hanh va muc do anh huong cua tram.","2026-03-23T22:27:39.3645313","2026-03-25T10:27:39.3645313"
1521,"MT-01521",77,122,1521,9,9,"Medium","InProgress","Xu ly su co ERR-01521","Len lich kiem tra thiet bi theo log van hanh va muc do anh huong cua tram.","2026-04-03T22:27:39.3645313",
1522,"MT-01522",77,123,1522,9,9,"Low","Closed","Xu ly su co ERR-01522","Len lich kiem tra thiet bi theo log van hanh va muc do anh huong cua tram.","2026-04-14T22:27:39.3645313","2026-04-16T12:27:39.3645313"
1523,"MT-01523",77,124,1523,9,9,"Low","Closed","Xu ly su co ERR-01523","Len lich kiem tra thiet bi theo log van hanh va muc do anh huong cua tram.","2026-04-25T22:27:39.3645313","2026-04-27T13:27:39.3645313"
1524,"MT-01524",71,125,1524,9,9,"Medium","Closed","Xu ly su co ERR-01524","Len lich kiem tra thiet bi theo log van hanh va muc do anh huong cua tram.","2026-05-06T22:27:39.3645313","2026-05-08T14:27:39.3645313"
1525,"MT-01525",71,126,1525,9,9,"Low","Closed","Xu ly su co ERR-01525","Len lich kiem tra thiet bi theo log van hanh va muc do anh huong cua tram.","2026-05-17T22:27:39.3645313","2026-05-19T15:27:39.3645313"
1526,"MT-01526",71,127,1526,9,9,"High","Closed","Xu ly su co ERR-01526","Len lich kiem tra thiet bi theo log van hanh va muc do anh huong cua tram.","2026-05-28T22:27:39.3645313","2026-05-30T16:27:39.3645313"
1527,"MT-01527",72,128,1527,9,9,"Medium","Closed","Xu ly su co ERR-01527","Len lich kiem tra thiet bi theo log van hanh va muc do anh huong cua tram.","2024-06-08T22:27:39.3645313","2024-06-10T17:27:39.3645313"
1528,"MT-01528",72,129,1528,9,9,"Low","Closed","Xu ly su co ERR-01528","Len lich kiem tra thiet bi theo log van hanh va muc do anh huong cua tram.","2024-06-19T22:27:39.3645313","2024-06-21T18:27:39.3645313"
1529,"MT-01529",72,130,1529,9,9,"Low","Closed","Xu ly su co ERR-01529","Len lich kiem tra thiet bi theo log van hanh va muc do anh huong cua tram.","2024-06-30T22:27:39.3645313","2024-07-02T19:27:39.3645313"
1530,"MT-01530",66,131,1530,9,9,"Critical","InProgress","Xu ly su co ERR-01530","Len lich kiem tra thiet bi theo log van hanh va muc do anh huong cua tram.","2024-07-11T22:27:39.3645313",
1531,"MT-01531",66,132,1531,9,9,"Low","Closed","Xu ly su co ERR-01531","Len lich kiem tra thiet bi theo log van hanh va muc do anh huong cua tram.","2024-07-22T22:27:39.3645313","2024-07-24T21:27:39.3645313"
1532,"MT-01532",66,133,1532,9,9,"Low","Closed","Xu ly su co ERR-01532","Len lich kiem tra thiet bi theo log van hanh va muc do anh huong cua tram.","2024-08-02T22:27:39.3645313","2024-08-04T22:27:39.3645313"
1533,"MT-01533",63,134,1533,9,9,"High","Closed","Xu ly su co ERR-01533","Len lich kiem tra thiet bi theo log van hanh va muc do anh huong cua tram.","2024-08-13T22:27:39.3645313","2024-08-15T23:27:39.3645313"
1534,"MT-01534",63,135,1534,9,9,"Low","Closed","Xu ly su co ERR-01534","Len lich kiem tra thiet bi theo log van hanh va muc do anh huong cua tram.","2024-08-24T22:27:39.3645313","2024-08-27T00:27:39.3645313"
1535,"MT-01535",63,136,1535,9,9,"Low","Closed","Xu ly su co ERR-01535","Len lich kiem tra thiet bi theo log van hanh va muc do anh huong cua tram.","2024-09-04T22:27:39.3645313","2024-09-07T01:27:39.3645313"
1536,"MT-01536",64,137,1536,9,9,"Medium","Closed","Xu ly su co ERR-01536","Len lich kiem tra thiet bi theo log van hanh va muc do anh huong cua tram.","2024-09-15T22:27:39.3645313","2024-09-16T02:27:39.3645313"
1537,"MT-01537",64,138,1537,9,9,"Low","Closed","Xu ly su co ERR-01537","Len lich kiem tra thiet bi theo log van hanh va muc do anh huong cua tram.","2024-09-26T22:27:39.3645313","2024-09-27T03:27:39.3645313"
1538,"MT-01538",64,139,1538,9,9,"Low","Closed","Xu ly su co ERR-01538","Len lich kiem tra thiet bi theo log van hanh va muc do anh huong cua tram.","2024-10-07T22:27:39.3645313","2024-10-08T04:27:39.3645313"
1539,"MT-01539",61,140,1539,9,9,"Medium","InProgress","Xu ly su co ERR-01539","Len lich kiem tra thiet bi theo log van hanh va muc do anh huong cua tram.","2024-10-18T22:27:39.3645313",
1540,"MT-01540",61,141,1540,9,9,"High","Closed","Xu ly su co ERR-01540","Len lich kiem tra thiet bi theo log van hanh va muc do anh huong cua tram.","2024-10-29T22:27:39.3645313","2024-10-30T06:27:39.3645313"
1541,"MT-01541",61,142,1541,9,9,"Low","Closed","Xu ly su co ERR-01541","Len lich kiem tra thiet bi theo log van hanh va muc do anh huong cua tram.","2024-11-09T22:27:39.3645313","2024-11-10T07:27:39.3645313"
1542,"MT-01542",58,143,1542,9,9,"Medium","Closed","Xu ly su co ERR-01542","Len lich kiem tra thiet bi theo log van hanh va muc do anh huong cua tram.","2024-11-20T22:27:39.3645313","2024-11-21T08:27:39.3645313"
1543,"MT-01543",58,144,1543,9,9,"Low","Closed","Xu ly su co ERR-01543","Len lich kiem tra thiet bi theo log van hanh va muc do anh huong cua tram.","2024-12-01T22:27:39.3645313","2024-12-02T09:27:39.3645313"
1544,"MT-01544",58,145,1544,9,9,"Low","Closed","Xu ly su co ERR-01544","Len lich kiem tra thiet bi theo log van hanh va muc do anh huong cua tram.","2024-12-12T22:27:39.3645313","2024-12-13T10:27:39.3645313"
1545,"MT-01545",56,146,1545,9,9,"Medium","Closed","Xu ly su co ERR-01545","Len lich kiem tra thiet bi theo log van hanh va muc do anh huong cua tram.","2024-12-23T22:27:39.3645313","2024-12-24T11:27:39.3645313"
1546,"MT-01546",56,147,1546,9,9,"Low","Closed","Xu ly su co ERR-01546","Len lich kiem tra thiet bi theo log van hanh va muc do anh huong cua tram.","2025-01-03T22:27:39.3645313","2025-01-04T12:27:39.3645313"
1547,"MT-01547",56,148,1547,9,9,"Critical","Closed","Xu ly su co ERR-01547","Len lich kiem tra thiet bi theo log van hanh va muc do anh huong cua tram.","2025-01-14T22:27:39.3645313","2025-01-15T13:27:39.3645313"
1548,"MT-01548",49,149,1548,9,9,"Medium","InProgress","Xu ly su co ERR-01548","Len lich kiem tra thiet bi theo log van hanh va muc do anh huong cua tram.","2025-01-25T22:27:39.3645313",
1549,"MT-01549",49,150,1549,9,9,"Low","Closed","Xu ly su co ERR-01549","Len lich kiem tra thiet bi theo log van hanh va muc do anh huong cua tram.","2025-02-05T22:27:39.3645313","2025-02-06T15:27:39.3645313"
1550,"MT-01550",49,151,1550,9,9,"Low","Closed","Xu ly su co ERR-01550","Len lich kiem tra thiet bi theo log van hanh va muc do anh huong cua tram.","2025-02-16T22:27:39.3645313","2025-02-17T16:27:39.3645313"
1551,"MT-01551",54,152,1551,9,9,"Medium","Closed","Xu ly su co ERR-01551","Len lich kiem tra thiet bi theo log van hanh va muc do anh huong cua tram.","2025-02-27T22:27:39.3645313","2025-02-28T17:27:39.3645313"
1552,"MT-01552",54,153,1552,9,9,"Low","Closed","Xu ly su co ERR-01552","Len lich kiem tra thiet bi theo log van hanh va muc do anh huong cua tram.","2025-03-10T22:27:39.3645313","2025-03-11T18:27:39.3645313"
1553,"MT-01553",54,154,1553,9,9,"Low","Closed","Xu ly su co ERR-01553","Len lich kiem tra thiet bi theo log van hanh va muc do anh huong cua tram.","2025-03-21T22:27:39.3645313","2025-03-22T19:27:39.3645313"
1554,"MT-01554",51,155,1554,9,9,"High","Closed","Xu ly su co ERR-01554","Len lich kiem tra thiet bi theo log van hanh va muc do anh huong cua tram.","2025-04-01T22:27:39.3645313","2025-04-02T20:27:39.3645313"
1555,"MT-01555",51,156,1555,9,9,"Low","Closed","Xu ly su co ERR-01555","Len lich kiem tra thiet bi theo log van hanh va muc do anh huong cua tram.","2025-04-12T22:27:39.3645313","2025-04-13T21:27:39.3645313"
1556,"MT-01556",51,157,1556,9,9,"Low","Closed","Xu ly su co ERR-01556","Len lich kiem tra thiet bi theo log van hanh va muc do anh huong cua tram.","2025-04-23T22:27:39.3645313","2025-04-24T22:27:39.3645313"
1557,"MT-01557",47,158,1557,9,9,"Medium","InProgress","Xu ly su co ERR-01557","Len lich kiem tra thiet bi theo log van hanh va muc do anh huong cua tram.","2025-05-04T22:27:39.3645313",
1558,"MT-01558",47,159,1558,9,9,"Low","Closed","Xu ly su co ERR-01558","Len lich kiem tra thiet bi theo log van hanh va muc do anh huong cua tram.","2025-05-15T22:27:39.3645313","2025-05-17T00:27:39.3645313"
1559,"MT-01559",47,160,1559,9,9,"Low","Closed","Xu ly su co ERR-01559","Len lich kiem tra thiet bi theo log van hanh va muc do anh huong cua tram.","2025-05-26T22:27:39.3645313","2025-05-28T01:27:39.3645313"
1560,"MT-01560",45,161,1560,9,9,"Medium","Closed","Xu ly su co ERR-01560","Len lich kiem tra thiet bi theo log van hanh va muc do anh huong cua tram.","2025-06-06T22:27:39.3645313","2025-06-08T02:27:39.3645313"
1561,"MT-01561",45,162,1561,9,9,"High","Closed","Xu ly su co ERR-01561","Len lich kiem tra thiet bi theo log van hanh va muc do anh huong cua tram.","2025-06-17T22:27:39.3645313","2025-06-19T03:27:39.3645313"
1562,"MT-01562",45,163,1562,9,9,"Low","Closed","Xu ly su co ERR-01562","Len lich kiem tra thiet bi theo log van hanh va muc do anh huong cua tram.","2025-06-28T22:27:39.3645313","2025-06-30T04:27:39.3645313"
1563,"MT-01563",43,164,1563,9,9,"Medium","Closed","Xu ly su co ERR-01563","Len lich kiem tra thiet bi theo log van hanh va muc do anh huong cua tram.","2025-07-09T22:27:39.3645313","2025-07-11T05:27:39.3645313"
1564,"MT-01564",43,165,1564,9,9,"Critical","Closed","Xu ly su co ERR-01564","Len lich kiem tra thiet bi theo log van hanh va muc do anh huong cua tram.","2025-07-20T22:27:39.3645313","2025-07-22T06:27:39.3645313"
1565,"MT-01565",43,166,1565,9,9,"Low","Closed","Xu ly su co ERR-01565","Len lich kiem tra thiet bi theo log van hanh va muc do anh huong cua tram.","2025-07-31T22:27:39.3645313","2025-08-02T07:27:39.3645313"
1566,"MT-01566",40,167,1566,9,9,"Medium","InProgress","Xu ly su co ERR-01566","Len lich kiem tra thiet bi theo log van hanh va muc do anh huong cua tram.","2025-08-11T22:27:39.3645313",
1567,"MT-01567",40,168,1567,9,9,"Low","Closed","Xu ly su co ERR-01567","Len lich kiem tra thiet bi theo log van hanh va muc do anh huong cua tram.","2025-08-22T22:27:39.3645313","2025-08-24T09:27:39.3645313"
1568,"MT-01568",40,169,1568,9,9,"High","Closed","Xu ly su co ERR-01568","Len lich kiem tra thiet bi theo log van hanh va muc do anh huong cua tram.","2025-09-02T22:27:39.3645313","2025-09-04T10:27:39.3645313"
1569,"MT-01569",41,170,1569,9,9,"Medium","Closed","Xu ly su co ERR-01569","Len lich kiem tra thiet bi theo log van hanh va muc do anh huong cua tram.","2025-09-13T22:27:39.3645313","2025-09-15T11:27:39.3645313"
1570,"MT-01570",41,171,1570,9,9,"Low","Closed","Xu ly su co ERR-01570","Len lich kiem tra thiet bi theo log van hanh va muc do anh huong cua tram.","2025-09-24T22:27:39.3645313","2025-09-26T12:27:39.3645313"
1571,"MT-01571",41,172,1571,9,9,"Low","Closed","Xu ly su co ERR-01571","Len lich kiem tra thiet bi theo log van hanh va muc do anh huong cua tram.","2025-10-05T22:27:39.3645313","2025-10-07T13:27:39.3645313"
1572,"MT-01572",36,173,1572,9,9,"Medium","Closed","Xu ly su co ERR-01572","Len lich kiem tra thiet bi theo log van hanh va muc do anh huong cua tram.","2025-10-16T22:27:39.3645313","2025-10-18T14:27:39.3645313"
1573,"MT-01573",36,174,1573,9,9,"Low","Closed","Xu ly su co ERR-01573","Len lich kiem tra thiet bi theo log van hanh va muc do anh huong cua tram.","2025-10-27T22:27:39.3645313","2025-10-29T15:27:39.3645313"
1574,"MT-01574",36,175,1574,9,9,"Low","Closed","Xu ly su co ERR-01574","Len lich kiem tra thiet bi theo log van hanh va muc do anh huong cua tram.","2025-11-07T22:27:39.3645313","2025-11-09T16:27:39.3645313"
1575,"MT-01575",33,176,1575,9,9,"High","InProgress","Xu ly su co ERR-01575","Len lich kiem tra thiet bi theo log van hanh va muc do anh huong cua tram.","2025-11-18T22:27:39.3645313",
1576,"MT-01576",33,177,1576,9,9,"Low","Closed","Xu ly su co ERR-01576","Len lich kiem tra thiet bi theo log van hanh va muc do anh huong cua tram.","2025-11-29T22:27:39.3645313","2025-12-01T18:27:39.3645313"
1577,"MT-01577",33,178,1577,9,9,"Low","Closed","Xu ly su co ERR-01577","Len lich kiem tra thiet bi theo log van hanh va muc do anh huong cua tram.","2025-12-10T22:27:39.3645313","2025-12-12T19:27:39.3645313"
1578,"MT-01578",31,179,1578,9,9,"Medium","Closed","Xu ly su co ERR-01578","Len lich kiem tra thiet bi theo log van hanh va muc do anh huong cua tram.","2025-12-21T22:27:39.3645313","2025-12-23T20:27:39.3645313"
1579,"MT-01579",31,180,1579,9,9,"Low","Closed","Xu ly su co ERR-01579","Len lich kiem tra thiet bi theo log van hanh va muc do anh huong cua tram.","2026-01-01T22:27:39.3645313","2026-01-03T21:27:39.3645313"
1580,"MT-01580",31,181,1580,9,9,"Low","Closed","Xu ly su co ERR-01580","Len lich kiem tra thiet bi theo log van hanh va muc do anh huong cua tram.","2026-01-12T22:27:39.3645313","2026-01-14T22:27:39.3645313"
1581,"MT-01581",9,182,1581,9,9,"Critical","Closed","Xu ly su co ERR-01581","Len lich kiem tra thiet bi theo log van hanh va muc do anh huong cua tram.","2026-01-23T22:27:39.3645313","2026-01-25T23:27:39.3645313"
1582,"MT-01582",9,183,1582,9,9,"High","Closed","Xu ly su co ERR-01582","Len lich kiem tra thiet bi theo log van hanh va muc do anh huong cua tram.","2026-02-03T22:27:39.3645313","2026-02-06T00:27:39.3645313"
1583,"MT-01583",9,184,1583,9,9,"Low","Closed","Xu ly su co ERR-01583","Len lich kiem tra thiet bi theo log van hanh va muc do anh huong cua tram.","2026-02-14T22:27:39.3645313","2026-02-17T01:27:39.3645313"
1584,"MT-01584",29,185,1584,9,9,"Medium","InProgress","Xu ly su co ERR-01584","Len lich kiem tra thiet bi theo log van hanh va muc do anh huong cua tram.","2026-02-25T22:27:39.3645313",
1585,"MT-01585",29,186,1585,9,9,"Low","Closed","Xu ly su co ERR-01585","Len lich kiem tra thiet bi theo log van hanh va muc do anh huong cua tram.","2026-03-08T22:27:39.3645313","2026-03-09T03:27:39.3645313"
1586,"MT-01586",29,187,1586,9,9,"Low","Closed","Xu ly su co ERR-01586","Len lich kiem tra thiet bi theo log van hanh va muc do anh huong cua tram.","2026-03-19T22:27:39.3645313","2026-03-20T04:27:39.3645313"
1587,"MT-01587",27,188,1587,9,9,"Medium","Closed","Xu ly su co ERR-01587","Len lich kiem tra thiet bi theo log van hanh va muc do anh huong cua tram.","2026-03-30T22:27:39.3645313","2026-03-31T05:27:39.3645313"
1588,"MT-01588",27,189,1588,9,9,"Low","Closed","Xu ly su co ERR-01588","Len lich kiem tra thiet bi theo log van hanh va muc do anh huong cua tram.","2026-04-10T22:27:39.3645313","2026-04-11T06:27:39.3645313"
1589,"MT-01589",27,190,1589,9,9,"High","Closed","Xu ly su co ERR-01589","Len lich kiem tra thiet bi theo log van hanh va muc do anh huong cua tram.","2026-04-21T22:27:39.3645313","2026-04-22T07:27:39.3645313"
1590,"MT-01590",25,191,1590,9,9,"Medium","Closed","Xu ly su co ERR-01590","Len lich kiem tra thiet bi theo log van hanh va muc do anh huong cua tram.","2026-05-02T22:27:39.3645313","2026-05-03T08:27:39.3645313"
1591,"MT-01591",25,192,1591,9,9,"Low","Closed","Xu ly su co ERR-01591","Len lich kiem tra thiet bi theo log van hanh va muc do anh huong cua tram.","2026-05-13T22:27:39.3645313","2026-05-14T09:27:39.3645313"
1592,"MT-01592",25,193,1592,9,9,"Low","Closed","Xu ly su co ERR-01592","Len lich kiem tra thiet bi theo log van hanh va muc do anh huong cua tram.","2026-05-24T22:27:39.3645313","2026-05-25T10:27:39.3645313"
1593,"MT-01593",22,194,1593,9,9,"Medium","InProgress","Xu ly su co ERR-01593","Len lich kiem tra thiet bi theo log van hanh va muc do anh huong cua tram.","2024-06-04T22:27:39.3645313",
1594,"MT-01594",22,195,1594,9,9,"Low","Closed","Xu ly su co ERR-01594","Len lich kiem tra thiet bi theo log van hanh va muc do anh huong cua tram.","2024-06-15T22:27:39.3645313","2024-06-16T12:27:39.3645313"
1595,"MT-01595",22,196,1595,9,9,"Low","Closed","Xu ly su co ERR-01595","Len lich kiem tra thiet bi theo log van hanh va muc do anh huong cua tram.","2024-06-26T22:27:39.3645313","2024-06-27T13:27:39.3645313"
1596,"MT-01596",19,197,1596,9,9,"High","Closed","Xu ly su co ERR-01596","Len lich kiem tra thiet bi theo log van hanh va muc do anh huong cua tram.","2024-07-07T22:27:39.3645313","2024-07-08T14:27:39.3645313"
1597,"MT-01597",19,198,1597,9,9,"Low","Closed","Xu ly su co ERR-01597","Len lich kiem tra thiet bi theo log van hanh va muc do anh huong cua tram.","2024-07-18T22:27:39.3645313","2024-07-19T15:27:39.3645313"
1598,"MT-01598",19,199,1598,9,9,"Critical","Closed","Xu ly su co ERR-01598","Len lich kiem tra thiet bi theo log van hanh va muc do anh huong cua tram.","2024-07-29T22:27:39.3645313","2024-07-30T16:27:39.3645313"
1599,"MT-01599",20,200,1599,9,9,"Medium","Closed","Xu ly su co ERR-01599","Len lich kiem tra thiet bi theo log van hanh va muc do anh huong cua tram.","2024-08-09T22:27:39.3645313","2024-08-10T17:27:39.3645313"
1600,"MT-01600",20,201,1600,9,9,"Low","Closed","Xu ly su co ERR-01600","Len lich kiem tra thiet bi theo log van hanh va muc do anh huong cua tram.","2024-08-20T22:27:39.3645313","2024-08-21T18:27:39.3645313"
1601,"MT-01601",20,202,1601,9,9,"Low","Closed","Xu ly su co ERR-01601","Len lich kiem tra thiet bi theo log van hanh va muc do anh huong cua tram.","2024-08-31T22:27:39.3645313","2024-09-01T19:27:39.3645313"
1602,"MT-01602",15,203,1602,9,9,"Medium","InProgress","Xu ly su co ERR-01602","Len lich kiem tra thiet bi theo log van hanh va muc do anh huong cua tram.","2024-09-11T22:27:39.3645313",
1603,"MT-01603",15,204,1603,9,9,"High","Closed","Xu ly su co ERR-01603","Len lich kiem tra thiet bi theo log van hanh va muc do anh huong cua tram.","2024-09-22T22:27:39.3645313","2024-09-23T21:27:39.3645313"
1604,"MT-01604",15,205,1604,9,9,"Low","Closed","Xu ly su co ERR-01604","Len lich kiem tra thiet bi theo log van hanh va muc do anh huong cua tram.","2024-10-03T22:27:39.3645313","2024-10-04T22:27:39.3645313"
1605,"MT-01605",13,206,1605,9,9,"Medium","Closed","Xu ly su co ERR-01605","Len lich kiem tra thiet bi theo log van hanh va muc do anh huong cua tram.","2024-10-14T22:27:39.3645313","2024-10-15T23:27:39.3645313"
1606,"MT-01606",13,207,1606,9,9,"Low","Closed","Xu ly su co ERR-01606","Len lich kiem tra thiet bi theo log van hanh va muc do anh huong cua tram.","2024-10-25T22:27:39.3645313","2024-10-27T00:27:39.3645313"
1607,"MT-01607",13,208,1607,9,9,"Low","Closed","Xu ly su co ERR-01607","Len lich kiem tra thiet bi theo log van hanh va muc do anh huong cua tram.","2024-11-05T22:27:39.3645313","2024-11-07T01:27:39.3645313"
1608,"MT-01608",11,209,1608,9,9,"Medium","Closed","Xu ly su co ERR-01608","Len lich kiem tra thiet bi theo log van hanh va muc do anh huong cua tram.","2024-11-16T22:27:39.3645313","2024-11-18T02:27:39.3645313"
1609,"MT-01609",11,210,1609,9,9,"Low","Closed","Xu ly su co ERR-01609","Len lich kiem tra thiet bi theo log van hanh va muc do anh huong cua tram.","2024-11-27T22:27:39.3645313","2024-11-29T03:27:39.3645313"
1610,"MT-01610",11,211,1610,9,9,"High","Closed","Xu ly su co ERR-01610","Len lich kiem tra thiet bi theo log van hanh va muc do anh huong cua tram.","2024-12-08T22:27:39.3645313","2024-12-10T04:27:39.3645313"
1611,"MT-01611",7,212,1611,9,9,"Medium","InProgress","Xu ly su co ERR-01611","Len lich kiem tra thiet bi theo log van hanh va muc do anh huong cua tram.","2024-12-19T22:27:39.3645313",
1612,"MT-01612",7,213,1612,9,9,"Low","Closed","Xu ly su co ERR-01612","Len lich kiem tra thiet bi theo log van hanh va muc do anh huong cua tram.","2024-12-30T22:27:39.3645313","2025-01-01T06:27:39.3645313"
1613,"MT-01613",7,214,1613,9,9,"Low","Closed","Xu ly su co ERR-01613","Len lich kiem tra thiet bi theo log van hanh va muc do anh huong cua tram.","2025-01-10T22:27:39.3645313","2025-01-12T07:27:39.3645313"
1614,"MT-01614",4,215,1614,9,9,"Medium","Closed","Xu ly su co ERR-01614","Len lich kiem tra thiet bi theo log van hanh va muc do anh huong cua tram.","2025-01-21T22:27:39.3645313","2025-01-23T08:27:39.3645313"
1615,"MT-01615",4,216,1615,9,9,"Critical","Closed","Xu ly su co ERR-01615","Len lich kiem tra thiet bi theo log van hanh va muc do anh huong cua tram.","2025-02-01T22:27:39.3645313","2025-02-03T09:27:39.3645313"
1616,"MT-01616",4,217,1616,9,9,"Low","Closed","Xu ly su co ERR-01616","Len lich kiem tra thiet bi theo log van hanh va muc do anh huong cua tram.","2025-02-12T22:27:39.3645313","2025-02-14T10:27:39.3645313"
1617,"MT-01617",2,218,1617,9,9,"High","Closed","Xu ly su co ERR-01617","Len lich kiem tra thiet bi theo log van hanh va muc do anh huong cua tram.","2025-02-23T22:27:39.3645313","2025-02-25T11:27:39.3645313"
1618,"MT-01618",2,219,1618,9,9,"Low","Closed","Xu ly su co ERR-01618","Len lich kiem tra thiet bi theo log van hanh va muc do anh huong cua tram.","2025-03-06T22:27:39.3645313","2025-03-08T12:27:39.3645313"
1619,"MT-01619",2,220,1619,9,9,"Low","Closed","Xu ly su co ERR-01619","Len lich kiem tra thiet bi theo log van hanh va muc do anh huong cua tram.","2025-03-17T22:27:39.3645313","2025-03-19T13:27:39.3645313"
1620,"MT-01620",8,221,1620,9,9,"Medium","InProgress","Xu ly su co ERR-01620","Len lich kiem tra thiet bi theo log van hanh va muc do anh huong cua tram.","2025-03-28T22:27:39.3645313",
1621,"MT-01621",8,222,1621,9,9,"Low","Closed","Xu ly su co ERR-01621","Len lich kiem tra thiet bi theo log van hanh va muc do anh huong cua tram.","2025-04-08T22:27:39.3645313","2025-04-10T15:27:39.3645313"
1622,"MT-01622",8,223,1622,9,9,"Low","Closed","Xu ly su co ERR-01622","Len lich kiem tra thiet bi theo log van hanh va muc do anh huong cua tram.","2025-04-19T22:27:39.3645313","2025-04-21T16:27:39.3645313"
1623,"MT-01623",8,224,1623,9,9,"Medium","Closed","Xu ly su co ERR-01623","Len lich kiem tra thiet bi theo log van hanh va muc do anh huong cua tram.","2025-04-30T22:27:39.3645313","2025-05-02T17:27:39.3645313"
1624,"MT-01624",8,225,1624,9,9,"High","Closed","Xu ly su co ERR-01624","Len lich kiem tra thiet bi theo log van hanh va muc do anh huong cua tram.","2025-05-11T22:27:39.3645313","2025-05-13T18:27:39.3645313"
1625,"MT-01625",17,226,1625,9,9,"Low","Closed","Xu ly su co ERR-01625","Len lich kiem tra thiet bi theo log van hanh va muc do anh huong cua tram.","2025-05-22T22:27:39.3645313","2025-05-24T19:27:39.3645313"
1626,"MT-01626",17,227,1626,9,9,"Medium","Closed","Xu ly su co ERR-01626","Len lich kiem tra thiet bi theo log van hanh va muc do anh huong cua tram.","2025-06-02T22:27:39.3645313","2025-06-04T20:27:39.3645313"
1627,"MT-01627",17,228,1627,9,9,"Low","Closed","Xu ly su co ERR-01627","Len lich kiem tra thiet bi theo log van hanh va muc do anh huong cua tram.","2025-06-13T22:27:39.3645313","2025-06-15T21:27:39.3645313"
1628,"MT-01628",17,229,1628,9,9,"Low","Closed","Xu ly su co ERR-01628","Len lich kiem tra thiet bi theo log van hanh va muc do anh huong cua tram.","2025-06-24T22:27:39.3645313","2025-06-26T22:27:39.3645313"
1629,"MT-01629",17,230,1629,9,9,"Medium","InProgress","Xu ly su co ERR-01629","Len lich kiem tra thiet bi theo log van hanh va muc do anh huong cua tram.","2025-07-05T22:27:39.3645313",
1630,"MT-01630",28,231,1630,9,9,"Low","Closed","Xu ly su co ERR-01630","Len lich kiem tra thiet bi theo log van hanh va muc do anh huong cua tram.","2025-07-16T22:27:39.3645313","2025-07-19T00:27:39.3645313"
1631,"MT-01631",28,232,1631,9,9,"High","Closed","Xu ly su co ERR-01631","Len lich kiem tra thiet bi theo log van hanh va muc do anh huong cua tram.","2025-07-27T22:27:39.3645313","2025-07-30T01:27:39.3645313"
1632,"MT-01632",28,233,1632,9,9,"Critical","Closed","Xu ly su co ERR-01632","Len lich kiem tra thiet bi theo log van hanh va muc do anh huong cua tram.","2025-08-07T22:27:39.3645313","2025-08-08T02:27:39.3645313"
1633,"MT-01633",28,234,1633,9,9,"Low","Closed","Xu ly su co ERR-01633","Len lich kiem tra thiet bi theo log van hanh va muc do anh huong cua tram.","2025-08-18T22:27:39.3645313","2025-08-19T03:27:39.3645313"
1634,"MT-01634",28,235,1634,9,9,"Low","Closed","Xu ly su co ERR-01634","Len lich kiem tra thiet bi theo log van hanh va muc do anh huong cua tram.","2025-08-29T22:27:39.3645313","2025-08-30T04:27:39.3645313"
1635,"MT-01635",38,236,1635,9,9,"Medium","Closed","Xu ly su co ERR-01635","Len lich kiem tra thiet bi theo log van hanh va muc do anh huong cua tram.","2025-09-09T22:27:39.3645313","2025-09-10T05:27:39.3645313"
1636,"MT-01636",38,237,1636,9,9,"Low","Closed","Xu ly su co ERR-01636","Len lich kiem tra thiet bi theo log van hanh va muc do anh huong cua tram.","2025-09-20T22:27:39.3645313","2025-09-21T06:27:39.3645313"
1637,"MT-01637",38,238,1637,9,9,"Low","Closed","Xu ly su co ERR-01637","Len lich kiem tra thiet bi theo log van hanh va muc do anh huong cua tram.","2025-10-01T22:27:39.3645313","2025-10-02T07:27:39.3645313"
1638,"MT-01638",38,239,1638,9,9,"High","InProgress","Xu ly su co ERR-01638","Len lich kiem tra thiet bi theo log van hanh va muc do anh huong cua tram.","2025-10-12T22:27:39.3645313",
1639,"MT-01639",38,240,1639,9,9,"Low","Closed","Xu ly su co ERR-01639","Len lich kiem tra thiet bi theo log van hanh va muc do anh huong cua tram.","2025-10-23T22:27:39.3645313","2025-10-24T09:27:39.3645313"
1640,"MT-01640",48,241,1640,9,9,"Low","Closed","Xu ly su co ERR-01640","Len lich kiem tra thiet bi theo log van hanh va muc do anh huong cua tram.","2025-11-03T22:27:39.3645313","2025-11-04T10:27:39.3645313"
1641,"MT-01641",48,242,1641,9,9,"Medium","Closed","Xu ly su co ERR-01641","Len lich kiem tra thiet bi theo log van hanh va muc do anh huong cua tram.","2025-11-14T22:27:39.3645313","2025-11-15T11:27:39.3645313"
1642,"MT-01642",48,243,1642,9,9,"Low","Closed","Xu ly su co ERR-01642","Len lich kiem tra thiet bi theo log van hanh va muc do anh huong cua tram.","2025-11-25T22:27:39.3645313","2025-11-26T12:27:39.3645313"
1643,"MT-01643",48,244,1643,9,9,"Low","Closed","Xu ly su co ERR-01643","Len lich kiem tra thiet bi theo log van hanh va muc do anh huong cua tram.","2025-12-06T22:27:39.3645313","2025-12-07T13:27:39.3645313"
1644,"MT-01644",48,245,1644,9,9,"Medium","Closed","Xu ly su co ERR-01644","Len lich kiem tra thiet bi theo log van hanh va muc do anh huong cua tram.","2025-12-17T22:27:39.3645313","2025-12-18T14:27:39.3645313"
1645,"MT-01645",53,246,1645,9,9,"High","Closed","Xu ly su co ERR-01645","Len lich kiem tra thiet bi theo log van hanh va muc do anh huong cua tram.","2025-12-28T22:27:39.3645313","2025-12-29T15:27:39.3645313"
1646,"MT-01646",53,247,1646,9,9,"Low","Closed","Xu ly su co ERR-01646","Len lich kiem tra thiet bi theo log van hanh va muc do anh huong cua tram.","2026-01-08T22:27:39.3645313","2026-01-09T16:27:39.3645313"
1647,"MT-01647",53,248,1647,9,9,"Medium","InProgress","Xu ly su co ERR-01647","Len lich kiem tra thiet bi theo log van hanh va muc do anh huong cua tram.","2026-01-19T22:27:39.3645313",
1648,"MT-01648",53,249,1648,9,9,"Low","Closed","Xu ly su co ERR-01648","Len lich kiem tra thiet bi theo log van hanh va muc do anh huong cua tram.","2026-01-30T22:27:39.3645313","2026-01-31T18:27:39.3645313"
1649,"MT-01649",53,250,1649,9,9,"Critical","Closed","Xu ly su co ERR-01649","Len lich kiem tra thiet bi theo log van hanh va muc do anh huong cua tram.","2026-02-10T22:27:39.3645313","2026-02-11T19:27:39.3645313"
1650,"MT-01650",59,251,1650,9,9,"Medium","Closed","Xu ly su co ERR-01650","Len lich kiem tra thiet bi theo log van hanh va muc do anh huong cua tram.","2026-02-21T22:27:39.3645313","2026-02-22T20:27:39.3645313"
1651,"MT-01651",59,252,1651,9,9,"Low","Closed","Xu ly su co ERR-01651","Len lich kiem tra thiet bi theo log van hanh va muc do anh huong cua tram.","2026-03-04T22:27:39.3645313","2026-03-05T21:27:39.3645313"
1652,"MT-01652",59,253,1652,9,9,"High","Closed","Xu ly su co ERR-01652","Len lich kiem tra thiet bi theo log van hanh va muc do anh huong cua tram.","2026-03-15T22:27:39.3645313","2026-03-16T22:27:39.3645313"
1653,"MT-01653",59,254,1653,9,9,"Medium","Closed","Xu ly su co ERR-01653","Len lich kiem tra thiet bi theo log van hanh va muc do anh huong cua tram.","2026-03-26T22:27:39.3645313","2026-03-27T23:27:39.3645313"
1654,"MT-01654",59,255,1654,9,9,"Low","Closed","Xu ly su co ERR-01654","Len lich kiem tra thiet bi theo log van hanh va muc do anh huong cua tram.","2026-04-06T22:27:39.3645313","2026-04-08T00:27:39.3645313"
1655,"MT-01655",68,256,1655,9,9,"Low","Closed","Xu ly su co ERR-01655","Len lich kiem tra thiet bi theo log van hanh va muc do anh huong cua tram.","2026-04-17T22:27:39.3645313","2026-04-19T01:27:39.3645313"
1656,"MT-01656",68,257,1656,9,9,"Medium","InProgress","Xu ly su co ERR-01656","Len lich kiem tra thiet bi theo log van hanh va muc do anh huong cua tram.","2026-04-28T22:27:39.3645313",
1657,"MT-01657",68,258,1657,9,9,"Low","Closed","Xu ly su co ERR-01657","Len lich kiem tra thiet bi theo log van hanh va muc do anh huong cua tram.","2026-05-09T22:27:39.3645313","2026-05-11T03:27:39.3645313"
1658,"MT-01658",68,259,1658,9,9,"Low","Closed","Xu ly su co ERR-01658","Len lich kiem tra thiet bi theo log van hanh va muc do anh huong cua tram.","2026-05-20T22:27:39.3645313","2026-05-22T04:27:39.3645313"
1659,"MT-01659",68,260,1659,9,9,"High","Closed","Xu ly su co ERR-01659","Len lich kiem tra thiet bi theo log van hanh va muc do anh huong cua tram.","2026-05-31T22:27:39.3645313","2026-06-02T05:27:39.3645313"
1660,"MT-01660",74,261,1660,9,9,"Low","Closed","Xu ly su co ERR-01660","Len lich kiem tra thiet bi theo log van hanh va muc do anh huong cua tram.","2024-06-11T22:27:39.3645313","2024-06-13T06:27:39.3645313"
1661,"MT-01661",74,262,1661,9,9,"Low","Closed","Xu ly su co ERR-01661","Len lich kiem tra thiet bi theo log van hanh va muc do anh huong cua tram.","2024-06-22T22:27:39.3645313","2024-06-24T07:27:39.3645313"
1662,"MT-01662",74,263,1662,9,9,"Medium","Closed","Xu ly su co ERR-01662","Len lich kiem tra thiet bi theo log van hanh va muc do anh huong cua tram.","2024-07-03T22:27:39.3645313","2024-07-05T08:27:39.3645313"
1663,"MT-01663",74,264,1663,9,9,"Low","Closed","Xu ly su co ERR-01663","Len lich kiem tra thiet bi theo log van hanh va muc do anh huong cua tram.","2024-07-14T22:27:39.3645313","2024-07-16T09:27:39.3645313"
1664,"MT-01664",74,265,1664,9,9,"Low","Closed","Xu ly su co ERR-01664","Len lich kiem tra thiet bi theo log van hanh va muc do anh huong cua tram.","2024-07-25T22:27:39.3645313","2024-07-27T10:27:39.3645313"
1665,"MT-01665",80,266,1665,9,9,"Medium","InProgress","Xu ly su co ERR-01665","Len lich kiem tra thiet bi theo log van hanh va muc do anh huong cua tram.","2024-08-05T22:27:39.3645313",
1666,"MT-01666",80,267,1666,9,9,"Critical","Closed","Xu ly su co ERR-01666","Len lich kiem tra thiet bi theo log van hanh va muc do anh huong cua tram.","2024-08-16T22:27:39.3645313","2024-08-18T12:27:39.3645313"
1667,"MT-01667",80,268,1667,9,9,"Low","Closed","Xu ly su co ERR-01667","Len lich kiem tra thiet bi theo log van hanh va muc do anh huong cua tram.","2024-08-27T22:27:39.3645313","2024-08-29T13:27:39.3645313"
1668,"MT-01668",80,269,1668,9,9,"Medium","Closed","Xu ly su co ERR-01668","Len lich kiem tra thiet bi theo log van hanh va muc do anh huong cua tram.","2024-09-07T22:27:39.3645313","2024-09-09T14:27:39.3645313"
1669,"MT-01669",80,270,1669,9,9,"Low","Closed","Xu ly su co ERR-01669","Len lich kiem tra thiet bi theo log van hanh va muc do anh huong cua tram.","2024-09-18T22:27:39.3645313","2024-09-20T15:27:39.3645313"
1670,"MT-01670",89,271,1670,9,9,"Low","Closed","Xu ly su co ERR-01670","Len lich kiem tra thiet bi theo log van hanh va muc do anh huong cua tram.","2024-09-29T22:27:39.3645313","2024-10-01T16:27:39.3645313"
1671,"MT-01671",89,272,1671,9,9,"Medium","Closed","Xu ly su co ERR-01671","Len lich kiem tra thiet bi theo log van hanh va muc do anh huong cua tram.","2024-10-10T22:27:39.3645313","2024-10-12T17:27:39.3645313"
1672,"MT-01672",89,273,1672,9,9,"Low","Closed","Xu ly su co ERR-01672","Len lich kiem tra thiet bi theo log van hanh va muc do anh huong cua tram.","2024-10-21T22:27:39.3645313","2024-10-23T18:27:39.3645313"
1673,"MT-01673",89,274,1673,9,9,"High","Closed","Xu ly su co ERR-01673","Len lich kiem tra thiet bi theo log van hanh va muc do anh huong cua tram.","2024-11-01T22:27:39.3645313","2024-11-03T19:27:39.3645313"
1674,"MT-01674",89,275,1674,9,9,"Medium","InProgress","Xu ly su co ERR-01674","Len lich kiem tra thiet bi theo log van hanh va muc do anh huong cua tram.","2024-11-12T22:27:39.3645313",
1675,"MT-01675",98,276,1675,9,9,"Low","Closed","Xu ly su co ERR-01675","Len lich kiem tra thiet bi theo log van hanh va muc do anh huong cua tram.","2024-11-23T22:27:39.3645313","2024-11-25T21:27:39.3645313"
1676,"MT-01676",98,277,1676,9,9,"Low","Closed","Xu ly su co ERR-01676","Len lich kiem tra thiet bi theo log van hanh va muc do anh huong cua tram.","2024-12-04T22:27:39.3645313","2024-12-06T22:27:39.3645313"
1677,"MT-01677",98,278,1677,9,9,"Medium","Closed","Xu ly su co ERR-01677","Len lich kiem tra thiet bi theo log van hanh va muc do anh huong cua tram.","2024-12-15T22:27:39.3645313","2024-12-17T23:27:39.3645313"
1678,"MT-01678",98,279,1678,9,9,"Low","Closed","Xu ly su co ERR-01678","Len lich kiem tra thiet bi theo log van hanh va muc do anh huong cua tram.","2024-12-26T22:27:39.3645313","2024-12-29T00:27:39.3645313"
1679,"MT-01679",98,280,1679,9,9,"Low","Closed","Xu ly su co ERR-01679","Len lich kiem tra thiet bi theo log van hanh va muc do anh huong cua tram.","2025-01-06T22:27:39.3645313","2025-01-09T01:27:39.3645313"
1680,"MT-01680",1,1,1680,9,9,"High","Closed","Xu ly su co ERR-01680","Len lich kiem tra thiet bi theo log van hanh va muc do anh huong cua tram.","2025-01-17T22:27:39.3645313","2025-01-18T02:27:39.3645313"
1681,"MT-01681",1,2,1681,9,9,"Low","Closed","Xu ly su co ERR-01681","Len lich kiem tra thiet bi theo log van hanh va muc do anh huong cua tram.","2025-01-28T22:27:39.3645313","2025-01-29T03:27:39.3645313"
1682,"MT-01682",3,3,1682,9,9,"Low","Closed","Xu ly su co ERR-01682","Len lich kiem tra thiet bi theo log van hanh va muc do anh huong cua tram.","2025-02-08T22:27:39.3645313","2025-02-09T04:27:39.3645313"
1683,"MT-01683",3,4,1683,9,9,"Critical","InProgress","Xu ly su co ERR-01683","Len lich kiem tra thiet bi theo log van hanh va muc do anh huong cua tram.","2025-02-19T22:27:39.3645313",
1684,"MT-01684",5,5,1684,9,9,"Low","Closed","Xu ly su co ERR-01684","Len lich kiem tra thiet bi theo log van hanh va muc do anh huong cua tram.","2025-03-02T22:27:39.3645313","2025-03-03T06:27:39.3645313"
1685,"MT-01685",5,6,1685,9,9,"Low","Closed","Xu ly su co ERR-01685","Len lich kiem tra thiet bi theo log van hanh va muc do anh huong cua tram.","2025-03-13T22:27:39.3645313","2025-03-14T07:27:39.3645313"
1686,"MT-01686",6,7,1686,9,9,"Medium","Closed","Xu ly su co ERR-01686","Len lich kiem tra thiet bi theo log van hanh va muc do anh huong cua tram.","2025-03-24T22:27:39.3645313","2025-03-25T08:27:39.3645313"
1687,"MT-01687",6,8,1687,9,9,"High","Closed","Xu ly su co ERR-01687","Len lich kiem tra thiet bi theo log van hanh va muc do anh huong cua tram.","2025-04-04T22:27:39.3645313","2025-04-05T09:27:39.3645313"
1688,"MT-01688",10,9,1688,9,9,"Low","Closed","Xu ly su co ERR-01688","Len lich kiem tra thiet bi theo log van hanh va muc do anh huong cua tram.","2025-04-15T22:27:39.3645313","2025-04-16T10:27:39.3645313"
1689,"MT-01689",10,10,1689,9,9,"Medium","Closed","Xu ly su co ERR-01689","Len lich kiem tra thiet bi theo log van hanh va muc do anh huong cua tram.","2025-04-26T22:27:39.3645313","2025-04-27T11:27:39.3645313"
1690,"MT-01690",12,11,1690,9,9,"Low","Closed","Xu ly su co ERR-01690","Len lich kiem tra thiet bi theo log van hanh va muc do anh huong cua tram.","2025-05-07T22:27:39.3645313","2025-05-08T12:27:39.3645313"
1691,"MT-01691",12,12,1691,9,9,"Low","Closed","Xu ly su co ERR-01691","Len lich kiem tra thiet bi theo log van hanh va muc do anh huong cua tram.","2025-05-18T22:27:39.3645313","2025-05-19T13:27:39.3645313"
1692,"MT-01692",14,13,1692,9,9,"Medium","InProgress","Xu ly su co ERR-01692","Len lich kiem tra thiet bi theo log van hanh va muc do anh huong cua tram.","2025-05-29T22:27:39.3645313",
1693,"MT-01693",14,14,1693,9,9,"Low","Closed","Xu ly su co ERR-01693","Len lich kiem tra thiet bi theo log van hanh va muc do anh huong cua tram.","2025-06-09T22:27:39.3645313","2025-06-10T15:27:39.3645313"
1694,"MT-01694",16,15,1694,9,9,"High","Closed","Xu ly su co ERR-01694","Len lich kiem tra thiet bi theo log van hanh va muc do anh huong cua tram.","2025-06-20T22:27:39.3645313","2025-06-21T16:27:39.3645313"
1695,"MT-01695",16,16,1695,9,9,"Medium","Closed","Xu ly su co ERR-01695","Len lich kiem tra thiet bi theo log van hanh va muc do anh huong cua tram.","2025-07-01T22:27:39.3645313","2025-07-02T17:27:39.3645313"
1696,"MT-01696",18,17,1696,9,9,"Low","Closed","Xu ly su co ERR-01696","Len lich kiem tra thiet bi theo log van hanh va muc do anh huong cua tram.","2025-07-12T22:27:39.3645313","2025-07-13T18:27:39.3645313"
1697,"MT-01697",18,18,1697,9,9,"Low","Closed","Xu ly su co ERR-01697","Len lich kiem tra thiet bi theo log van hanh va muc do anh huong cua tram.","2025-07-23T22:27:39.3645313","2025-07-24T19:27:39.3645313"
1698,"MT-01698",21,19,1698,9,9,"Medium","Closed","Xu ly su co ERR-01698","Len lich kiem tra thiet bi theo log van hanh va muc do anh huong cua tram.","2025-08-03T22:27:39.3645313","2025-08-04T20:27:39.3645313"
1699,"MT-01699",21,20,1699,9,9,"Low","Closed","Xu ly su co ERR-01699","Len lich kiem tra thiet bi theo log van hanh va muc do anh huong cua tram.","2025-08-14T22:27:39.3645313","2025-08-15T21:27:39.3645313"
1700,"MT-01700",23,21,1700,9,9,"Critical","Closed","Xu ly su co ERR-01700","Len lich kiem tra thiet bi theo log van hanh va muc do anh huong cua tram.","2025-08-25T22:27:39.3645313","2025-08-26T22:27:39.3645313"
1701,"MT-01701",23,22,1701,9,9,"High","InProgress","Xu ly su co ERR-01701","Len lich kiem tra thiet bi theo log van hanh va muc do anh huong cua tram.","2025-09-05T22:27:39.3645313",
1702,"MT-01702",24,23,1702,9,9,"Low","Closed","Xu ly su co ERR-01702","Len lich kiem tra thiet bi theo log van hanh va muc do anh huong cua tram.","2025-09-16T22:27:39.3645313","2025-09-18T00:27:39.3645313"
1703,"MT-01703",24,24,1703,9,9,"Low","Closed","Xu ly su co ERR-01703","Len lich kiem tra thiet bi theo log van hanh va muc do anh huong cua tram.","2025-09-27T22:27:39.3645313","2025-09-29T01:27:39.3645313"
1704,"MT-01704",26,25,1704,9,9,"Medium","Closed","Xu ly su co ERR-01704","Len lich kiem tra thiet bi theo log van hanh va muc do anh huong cua tram.","2025-10-08T22:27:39.3645313","2025-10-10T02:27:39.3645313"
1705,"MT-01705",26,26,1705,9,9,"Low","Closed","Xu ly su co ERR-01705","Len lich kiem tra thiet bi theo log van hanh va muc do anh huong cua tram.","2025-10-19T22:27:39.3645313","2025-10-21T03:27:39.3645313"
1706,"MT-01706",30,27,1706,9,9,"Low","Closed","Xu ly su co ERR-01706","Len lich kiem tra thiet bi theo log van hanh va muc do anh huong cua tram.","2025-10-30T22:27:39.3645313","2025-11-01T04:27:39.3645313"
1707,"MT-01707",30,28,1707,9,9,"Medium","Closed","Xu ly su co ERR-01707","Len lich kiem tra thiet bi theo log van hanh va muc do anh huong cua tram.","2025-11-10T22:27:39.3645313","2025-11-12T05:27:39.3645313"
1708,"MT-01708",32,29,1708,9,9,"High","Closed","Xu ly su co ERR-01708","Len lich kiem tra thiet bi theo log van hanh va muc do anh huong cua tram.","2025-11-21T22:27:39.3645313","2025-11-23T06:27:39.3645313"
1709,"MT-01709",32,30,1709,9,9,"Low","Closed","Xu ly su co ERR-01709","Len lich kiem tra thiet bi theo log van hanh va muc do anh huong cua tram.","2025-12-02T22:27:39.3645313","2025-12-04T07:27:39.3645313"
1710,"MT-01710",34,31,1710,9,9,"Medium","InProgress","Xu ly su co ERR-01710","Len lich kiem tra thiet bi theo log van hanh va muc do anh huong cua tram.","2025-12-13T22:27:39.3645313",
1711,"MT-01711",34,32,1711,9,9,"Low","Closed","Xu ly su co ERR-01711","Len lich kiem tra thiet bi theo log van hanh va muc do anh huong cua tram.","2025-12-24T22:27:39.3645313","2025-12-26T09:27:39.3645313"
1712,"MT-01712",35,33,1712,9,9,"Low","Closed","Xu ly su co ERR-01712","Len lich kiem tra thiet bi theo log van hanh va muc do anh huong cua tram.","2026-01-04T22:27:39.3645313","2026-01-06T10:27:39.3645313"
1713,"MT-01713",35,34,1713,9,9,"Medium","Closed","Xu ly su co ERR-01713","Len lich kiem tra thiet bi theo log van hanh va muc do anh huong cua tram.","2026-01-15T22:27:39.3645313","2026-01-17T11:27:39.3645313"
1714,"MT-01714",37,35,1714,9,9,"Low","Closed","Xu ly su co ERR-01714","Len lich kiem tra thiet bi theo log van hanh va muc do anh huong cua tram.","2026-01-26T22:27:39.3645313","2026-01-28T12:27:39.3645313"
1715,"MT-01715",37,36,1715,9,9,"High","Closed","Xu ly su co ERR-01715","Len lich kiem tra thiet bi theo log van hanh va muc do anh huong cua tram.","2026-02-06T22:27:39.3645313","2026-02-08T13:27:39.3645313"
1716,"MT-01716",39,37,1716,9,9,"Medium","Closed","Xu ly su co ERR-01716","Len lich kiem tra thiet bi theo log van hanh va muc do anh huong cua tram.","2026-02-17T22:27:39.3645313","2026-02-19T14:27:39.3645313"
1717,"MT-01717",39,38,1717,9,9,"Critical","Closed","Xu ly su co ERR-01717","Len lich kiem tra thiet bi theo log van hanh va muc do anh huong cua tram.","2026-02-28T22:27:39.3645313","2026-03-02T15:27:39.3645313"
1718,"MT-01718",42,39,1718,9,9,"Low","Closed","Xu ly su co ERR-01718","Len lich kiem tra thiet bi theo log van hanh va muc do anh huong cua tram.","2026-03-11T22:27:39.3645313","2026-03-13T16:27:39.3645313"
1719,"MT-01719",42,40,1719,9,9,"Medium","InProgress","Xu ly su co ERR-01719","Len lich kiem tra thiet bi theo log van hanh va muc do anh huong cua tram.","2026-03-22T22:27:39.3645313",
1720,"MT-01720",44,41,1720,9,9,"Low","Closed","Xu ly su co ERR-01720","Len lich kiem tra thiet bi theo log van hanh va muc do anh huong cua tram.","2026-04-02T22:27:39.3645313","2026-04-04T18:27:39.3645313"
1721,"MT-01721",44,42,1721,9,9,"Low","Closed","Xu ly su co ERR-01721","Len lich kiem tra thiet bi theo log van hanh va muc do anh huong cua tram.","2026-04-13T22:27:39.3645313","2026-04-15T19:27:39.3645313"
1722,"MT-01722",46,43,1722,9,9,"High","Closed","Xu ly su co ERR-01722","Len lich kiem tra thiet bi theo log van hanh va muc do anh huong cua tram.","2026-04-24T22:27:39.3645313","2026-04-26T20:27:39.3645313"
1723,"MT-01723",46,44,1723,9,9,"Low","Closed","Xu ly su co ERR-01723","Len lich kiem tra thiet bi theo log van hanh va muc do anh huong cua tram.","2026-05-05T22:27:39.3645313","2026-05-07T21:27:39.3645313"
1724,"MT-01724",50,45,1724,9,9,"Low","Closed","Xu ly su co ERR-01724","Len lich kiem tra thiet bi theo log van hanh va muc do anh huong cua tram.","2026-05-16T22:27:39.3645313","2026-05-18T22:27:39.3645313"
1725,"MT-01725",50,46,1725,9,9,"Medium","Closed","Xu ly su co ERR-01725","Len lich kiem tra thiet bi theo log van hanh va muc do anh huong cua tram.","2026-05-27T22:27:39.3645313","2026-05-29T23:27:39.3645313"
1726,"MT-01726",52,47,1726,9,9,"Low","Closed","Xu ly su co ERR-01726","Len lich kiem tra thiet bi theo log van hanh va muc do anh huong cua tram.","2024-06-07T22:27:39.3645313","2024-06-10T00:27:39.3645313"
1727,"MT-01727",52,48,1727,9,9,"Low","Closed","Xu ly su co ERR-01727","Len lich kiem tra thiet bi theo log van hanh va muc do anh huong cua tram.","2024-06-18T22:27:39.3645313","2024-06-21T01:27:39.3645313"
1728,"MT-01728",55,49,1728,9,9,"Medium","InProgress","Xu ly su co ERR-01728","Len lich kiem tra thiet bi theo log van hanh va muc do anh huong cua tram.","2024-06-29T22:27:39.3645313",
1729,"MT-01729",55,50,1729,9,9,"High","Closed","Xu ly su co ERR-01729","Len lich kiem tra thiet bi theo log van hanh va muc do anh huong cua tram.","2024-07-10T22:27:39.3645313","2024-07-11T03:27:39.3645313"
1730,"MT-01730",57,51,1730,9,9,"Low","Closed","Xu ly su co ERR-01730","Len lich kiem tra thiet bi theo log van hanh va muc do anh huong cua tram.","2024-07-21T22:27:39.3645313","2024-07-22T04:27:39.3645313"
1731,"MT-01731",57,52,1731,9,9,"Medium","Closed","Xu ly su co ERR-01731","Len lich kiem tra thiet bi theo log van hanh va muc do anh huong cua tram.","2024-08-01T22:27:39.3645313","2024-08-02T05:27:39.3645313"
1732,"MT-01732",60,53,1732,9,9,"Low","Closed","Xu ly su co ERR-01732","Len lich kiem tra thiet bi theo log van hanh va muc do anh huong cua tram.","2024-08-12T22:27:39.3645313","2024-08-13T06:27:39.3645313"
1733,"MT-01733",60,54,1733,9,9,"Low","Closed","Xu ly su co ERR-01733","Len lich kiem tra thiet bi theo log van hanh va muc do anh huong cua tram.","2024-08-23T22:27:39.3645313","2024-08-24T07:27:39.3645313"
1734,"MT-01734",62,55,1734,9,9,"Critical","Closed","Xu ly su co ERR-01734","Len lich kiem tra thiet bi theo log van hanh va muc do anh huong cua tram.","2024-09-03T22:27:39.3645313","2024-09-04T08:27:39.3645313"
1735,"MT-01735",62,56,1735,9,9,"Low","Closed","Xu ly su co ERR-01735","Len lich kiem tra thiet bi theo log van hanh va muc do anh huong cua tram.","2024-09-14T22:27:39.3645313","2024-09-15T09:27:39.3645313"
1736,"MT-01736",65,57,1736,9,9,"High","Closed","Xu ly su co ERR-01736","Len lich kiem tra thiet bi theo log van hanh va muc do anh huong cua tram.","2024-09-25T22:27:39.3645313","2024-09-26T10:27:39.3645313"
1737,"MT-01737",65,58,1737,9,9,"Medium","InProgress","Xu ly su co ERR-01737","Len lich kiem tra thiet bi theo log van hanh va muc do anh huong cua tram.","2024-10-06T22:27:39.3645313",
1738,"MT-01738",67,59,1738,9,9,"Low","Closed","Xu ly su co ERR-01738","Len lich kiem tra thiet bi theo log van hanh va muc do anh huong cua tram.","2024-10-17T22:27:39.3645313","2024-10-18T12:27:39.3645313"
1739,"MT-01739",67,60,1739,9,9,"Low","Closed","Xu ly su co ERR-01739","Len lich kiem tra thiet bi theo log van hanh va muc do anh huong cua tram.","2024-10-28T22:27:39.3645313","2024-10-29T13:27:39.3645313"
1740,"MT-01740",70,61,1740,9,9,"Medium","Closed","Xu ly su co ERR-01740","Len lich kiem tra thiet bi theo log van hanh va muc do anh huong cua tram.","2024-11-08T22:27:39.3645313","2024-11-09T14:27:39.3645313"
1741,"MT-01741",70,62,1741,9,9,"Low","Closed","Xu ly su co ERR-01741","Len lich kiem tra thiet bi theo log van hanh va muc do anh huong cua tram.","2024-11-19T22:27:39.3645313","2024-11-20T15:27:39.3645313"
1742,"MT-01742",73,63,1742,9,9,"Low","Closed","Xu ly su co ERR-01742","Len lich kiem tra thiet bi theo log van hanh va muc do anh huong cua tram.","2024-11-30T22:27:39.3645313","2024-12-01T16:27:39.3645313"
1743,"MT-01743",73,64,1743,9,9,"High","Closed","Xu ly su co ERR-01743","Len lich kiem tra thiet bi theo log van hanh va muc do anh huong cua tram.","2024-12-11T22:27:39.3645313","2024-12-12T17:27:39.3645313"
1744,"MT-01744",75,65,1744,9,9,"Low","Closed","Xu ly su co ERR-01744","Len lich kiem tra thiet bi theo log van hanh va muc do anh huong cua tram.","2024-12-22T22:27:39.3645313","2024-12-23T18:27:39.3645313"
1745,"MT-01745",75,66,1745,9,9,"Low","Closed","Xu ly su co ERR-01745","Len lich kiem tra thiet bi theo log van hanh va muc do anh huong cua tram.","2025-01-02T22:27:39.3645313","2025-01-03T19:27:39.3645313"
1746,"MT-01746",76,67,1746,9,9,"Medium","InProgress","Xu ly su co ERR-01746","Len lich kiem tra thiet bi theo log van hanh va muc do anh huong cua tram.","2025-01-13T22:27:39.3645313",
1747,"MT-01747",76,68,1747,9,9,"Low","Closed","Xu ly su co ERR-01747","Len lich kiem tra thiet bi theo log van hanh va muc do anh huong cua tram.","2025-01-24T22:27:39.3645313","2025-01-25T21:27:39.3645313"
1748,"MT-01748",78,69,1748,9,9,"Low","Closed","Xu ly su co ERR-01748","Len lich kiem tra thiet bi theo log van hanh va muc do anh huong cua tram.","2025-02-04T22:27:39.3645313","2025-02-05T22:27:39.3645313"
1749,"MT-01749",78,70,1749,9,9,"Medium","Closed","Xu ly su co ERR-01749","Len lich kiem tra thiet bi theo log van hanh va muc do anh huong cua tram.","2025-02-15T22:27:39.3645313","2025-02-16T23:27:39.3645313"
1750,"MT-01750",81,71,1750,9,9,"High","Closed","Xu ly su co ERR-01750","Len lich kiem tra thiet bi theo log van hanh va muc do anh huong cua tram.","2025-02-26T22:27:39.3645313","2025-02-28T00:27:39.3645313"
1751,"MT-01751",81,72,1751,9,9,"Critical","Closed","Xu ly su co ERR-01751","Len lich kiem tra thiet bi theo log van hanh va muc do anh huong cua tram.","2025-03-09T22:27:39.3645313","2025-03-11T01:27:39.3645313"
1752,"MT-01752",83,73,1752,9,9,"Medium","Closed","Xu ly su co ERR-01752","Len lich kiem tra thiet bi theo log van hanh va muc do anh huong cua tram.","2025-03-20T22:27:39.3645313","2025-03-22T02:27:39.3645313"
1753,"MT-01753",83,74,1753,9,9,"Low","Closed","Xu ly su co ERR-01753","Len lich kiem tra thiet bi theo log van hanh va muc do anh huong cua tram.","2025-03-31T22:27:39.3645313","2025-04-02T03:27:39.3645313"
1754,"MT-01754",85,75,1754,9,9,"Low","Closed","Xu ly su co ERR-01754","Len lich kiem tra thiet bi theo log van hanh va muc do anh huong cua tram.","2025-04-11T22:27:39.3645313","2025-04-13T04:27:39.3645313"
1755,"MT-01755",85,76,1755,9,9,"Medium","InProgress","Xu ly su co ERR-01755","Len lich kiem tra thiet bi theo log van hanh va muc do anh huong cua tram.","2025-04-22T22:27:39.3645313",
1756,"MT-01756",87,77,1756,9,9,"Low","Closed","Xu ly su co ERR-01756","Len lich kiem tra thiet bi theo log van hanh va muc do anh huong cua tram.","2025-05-03T22:27:39.3645313","2025-05-05T06:27:39.3645313"
1757,"MT-01757",87,78,1757,9,9,"High","Closed","Xu ly su co ERR-01757","Len lich kiem tra thiet bi theo log van hanh va muc do anh huong cua tram.","2025-05-14T22:27:39.3645313","2025-05-16T07:27:39.3645313"
1758,"MT-01758",91,79,1758,9,9,"Medium","Closed","Xu ly su co ERR-01758","Len lich kiem tra thiet bi theo log van hanh va muc do anh huong cua tram.","2025-05-25T22:27:39.3645313","2025-05-27T08:27:39.3645313"
1759,"MT-01759",91,80,1759,9,9,"Low","Closed","Xu ly su co ERR-01759","Len lich kiem tra thiet bi theo log van hanh va muc do anh huong cua tram.","2025-06-05T22:27:39.3645313","2025-06-07T09:27:39.3645313"
1760,"MT-01760",93,81,1760,9,9,"Low","Closed","Xu ly su co ERR-01760","Len lich kiem tra thiet bi theo log van hanh va muc do anh huong cua tram.","2025-06-16T22:27:39.3645313","2025-06-18T10:27:39.3645313"
1761,"MT-01761",93,82,1761,9,9,"Medium","Closed","Xu ly su co ERR-01761","Len lich kiem tra thiet bi theo log van hanh va muc do anh huong cua tram.","2025-06-27T22:27:39.3645313","2025-06-29T11:27:39.3645313"
1762,"MT-01762",95,83,1762,9,9,"Low","Closed","Xu ly su co ERR-01762","Len lich kiem tra thiet bi theo log van hanh va muc do anh huong cua tram.","2025-07-08T22:27:39.3645313","2025-07-10T12:27:39.3645313"
1763,"MT-01763",95,84,1763,9,9,"Low","Closed","Xu ly su co ERR-01763","Len lich kiem tra thiet bi theo log van hanh va muc do anh huong cua tram.","2025-07-19T22:27:39.3645313","2025-07-21T13:27:39.3645313"
1764,"MT-01764",97,85,1764,9,9,"High","InProgress","Xu ly su co ERR-01764","Len lich kiem tra thiet bi theo log van hanh va muc do anh huong cua tram.","2025-07-30T22:27:39.3645313",
1765,"MT-01765",97,86,1765,9,9,"Low","Closed","Xu ly su co ERR-01765","Len lich kiem tra thiet bi theo log van hanh va muc do anh huong cua tram.","2025-08-10T22:27:39.3645313","2025-08-12T15:27:39.3645313"
1766,"MT-01766",99,87,1766,9,9,"Low","Closed","Xu ly su co ERR-01766","Len lich kiem tra thiet bi theo log van hanh va muc do anh huong cua tram.","2025-08-21T22:27:39.3645313","2025-08-23T16:27:39.3645313"
1767,"MT-01767",99,88,1767,9,9,"Medium","Closed","Xu ly su co ERR-01767","Len lich kiem tra thiet bi theo log van hanh va muc do anh huong cua tram.","2025-09-01T22:27:39.3645313","2025-09-03T17:27:39.3645313"
1768,"MT-01768",100,89,1768,9,9,"Critical","Closed","Xu ly su co ERR-01768","Len lich kiem tra thiet bi theo log van hanh va muc do anh huong cua tram.","2025-09-12T22:27:39.3645313","2025-09-14T18:27:39.3645313"
1769,"MT-01769",100,90,1769,9,9,"Low","Closed","Xu ly su co ERR-01769","Len lich kiem tra thiet bi theo log van hanh va muc do anh huong cua tram.","2025-09-23T22:27:39.3645313","2025-09-25T19:27:39.3645313"
1770,"MT-01770",100,91,1770,9,9,"Medium","Closed","Xu ly su co ERR-01770","Len lich kiem tra thiet bi theo log van hanh va muc do anh huong cua tram.","2025-10-04T22:27:39.3645313","2025-10-06T20:27:39.3645313"
1771,"MT-01771",96,92,1771,9,9,"High","Closed","Xu ly su co ERR-01771","Len lich kiem tra thiet bi theo log van hanh va muc do anh huong cua tram.","2025-10-15T22:27:39.3645313","2025-10-17T21:27:39.3645313"
1772,"MT-01772",96,93,1772,9,9,"Low","Closed","Xu ly su co ERR-01772","Len lich kiem tra thiet bi theo log van hanh va muc do anh huong cua tram.","2025-10-26T22:27:39.3645313","2025-10-28T22:27:39.3645313"
1773,"MT-01773",96,94,1773,9,9,"Medium","InProgress","Xu ly su co ERR-01773","Len lich kiem tra thiet bi theo log van hanh va muc do anh huong cua tram.","2025-11-06T22:27:39.3645313",
1774,"MT-01774",94,95,1774,9,9,"Low","Closed","Xu ly su co ERR-01774","Len lich kiem tra thiet bi theo log van hanh va muc do anh huong cua tram.","2025-11-17T22:27:39.3645313","2025-11-20T00:27:39.3645313"
1775,"MT-01775",94,96,1775,9,9,"Low","Closed","Xu ly su co ERR-01775","Len lich kiem tra thiet bi theo log van hanh va muc do anh huong cua tram.","2025-11-28T22:27:39.3645313","2025-12-01T01:27:39.3645313"
1776,"MT-01776",94,97,1776,9,9,"Medium","Closed","Xu ly su co ERR-01776","Len lich kiem tra thiet bi theo log van hanh va muc do anh huong cua tram.","2025-12-09T22:27:39.3645313","2025-12-10T02:27:39.3645313"
1777,"MT-01777",92,98,1777,9,9,"Low","Closed","Xu ly su co ERR-01777","Len lich kiem tra thiet bi theo log van hanh va muc do anh huong cua tram.","2025-12-20T22:27:39.3645313","2025-12-21T03:27:39.3645313"
1778,"MT-01778",92,99,1778,9,9,"High","Closed","Xu ly su co ERR-01778","Len lich kiem tra thiet bi theo log van hanh va muc do anh huong cua tram.","2025-12-31T22:27:39.3645313","2026-01-01T04:27:39.3645313"
1779,"MT-01779",92,100,1779,9,9,"Medium","Closed","Xu ly su co ERR-01779","Len lich kiem tra thiet bi theo log van hanh va muc do anh huong cua tram.","2026-01-11T22:27:39.3645313","2026-01-12T05:27:39.3645313"
1780,"MT-01780",69,101,1780,9,9,"Low","Closed","Xu ly su co ERR-01780","Len lich kiem tra thiet bi theo log van hanh va muc do anh huong cua tram.","2026-01-22T22:27:39.3645313","2026-01-23T06:27:39.3645313"
1781,"MT-01781",69,102,1781,9,9,"Low","Closed","Xu ly su co ERR-01781","Len lich kiem tra thiet bi theo log van hanh va muc do anh huong cua tram.","2026-02-02T22:27:39.3645313","2026-02-03T07:27:39.3645313"
1782,"MT-01782",69,103,1782,9,9,"Medium","InProgress","Xu ly su co ERR-01782","Len lich kiem tra thiet bi theo log van hanh va muc do anh huong cua tram.","2026-02-13T22:27:39.3645313",
1783,"MT-01783",90,104,1783,9,9,"Low","Closed","Xu ly su co ERR-01783","Len lich kiem tra thiet bi theo log van hanh va muc do anh huong cua tram.","2026-02-24T22:27:39.3645313","2026-02-25T09:27:39.3645313"
1784,"MT-01784",90,105,1784,9,9,"Low","Closed","Xu ly su co ERR-01784","Len lich kiem tra thiet bi theo log van hanh va muc do anh huong cua tram.","2026-03-07T22:27:39.3645313","2026-03-08T10:27:39.3645313"
1785,"MT-01785",90,106,1785,9,9,"Critical","Closed","Xu ly su co ERR-01785","Len lich kiem tra thiet bi theo log van hanh va muc do anh huong cua tram.","2026-03-18T22:27:39.3645313","2026-03-19T11:27:39.3645313"
1786,"MT-01786",88,107,1786,9,9,"Low","Closed","Xu ly su co ERR-01786","Len lich kiem tra thiet bi theo log van hanh va muc do anh huong cua tram.","2026-03-29T22:27:39.3645313","2026-03-30T12:27:39.3645313"
1787,"MT-01787",88,108,1787,9,9,"Low","Closed","Xu ly su co ERR-01787","Len lich kiem tra thiet bi theo log van hanh va muc do anh huong cua tram.","2026-04-09T22:27:39.3645313","2026-04-10T13:27:39.3645313"
1788,"MT-01788",88,109,1788,9,9,"Medium","Closed","Xu ly su co ERR-01788","Len lich kiem tra thiet bi theo log van hanh va muc do anh huong cua tram.","2026-04-20T22:27:39.3645313","2026-04-21T14:27:39.3645313"
1789,"MT-01789",86,110,1789,9,9,"Low","Closed","Xu ly su co ERR-01789","Len lich kiem tra thiet bi theo log van hanh va muc do anh huong cua tram.","2026-05-01T22:27:39.3645313","2026-05-02T15:27:39.3645313"
1790,"MT-01790",86,111,1790,9,9,"Low","Closed","Xu ly su co ERR-01790","Len lich kiem tra thiet bi theo log van hanh va muc do anh huong cua tram.","2026-05-12T22:27:39.3645313","2026-05-13T16:27:39.3645313"
1791,"MT-01791",86,112,1791,9,9,"Medium","InProgress","Xu ly su co ERR-01791","Len lich kiem tra thiet bi theo log van hanh va muc do anh huong cua tram.","2026-05-23T22:27:39.3645313",
1792,"MT-01792",84,113,1792,9,9,"High","Closed","Xu ly su co ERR-01792","Len lich kiem tra thiet bi theo log van hanh va muc do anh huong cua tram.","2024-06-03T22:27:39.3645313","2024-06-04T18:27:39.3645313"
1793,"MT-01793",84,114,1793,9,9,"Low","Closed","Xu ly su co ERR-01793","Len lich kiem tra thiet bi theo log van hanh va muc do anh huong cua tram.","2024-06-14T22:27:39.3645313","2024-06-15T19:27:39.3645313"
1794,"MT-01794",84,115,1794,9,9,"Medium","Closed","Xu ly su co ERR-01794","Len lich kiem tra thiet bi theo log van hanh va muc do anh huong cua tram.","2024-06-25T22:27:39.3645313","2024-06-26T20:27:39.3645313"
1795,"MT-01795",82,116,1795,9,9,"Low","Closed","Xu ly su co ERR-01795","Len lich kiem tra thiet bi theo log van hanh va muc do anh huong cua tram.","2024-07-06T22:27:39.3645313","2024-07-07T21:27:39.3645313"
1796,"MT-01796",82,117,1796,9,9,"Low","Closed","Xu ly su co ERR-01796","Len lich kiem tra thiet bi theo log van hanh va muc do anh huong cua tram.","2024-07-17T22:27:39.3645313","2024-07-18T22:27:39.3645313"
1797,"MT-01797",82,118,1797,9,9,"Medium","Closed","Xu ly su co ERR-01797","Len lich kiem tra thiet bi theo log van hanh va muc do anh huong cua tram.","2024-07-28T22:27:39.3645313","2024-07-29T23:27:39.3645313"
1798,"MT-01798",79,119,1798,9,9,"Low","Closed","Xu ly su co ERR-01798","Len lich kiem tra thiet bi theo log van hanh va muc do anh huong cua tram.","2024-08-08T22:27:39.3645313","2024-08-10T00:27:39.3645313"
1799,"MT-01799",79,120,1799,9,9,"High","Closed","Xu ly su co ERR-01799","Len lich kiem tra thiet bi theo log van hanh va muc do anh huong cua tram.","2024-08-19T22:27:39.3645313","2024-08-21T01:27:39.3645313"
1800,"MT-01800",79,121,1800,9,9,"Medium","InProgress","Xu ly su co ERR-01800","Len lich kiem tra thiet bi theo log van hanh va muc do anh huong cua tram.","2024-08-30T22:27:39.3645313",
