ErrorID,ErrorCode,StationID,PointID,Severity,Description,OccurredAt,ResolvedAt,ResolvedBy,IsActive
1,"ERR-00001",1,2,"Low","Can hieu chuan lai cam bien trang thai dau sac","2024-06-12T22:27:39.3645313","2024-06-13T03:27:39.3645313",9,0
2,"ERR-00002",3,3,"Low","Can hieu chuan lai cam bien trang thai dau sac","2024-06-23T22:27:39.3645313","2024-06-24T04:27:39.3645313",10,0
3,"ERR-00003",3,4,"Medium","Dong dien dao dong bat thuong trong gio cao diem","2024-07-04T22:27:39.3645313","2024-07-05T05:27:39.3645313",11,0
4,"ERR-00004",5,5,"Low","Can hieu chuan lai cam bien trang thai dau sac","2024-07-15T22:27:39.3645313","2024-07-16T06:27:39.3645313",12,0
5,"ERR-00005",5,6,"Low","Can hieu chuan lai cam bien trang thai dau sac","2024-07-26T22:27:39.3645313","2024-07-27T07:27:39.3645313",13,0
6,"ERR-00006",6,7,"Medium","Dong dien dao dong bat thuong trong gio cao diem","2024-08-06T22:27:39.3645313","2024-08-07T08:27:39.3645313",14,0
7,"ERR-00007",6,8,"High","Mat ket noi voi bo dieu khien cong sac","2024-08-17T22:27:39.3645313","2024-08-18T09:27:39.3645313",15,0
8,"ERR-00008",10,9,"Low","Can hieu chuan lai cam bien trang thai dau sac","2024-08-28T22:27:39.3645313","2024-08-29T10:27:39.3645313",16,0
9,"ERR-00009",10,10,"Medium","Dong dien dao dong bat thuong trong gio cao diem","2024-09-08T22:27:39.3645313",,,1
10,"ERR-00010",12,11,"Low","Can hieu chuan lai cam bien trang thai dau sac","2024-09-19T22:27:39.3645313","2024-09-20T12:27:39.3645313",18,0
11,"ERR-00011",12,12,"Low","Can hieu chuan lai cam bien trang thai dau sac","2024-09-30T22:27:39.3645313","2024-10-01T13:27:39.3645313",19,0
12,"ERR-00012",14,13,"Medium","Dong dien dao dong bat thuong trong gio cao diem","2024-10-11T22:27:39.3645313","2024-10-12T14:27:39.3645313",20,0
13,"ERR-00013",14,14,"Low","Can hieu chuan lai cam bien trang thai dau sac","2024-10-22T22:27:39.3645313","2024-10-23T15:27:39.3645313",21,0
14,"ERR-00014",16,15,"High","Mat ket noi voi bo dieu khien cong sac","2024-11-02T22:27:39.3645313","2024-11-03T16:27:39.3645313",22,0
15,"ERR-00015",16,16,"Medium","Dong dien dao dong bat thuong trong gio cao diem","2024-11-13T22:27:39.3645313","2024-11-14T17:27:39.3645313",23,0
16,"ERR-00016",18,17,"Low","Can hieu chuan lai cam bien trang thai dau sac","2024-11-24T22:27:39.3645313","2024-11-25T18:27:39.3645313",24,0
17,"ERR-00017",18,18,"Critical","Nhiet do dau sac vuot nguong, tam dung phien sac de kiem tra","2024-12-05T22:27:39.3645313","2024-12-06T19:27:39.3645313",25,0
18,"ERR-00018",21,19,"Medium","Dong dien dao dong bat thuong trong gio cao diem","2024-12-16T22:27:39.3645313",,,1
19,"ERR-00019",21,20,"Low","Can hieu chuan lai cam bien trang thai dau sac","2024-12-27T22:27:39.3645313","2024-12-28T21:27:39.3645313",27,0
20,"ERR-00020",23,21,"Low","Can hieu chuan lai cam bien trang thai dau sac","2025-01-07T22:27:39.3645313","2025-01-08T22:27:39.3645313",28,0
21,"ERR-00021",23,22,"High","Mat ket noi voi bo dieu khien cong sac","2025-01-18T22:27:39.3645313","2025-01-19T23:27:39.3645313",29,0
22,"ERR-00022",24,23,"Low","Can hieu chuan lai cam bien trang thai dau sac","2025-01-29T22:27:39.3645313","2025-01-31T00:27:39.3645313",30,0
23,"ERR-00023",24,24,"Low","Can hieu chuan lai cam bien trang thai dau sac","2025-02-09T22:27:39.3645313","2025-02-11T01:27:39.3645313",31,0
24,"ERR-00024",26,25,"Medium","Dong dien dao dong bat thuong trong gio cao diem","2025-02-20T22:27:39.3645313","2025-02-22T02:27:39.3645313",32,0
25,"ERR-00025",26,26,"Low","Can hieu chuan lai cam bien trang thai dau sac","2025-03-03T22:27:39.3645313","2025-03-05T03:27:39.3645313",33,0
26,"ERR-00026",30,27,"Low","Can hieu chuan lai cam bien trang thai dau sac","2025-03-14T22:27:39.3645313","2025-03-16T04:27:39.3645313",34,0
27,"ERR-00027",30,28,"Medium","Dong dien dao dong bat thuong trong gio cao diem","2025-03-25T22:27:39.3645313",,,1
28,"ERR-00028",32,29,"High","Mat ket noi voi bo dieu khien cong sac","2025-04-05T22:27:39.3645313","2025-04-07T06:27:39.3645313",36,0
29,"ERR-00029",32,30,"Low","Can hieu chuan lai cam bien trang thai dau sac","2025-04-16T22:27:39.3645313","2025-04-18T07:27:39.3645313",9,0
30,"ERR-00030",34,31,"Medium","Dong dien dao dong bat thuong trong gio cao diem","2025-04-27T22:27:39.3645313","2025-04-29T08:27:39.3645313",10,0
31,"ERR-00031",34,32,"Low","Can hieu chuan lai cam bien trang thai dau sac","2025-05-08T22:27:39.3645313","2025-05-10T09:27:39.3645313",11,0
32,"ERR-00032",35,33,"Low","Can hieu chuan lai cam bien trang thai dau sac","2025-05-19T22:27:39.3645313","2025-05-21T10:27:39.3645313",12,0
33,"ERR-00033",35,34,"Medium","Dong dien dao dong bat thuong trong gio cao diem","2025-05-30T22:27:39.3645313","2025-06-01T11:27:39.3645313",13,0
34,"ERR-00034",37,35,"Critical","Nhiet do dau sac vuot nguong, tam dung phien sac de kiem tra","2025-06-10T22:27:39.3645313","2025-06-12T12:27:39.3645313",14,0
35,"ERR-00035",37,36,"High","Mat ket noi voi bo dieu khien cong sac","2025-06-21T22:27:39.3645313","2025-06-23T13:27:39.3645313",15,0
36,"ERR-00036",39,37,"Medium","Dong dien dao dong bat thuong trong gio cao diem","2025-07-02T22:27:39.3645313",,,1
37,"ERR-00037",39,38,"Low","Can hieu chuan lai cam bien trang thai dau sac","2025-07-13T22:27:39.3645313","2025-07-15T15:27:39.3645313",17,0
38,"ERR-00038",42,39,"Low","Can hieu chuan lai cam bien trang thai dau sac","2025-07-24T22:27:39.3645313","2025-07-26T16:27:39.3645313",18,0
39,"ERR-00039",42,40,"Medium","Dong dien dao dong bat thuong trong gio cao diem","2025-08-04T22:27:39.3645313","2025-08-06T17:27:39.3645313",19,0
40,"ERR-00040",44,41,"Low","Can hieu chuan lai cam bien trang thai dau sac","2025-08-15T22:27:39.3645313","2025-08-17T18:27:39.3645313",20,0
41,"ERR-00041",44,42,"Low","Can hieu chuan lai cam bien trang thai dau sac","2025-08-26T22:27:39.3645313","2025-08-28T19:27:39.3645313",21,0
42,"ERR-00042",46,43,"High","Mat ket noi voi bo dieu khien cong sac","2025-09-06T22:27:39.3645313","2025-09-08T20:27:39.3645313",22,0
43,"ERR-00043",46,44,"Low","Can hieu chuan lai cam bien trang thai dau sac","2025-09-17T22:27:39.3645313","2025-09-19T21:27:39.3645313",23,0
44,"ERR-00044",50,45,"Low","Can hieu chuan lai cam bien trang thai dau sac","2025-09-28T22:27:39.3645313","2025-09-30T22:27:39.3645313",24,0
45,"ERR-00045",50,46,"Medium","Dong dien dao dong bat thuong trong gio cao diem","2025-10-09T22:27:39.3645313",,,1
46,"ERR-00046",52,47,"Low","Can hieu chuan lai cam bien trang thai dau sac","2025-10-20T22:27:39.3645313","2025-10-23T00:27:39.3645313",26,0
47,"ERR-00047",52,48,"Low","Can hieu chuan lai cam bien trang thai dau sac","2025-10-31T22:27:39.3645313","2025-11-03T01:27:39.3645313",27,0
48,"ERR-00048",55,49,"Medium","Dong dien dao dong bat thuong trong gio cao diem","2025-11-11T22:27:39.3645313","2025-11-12T02:27:39.3645313",28,0
49,"ERR-00049",55,50,"High","Mat ket noi voi bo dieu khien cong sac","2025-11-22T22:27:39.3645313","2025-11-23T03:27:39.3645313",29,0
50,"ERR-00050",57,51,"Low","Can hieu chuan lai cam bien trang thai dau sac","2025-12-03T22:27:39.3645313","2025-12-04T04:27:39.3645313",30,0
51,"ERR-00051",57,52,"Critical","Nhiet do dau sac vuot nguong, tam dung phien sac de kiem tra","2025-12-14T22:27:39.3645313","2025-12-15T05:27:39.3645313",31,0
52,"ERR-00052",60,53,"Low","Can hieu chuan lai cam bien trang thai dau sac","2025-12-25T22:27:39.3645313","2025-12-26T06:27:39.3645313",32,0
53,"ERR-00053",60,54,"Low","Can hieu chuan lai cam bien trang thai dau sac","2026-01-05T22:27:39.3645313","2026-01-06T07:27:39.3645313",33,0
54,"ERR-00054",62,55,"Medium","Dong dien dao dong bat thuong trong gio cao diem","2026-01-16T22:27:39.3645313",,,1
55,"ERR-00055",62,56,"Low","Can hieu chuan lai cam bien trang thai dau sac","2026-01-27T22:27:39.3645313","2026-01-28T09:27:39.3645313",35,0
56,"ERR-00056",65,57,"High","Mat ket noi voi bo dieu khien cong sac","2026-02-07T22:27:39.3645313","2026-02-08T10:27:39.3645313",36,0
57,"ERR-00057",65,58,"Medium","Dong dien dao dong bat thuong trong gio cao diem","2026-02-18T22:27:39.3645313","2026-02-19T11:27:39.3645313",9,0
58,"ERR-00058",67,59,"Low","Can hieu chuan lai cam bien trang thai dau sac","2026-03-01T22:27:39.3645313","2026-03-02T12:27:39.3645313",10,0
59,"ERR-00059",67,60,"Low","Can hieu chuan lai cam bien trang thai dau sac","2026-03-12T22:27:39.3645313","2026-03-13T13:27:39.3645313",11,0
60,"ERR-00060",70,61,"Medium","Dong dien dao dong bat thuong trong gio cao diem","2026-03-23T22:27:39.3645313","2026-03-24T14:27:39.3645313",12,0
61,"ERR-00061",70,62,"Low","Can hieu chuan lai cam bien trang thai dau sac","2026-04-03T22:27:39.3645313","2026-04-04T15:27:39.3645313",13,0
62,"ERR-00062",73,63,"Low","Can hieu chuan lai cam bien trang thai dau sac","2026-04-14T22:27:39.3645313","2026-04-15T16:27:39.3645313",14,0
63,"ERR-00063",73,64,"High","Mat ket noi voi bo dieu khien cong sac","2026-04-25T22:27:39.3645313",,,1
64,"ERR-00064",75,65,"Low","Can hieu chuan lai cam bien trang thai dau sac","2026-05-06T22:27:39.3645313","2026-05-07T18:27:39.3645313",16,0
65,"ERR-00065",75,66,"Low","Can hieu chuan lai cam bien trang thai dau sac","2026-05-17T22:27:39.3645313","2026-05-18T19:27:39.3645313",17,0
66,"ERR-00066",76,67,"Medium","Dong dien dao dong bat thuong trong gio cao diem","2026-05-28T22:27:39.3645313","2026-05-29T20:27:39.3645313",18,0
67,"ERR-00067",76,68,"Low","Can hieu chuan lai cam bien trang thai dau sac","2024-06-08T22:27:39.3645313","2024-06-09T21:27:39.3645313",19,0
68,"ERR-00068",78,69,"Critical","Nhiet do dau sac vuot nguong, tam dung phien sac de kiem tra","2024-06-19T22:27:39.3645313","2024-06-20T22:27:39.3645313",20,0
69,"ERR-00069",78,70,"Medium","Dong dien dao dong bat thuong trong gio cao diem","2024-06-30T22:27:39.3645313","2024-07-01T23:27:39.3645313",21,0
70,"ERR-00070",81,71,"High","Mat ket noi voi bo dieu khien cong sac","2024-07-11T22:27:39.3645313","2024-07-13T00:27:39.3645313",22,0
71,"ERR-00071",81,72,"Low","Can hieu chuan lai cam bien trang thai dau sac","2024-07-22T22:27:39.3645313","2024-07-24T01:27:39.3645313",23,0
72,"ERR-00072",83,73,"Medium","Dong dien dao dong bat thuong trong gio cao diem","2024-08-02T22:27:39.3645313",,,1
73,"ERR-00073",83,74,"Low","Can hieu chuan lai cam bien trang thai dau sac","2024-08-13T22:27:39.3645313","2024-08-15T03:27:39.3645313",25,0
74,"ERR-00074",85,75,"Low","Can hieu chuan lai cam bien trang thai dau sac","2024-08-24T22:27:39.3645313","2024-08-26T04:27:39.3645313",26,0
75,"ERR-00075",85,76,"Medium","Dong dien dao dong bat thuong trong gio cao diem","2024-09-04T22:27:39.3645313","2024-09-06T05:27:39.3645313",27,0
76,"ERR-00076",87,77,"Low","Can hieu chuan lai cam bien trang thai dau sac","2024-09-15T22:27:39.3645313","2024-09-17T06:27:39.3645313",28,0
77,"ERR-00077",87,78,"High","Mat ket noi voi bo dieu khien cong sac","2024-09-26T22:27:39.3645313","2024-09-28T07:27:39.3645313",29,0
78,"ERR-00078",91,79,"Medium","Dong dien dao dong bat thuong trong gio cao diem","2024-10-07T22:27:39.3645313","2024-10-09T08:27:39.3645313",30,0
79,"ERR-00079",91,80,"Low","Can hieu chuan lai cam bien trang thai dau sac","2024-10-18T22:27:39.3645313","2024-10-20T09:27:39.3645313",31,0
80,"ERR-00080",93,81,"Low","Can hieu chuan lai cam bien trang thai dau sac","2024-10-29T22:27:39.3645313","2024-10-31T10:27:39.3645313",32,0
81,"ERR-00081",93,82,"Medium","Dong dien dao dong bat thuong trong gio cao diem","2024-11-09T22:27:39.3645313",,,1
82,"ERR-00082",95,83,"Low","Can hieu chuan lai cam bien trang thai dau sac","2024-11-20T22:27:39.3645313","2024-11-22T12:27:39.3645313",34,0
83,"ERR-00083",95,84,"Low","Can hieu chuan lai cam bien trang thai dau sac","2024-12-01T22:27:39.3645313","2024-12-03T13:27:39.3645313",35,0
84,"ERR-00084",97,85,"High","Mat ket noi voi bo dieu khien cong sac","2024-12-12T22:27:39.3645313","2024-12-14T14:27:39.3645313",36,0
85,"ERR-00085",97,86,"Critical","Nhiet do dau sac vuot nguong, tam dung phien sac de kiem tra","2024-12-23T22:27:39.3645313","2024-12-25T15:27:39.3645313",9,0
86,"ERR-00086",99,87,"Low","Can hieu chuan lai cam bien trang thai dau sac","2025-01-03T22:27:39.3645313","2025-01-05T16:27:39.3645313",10,0
87,"ERR-00087",99,88,"Medium","Dong dien dao dong bat thuong trong gio cao diem","2025-01-14T22:27:39.3645313","2025-01-16T17:27:39.3645313",11,0
88,"ERR-00088",100,89,"Low","Can hieu chuan lai cam bien trang thai dau sac","2025-01-25T22:27:39.3645313","2025-01-27T18:27:39.3645313",12,0
89,"ERR-00089",100,90,"Low","Can hieu chuan lai cam bien trang thai dau sac","2025-02-05T22:27:39.3645313","2025-02-07T19:27:39.3645313",13,0
90,"ERR-00090",100,91,"Medium","Dong dien dao dong bat thuong trong gio cao diem","2025-02-16T22:27:39.3645313",,,1
91,"ERR-00091",96,92,"High","Mat ket noi voi bo dieu khien cong sac","2025-02-27T22:27:39.3645313","2025-03-01T21:27:39.3645313",15,0
92,"ERR-00092",96,93,"Low","Can hieu chuan lai cam bien trang thai dau sac","2025-03-10T22:27:39.3645313","2025-03-12T22:27:39.3645313",16,0
93,"ERR-00093",96,94,"Medium","Dong dien dao dong bat thuong trong gio cao diem","2025-03-21T22:27:39.3645313","2025-03-23T23:27:39.3645313",17,0
94,"ERR-00094",94,95,"Low","Can hieu chuan lai cam bien trang thai dau sac","2025-04-01T22:27:39.3645313","2025-04-04T00:27:39.3645313",18,0
95,"ERR-00095",94,96,"Low","Can hieu chuan lai cam bien trang thai dau sac","2025-04-12T22:27:39.3645313","2025-04-15T01:27:39.3645313",19,0
96,"ERR-00096",94,97,"Medium","Dong dien dao dong bat thuong trong gio cao diem","2025-04-23T22:27:39.3645313","2025-04-24T02:27:39.3645313",20,0
97,"ERR-00097",92,98,"Low","Can hieu chuan lai cam bien trang thai dau sac","2025-05-04T22:27:39.3645313","2025-05-05T03:27:39.3645313",21,0
98,"ERR-00098",92,99,"High","Mat ket noi voi bo dieu khien cong sac","2025-05-15T22:27:39.3645313","2025-05-16T04:27:39.3645313",22,0
99,"ERR-00099",92,100,"Medium","Dong dien dao dong bat thuong trong gio cao diem","2025-05-26T22:27:39.3645313",,,1
100,"ERR-00100",69,101,"Low","Can hieu chuan lai cam bien trang thai dau sac","2025-06-06T22:27:39.3645313","2025-06-07T06:27:39.3645313",24,0
101,"ERR-00101",69,102,"Low","Can hieu chuan lai cam bien trang thai dau sac","2025-06-17T22:27:39.3645313","2025-06-18T07:27:39.3645313",25,0
102,"ERR-00102",69,103,"Critical","Nhiet do dau sac vuot nguong, tam dung phien sac de kiem tra","2025-06-28T22:27:39.3645313","2025-06-29T08:27:39.3645313",26,0
103,"ERR-00103",90,104,"Low","Can hieu chuan lai cam bien trang thai dau sac","2025-07-09T22:27:39.3645313","2025-07-10T09:27:39.3645313",27,0
104,"ERR-00104",90,105,"Low","Can hieu chuan lai cam bien trang thai dau sac","2025-07-20T22:27:39.3645313","2025-07-21T10:27:39.3645313",28,0
105,"ERR-00105",90,106,"High","Mat ket noi voi bo dieu khien cong sac","2025-07-31T22:27:39.3645313","2025-08-01T11:27:39.3645313",29,0
106,"ERR-00106",88,107,"Low","Can hieu chuan lai cam bien trang thai dau sac","2025-08-11T22:27:39.3645313","2025-08-12T12:27:39.3645313",30,0
107,"ERR-00107",88,108,"Low","Can hieu chuan lai cam bien trang thai dau sac","2025-08-22T22:27:39.3645313","2025-08-23T13:27:39.3645313",31,0
108,"ERR-00108",88,109,"Medium","Dong dien dao dong bat thuong trong gio cao diem","2025-09-02T22:27:39.3645313",,,1
109,"ERR-00109",86,110,"Low","Can hieu chuan lai cam bien trang thai dau sac","2025-09-13T22:27:39.3645313","2025-09-14T15:27:39.3645313",33,0
110,"ERR-00110",86,111,"Low","Can hieu chuan lai cam bien trang thai dau sac","2025-09-24T22:27:39.3645313","2025-09-25T16:27:39.3645313",34,0
111,"ERR-00111",86,112,"Medium","Dong dien dao dong bat thuong trong gio cao diem","2025-10-05T22:27:39.3645313","2025-10-06T17:27:39.3645313",35,0
112,"ERR-00112",84,113,"High","Mat ket noi voi bo dieu khien cong sac","2025-10-16T22:27:39.3645313","2025-10-17T18:27:39.3645313",36,0
113,"ERR-00113",84,114,"Low","Can hieu chuan lai cam bien trang thai dau sac","2025-10-27T22:27:39.3645313","2025-10-28T19:27:39.3645313",9,0
114,"ERR-00114",84,115,"Medium","Dong dien dao dong bat thuong trong gio cao diem","2025-11-07T22:27:39.3645313","2025-11-08T20:27:39.3645313",10,0
115,"ERR-00115",82,116,"Low","Can hieu chuan lai cam bien trang thai dau sac","2025-11-18T22:27:39.3645313","2025-11-19T21:27:39.3645313",11,0
116,"ERR-00116",82,117,"Low","Can hieu chuan lai cam bien trang thai dau sac","2025-11-29T22:27:39.3645313","2025-11-30T22:27:39.3645313",12,0
117,"ERR-00117",82,118,"Medium","Dong dien dao dong bat thuong trong gio cao diem","2025-12-10T22:27:39.3645313",,,1
118,"ERR-00118",79,119,"Low","Can hieu chuan lai cam bien trang thai dau sac","2025-12-21T22:27:39.3645313","2025-12-23T00:27:39.3645313",14,0
119,"ERR-00119",79,120,"Critical","Nhiet do dau sac vuot nguong, tam dung phien sac de kiem tra","2026-01-01T22:27:39.3645313","2026-01-03T01:27:39.3645313",15,0
120,"ERR-00120",79,121,"Medium","Dong dien dao dong bat thuong trong gio cao diem","2026-01-12T22:27:39.3645313","2026-01-14T02:27:39.3645313",16,0
121,"ERR-00121",77,122,"Low","Can hieu chuan lai cam bien trang thai dau sac","2026-01-23T22:27:39.3645313","2026-01-25T03:27:39.3645313",17,0
122,"ERR-00122",77,123,"Low","Can hieu chuan lai cam bien trang thai dau sac","2026-02-03T22:27:39.3645313","2026-02-05T04:27:39.3645313",18,0
123,"ERR-00123",77,124,"Medium","Dong dien dao dong bat thuong trong gio cao diem","2026-02-14T22:27:39.3645313","2026-02-16T05:27:39.3645313",19,0
124,"ERR-00124",71,125,"Low","Can hieu chuan lai cam bien trang thai dau sac","2026-02-25T22:27:39.3645313","2026-02-27T06:27:39.3645313",20,0
125,"ERR-00125",71,126,"Low","Can hieu chuan lai cam bien trang thai dau sac","2026-03-08T22:27:39.3645313","2026-03-10T07:27:39.3645313",21,0
126,"ERR-00126",71,127,"High","Mat ket noi voi bo dieu khien cong sac","2026-03-19T22:27:39.3645313",,,1
127,"ERR-00127",72,128,"Low","Can hieu chuan lai cam bien trang thai dau sac","2026-03-30T22:27:39.3645313","2026-04-01T09:27:39.3645313",23,0
128,"ERR-00128",72,129,"Low","Can hieu chuan lai cam bien trang thai dau sac","2026-04-10T22:27:39.3645313","2026-04-12T10:27:39.3645313",24,0
129,"ERR-00129",72,130,"Medium","Dong dien dao dong bat thuong trong gio cao diem","2026-04-21T22:27:39.3645313","2026-04-23T11:27:39.3645313",25,0
130,"ERR-00130",66,131,"Low","Can hieu chuan lai cam bien trang thai dau sac","2026-05-02T22:27:39.3645313","2026-05-04T12:27:39.3645313",26,0
131,"ERR-00131",66,132,"Low","Can hieu chuan lai cam bien trang thai dau sac","2026-05-13T22:27:39.3645313","2026-05-15T13:27:39.3645313",27,0
132,"ERR-00132",66,133,"Medium","Dong dien dao dong bat thuong trong gio cao diem","2026-05-24T22:27:39.3645313","2026-05-26T14:27:39.3645313",28,0
133,"ERR-00133",63,134,"High","Mat ket noi voi bo dieu khien cong sac","2024-06-04T22:27:39.3645313","2024-06-06T15:27:39.3645313",29,0
134,"ERR-00134",63,135,"Low","Can hieu chuan lai cam bien trang thai dau sac","2024-06-15T22:27:39.3645313","2024-06-17T16:27:39.3645313",30,0
135,"ERR-00135",63,136,"Medium","Dong dien dao dong bat thuong trong gio cao diem","2024-06-26T22:27:39.3645313",,,1
136,"ERR-00136",64,137,"Critical","Nhiet do dau sac vuot nguong, tam dung phien sac de kiem tra","2024-07-07T22:27:39.3645313","2024-07-09T18:27:39.3645313",32,0
137,"ERR-00137",64,138,"Low","Can hieu chuan lai cam bien trang thai dau sac","2024-07-18T22:27:39.3645313","2024-07-20T19:27:39.3645313",33,0
138,"ERR-00138",64,139,"Medium","Dong dien dao dong bat thuong trong gio cao diem","2024-07-29T22:27:39.3645313","2024-07-31T20:27:39.3645313",34,0
139,"ERR-00139",61,140,"Low","Can hieu chuan lai cam bien trang thai dau sac","2024-08-09T22:27:39.3645313","2024-08-11T21:27:39.3645313",35,0
140,"ERR-00140",61,141,"High","Mat ket noi voi bo dieu khien cong sac","2024-08-20T22:27:39.3645313","2024-08-22T22:27:39.3645313",36,0
141,"ERR-00141",61,142,"Medium","Dong dien dao dong bat thuong trong gio cao diem","2024-08-31T22:27:39.3645313","2024-09-02T23:27:39.3645313",9,0
142,"ERR-00142",58,143,"Low","Can hieu chuan lai cam bien trang thai dau sac","2024-09-11T22:27:39.3645313","2024-09-14T00:27:39.3645313",10,0
143,"ERR-00143",58,144,"Low","Can hieu chuan lai cam bien trang thai dau sac","2024-09-22T22:27:39.3645313","2024-09-25T01:27:39.3645313",11,0
144,"ERR-00144",58,145,"Medium","Dong dien dao dong bat thuong trong gio cao diem","2024-10-03T22:27:39.3645313",,,1
145,"ERR-00145",56,146,"Low","Can hieu chuan lai cam bien trang thai dau sac","2024-10-14T22:27:39.3645313","2024-10-15T03:27:39.3645313",13,0
146,"ERR-00146",56,147,"Low","Can hieu chuan lai cam bien trang thai dau sac","2024-10-25T22:27:39.3645313","2024-10-26T04:27:39.3645313",14,0
147,"ERR-00147",56,148,"High","Mat ket noi voi bo dieu khien cong sac","2024-11-05T22:27:39.3645313","2024-11-06T05:27:39.3645313",15,0
148,"ERR-00148",49,149,"Low","Can hieu chuan lai cam bien trang thai dau sac","2024-11-16T22:27:39.3645313","2024-11-17T06:27:39.3645313",16,0
149,"ERR-00149",49,150,"Low","Can hieu chuan lai cam bien trang thai dau sac","2024-11-27T22:27:39.3645313","2024-11-28T07:27:39.3645313",17,0
150,"ERR-00150",49,151,"Medium","Dong dien dao dong bat thuong trong gio cao diem","2024-12-08T22:27:39.3645313","2024-12-09T08:27:39.3645313",18,0
151,"ERR-00151",54,152,"Low","Can hieu chuan lai cam bien trang thai dau sac","2024-12-19T22:27:39.3645313","2024-12-20T09:27:39.3645313",19,0
152,"ERR-00152",54,153,"Low","Can hieu chuan lai cam bien trang thai dau sac","2024-12-30T22:27:39.3645313","2024-12-31T10:27:39.3645313",20,0
153,"ERR-00153",54,154,"Critical","Nhiet do dau sac vuot nguong, tam dung phien sac de kiem tra","2025-01-10T22:27:39.3645313",,,1
154,"ERR-00154",51,155,"High","Mat ket noi voi bo dieu khien cong sac","2025-01-21T22:27:39.3645313","2025-01-22T12:27:39.3645313",22,0
155,"ERR-00155",51,156,"Low","Can hieu chuan lai cam bien trang thai dau sac","2025-02-01T22:27:39.3645313","2025-02-02T13:27:39.3645313",23,0
156,"ERR-00156",51,157,"Medium","Dong dien dao dong bat thuong trong gio cao diem","2025-02-12T22:27:39.3645313","2025-02-13T14:27:39.3645313",24,0
157,"ERR-00157",47,158,"Low","Can hieu chuan lai cam bien trang thai dau sac","2025-02-23T22:27:39.3645313","2025-02-24T15:27:39.3645313",25,0
158,"ERR-00158",47,159,"Low","Can hieu chuan lai cam bien trang thai dau sac","2025-03-06T22:27:39.3645313","2025-03-07T16:27:39.3645313",26,0
159,"ERR-00159",47,160,"Medium","Dong dien dao dong bat thuong trong gio cao diem","2025-03-17T22:27:39.3645313","2025-03-18T17:27:39.3645313",27,0
160,"ERR-00160",45,161,"Low","Can hieu chuan lai cam bien trang thai dau sac","2025-03-28T22:27:39.3645313","2025-03-29T18:27:39.3645313",28,0
161,"ERR-00161",45,162,"High","Mat ket noi voi bo dieu khien cong sac","2025-04-08T22:27:39.3645313","2025-04-09T19:27:39.3645313",29,0
162,"ERR-00162",45,163,"Medium","Dong dien dao dong bat thuong trong gio cao diem","2025-04-19T22:27:39.3645313",,,1
163,"ERR-00163",43,164,"Low","Can hieu chuan lai cam bien trang thai dau sac","2025-04-30T22:27:39.3645313","2025-05-01T21:27:39.3645313",31,0
164,"ERR-00164",43,165,"Low","Can hieu chuan lai cam bien trang thai dau sac","2025-05-11T22:27:39.3645313","2025-05-12T22:27:39.3645313",32,0
165,"ERR-00165",43,166,"Medium","Dong dien dao dong bat thuong trong gio cao diem","2025-05-22T22:27:39.3645313","2025-05-23T23:27:39.3645313",33,0
166,"ERR-00166",40,167,"Low","Can hieu chuan lai cam bien trang thai dau sac","2025-06-02T22:27:39.3645313","2025-06-04T00:27:39.3645313",34,0
167,"ERR-00167",40,168,"Low","Can hieu chuan lai cam bien trang thai dau sac","2025-06-13T22:27:39.3645313","2025-06-15T01:27:39.3645313",35,0
168,"ERR-00168",40,169,"High","Mat ket noi voi bo dieu khien cong sac","2025-06-24T22:27:39.3645313","2025-06-26T02:27:39.3645313",36,0
169,"ERR-00169",41,170,"Low","Can hieu chuan lai cam bien trang thai dau sac","2025-07-05T22:27:39.3645313","2025-07-07T03:27:39.3645313",9,0
170,"ERR-00170",41,171,"Critical","Nhiet do dau sac vuot nguong, tam dung phien sac de kiem tra","2025-07-16T22:27:39.3645313","2025-07-18T04:27:39.3645313",10,0
171,"ERR-00171",41,172,"Medium","Dong dien dao dong bat thuong trong gio cao diem","2025-07-27T22:27:39.3645313",,,1
172,"ERR-00172",36,173,"Low","Can hieu chuan lai cam bien trang thai dau sac","2025-08-07T22:27:39.3645313","2025-08-09T06:27:39.3645313",12,0
173,"ERR-00173",36,174,"Low","Can hieu chuan lai cam bien trang thai dau sac","2025-08-18T22:27:39.3645313","2025-08-20T07:27:39.3645313",13,0
174,"ERR-00174",36,175,"Medium","Dong dien dao dong bat thuong trong gio cao diem","2025-08-29T22:27:39.3645313","2025-08-31T08:27:39.3645313",14,0
175,"ERR-00175",33,176,"High","Mat ket noi voi bo dieu khien cong sac","2025-09-09T22:27:39.3645313","2025-09-11T09:27:39.3645313",15,0
176,"ERR-00176",33,177,"Low","Can hieu chuan lai cam bien trang thai dau sac","2025-09-20T22:27:39.3645313","2025-09-22T10:27:39.3645313",16,0
177,"ERR-00177",33,178,"Medium","Dong dien dao dong bat thuong trong gio cao diem","2025-10-01T22:27:39.3645313","2025-10-03T11:27:39.3645313",17,0
178,"ERR-00178",31,179,"Low","Can hieu chuan lai cam bien trang thai dau sac","2025-10-12T22:27:39.3645313","2025-10-14T12:27:39.3645313",18,0
179,"ERR-00179",31,180,"Low","Can hieu chuan lai cam bien trang thai dau sac","2025-10-23T22:27:39.3645313","2025-10-25T13:27:39.3645313",19,0
180,"ERR-00180",31,181,"Medium","Dong dien dao dong bat thuong trong gio cao diem","2025-11-03T22:27:39.3645313",,,1
181,"ERR-00181",9,182,"Low","Can hieu chuan lai cam bien trang thai dau sac","2025-11-14T22:27:39.3645313","2025-11-16T15:27:39.3645313",21,0
182,"ERR-00182",9,183,"High","Mat ket noi voi bo dieu khien cong sac","2025-11-25T22:27:39.3645313","2025-11-27T16:27:39.3645313",22,0
183,"ERR-00183",9,184,"Medium","Dong dien dao dong bat thuong trong gio cao diem","2025-12-06T22:27:39.3645313","2025-12-08T17:27:39.3645313",23,0
184,"ERR-00184",29,185,"Low","Can hieu chuan lai cam bien trang thai dau sac","2025-12-17T22:27:39.3645313","2025-12-19T18:27:39.3645313",24,0
185,"ERR-00185",29,186,"Low","Can hieu chuan lai cam bien trang thai dau sac","2025-12-28T22:27:39.3645313","2025-12-30T19:27:39.3645313",25,0
186,"ERR-00186",29,187,"Medium","Dong dien dao dong bat thuong trong gio cao diem","2026-01-08T22:27:39.3645313","2026-01-10T20:27:39.3645313",26,0
187,"ERR-00187",27,188,"Critical","Nhiet do dau sac vuot nguong, tam dung phien sac de kiem tra","2026-01-19T22:27:39.3645313","2026-01-21T21:27:39.3645313",27,0
188,"ERR-00188",27,189,"Low","Can hieu chuan lai cam bien trang thai dau sac","2026-01-30T22:27:39.3645313","2026-02-01T22:27:39.3645313",28,0
189,"ERR-00189",27,190,"High","Mat ket noi voi bo dieu khien cong sac","2026-02-10T22:27:39.3645313",,,1
190,"ERR-00190",25,191,"Low","Can hieu chuan lai cam bien trang thai dau sac","2026-02-21T22:27:39.3645313","2026-02-24T00:27:39.3645313",30,0
191,"ERR-00191",25,192,"Low","Can hieu chuan lai cam bien trang thai dau sac","2026-03-04T22:27:39.3645313","2026-03-07T01:27:39.3645313",31,0
192,"ERR-00192",25,193,"Medium","Dong dien dao dong bat thuong trong gio cao diem","2026-03-15T22:27:39.3645313","2026-03-16T02:27:39.3645313",32,0
193,"ERR-00193",22,194,"Low","Can hieu chuan lai cam bien trang thai dau sac","2026-03-26T22:27:39.3645313","2026-03-27T03:27:39.3645313",33,0
194,"ERR-00194",22,195,"Low","Can hieu chuan lai cam bien trang thai dau sac","2026-04-06T22:27:39.3645313","2026-04-07T04:27:39.3645313",34,0
195,"ERR-00195",22,196,"Medium","Dong dien dao dong bat thuong trong gio cao diem","2026-04-17T22:27:39.3645313","2026-04-18T05:27:39.3645313",35,0
196,"ERR-00196",19,197,"High","Mat ket noi voi bo dieu khien cong sac","2026-04-28T22:27:39.3645313","2026-04-29T06:27:39.3645313",36,0
197,"ERR-00197",19,198,"Low","Can hieu chuan lai cam bien trang thai dau sac","2026-05-09T22:27:39.3645313","2026-05-10T07:27:39.3645313",9,0
198,"ERR-00198",19,199,"Medium","Dong dien dao dong bat thuong trong gio cao diem","2026-05-20T22:27:39.3645313",,,1
199,"ERR-00199",20,200,"Low","Can hieu chuan lai cam bien trang thai dau sac","2026-05-31T22:27:39.3645313","2026-06-01T09:27:39.3645313",11,0
200,"ERR-00200",20,201,"Low","Can hieu chuan lai cam bien trang thai dau sac","2024-06-11T22:27:39.3645313","2024-06-12T10:27:39.3645313",12,0
201,"ERR-00201",20,202,"Medium","Dong dien dao dong bat thuong trong gio cao diem","2024-06-22T22:27:39.3645313","2024-06-23T11:27:39.3645313",13,0
202,"ERR-00202",15,203,"Low","Can hieu chuan lai cam bien trang thai dau sac","2024-07-03T22:27:39.3645313","2024-07-04T12:27:39.3645313",14,0
203,"ERR-00203",15,204,"High","Mat ket noi voi bo dieu khien cong sac","2024-07-14T22:27:39.3645313","2024-07-15T13:27:39.3645313",15,0
204,"ERR-00204",15,205,"Critical","Nhiet do dau sac vuot nguong, tam dung phien sac de kiem tra","2024-07-25T22:27:39.3645313","2024-07-26T14:27:39.3645313",16,0
205,"ERR-00205",13,206,"Low","Can hieu chuan lai cam bien trang thai dau sac","2024-08-05T22:27:39.3645313","2024-08-06T15:27:39.3645313",17,0
206,"ERR-00206",13,207,"Low","Can hieu chuan lai cam bien trang thai dau sac","2024-08-16T22:27:39.3645313","2024-08-17T16:27:39.3645313",18,0
207,"ERR-00207",13,208,"Medium","Dong dien dao dong bat thuong trong gio cao diem","2024-08-27T22:27:39.3645313",,,1
208,"ERR-00208",11,209,"Low","Can hieu chuan lai cam bien trang thai dau sac","2024-09-07T22:27:39.3645313","2024-09-08T18:27:39.3645313",20,0
209,"ERR-00209",11,210,"Low","Can hieu chuan lai cam bien trang thai dau sac","2024-09-18T22:27:39.3645313","2024-09-19T19:27:39.3645313",21,0
210,"ERR-00210",11,211,"High","Mat ket noi voi bo dieu khien cong sac","2024-09-29T22:27:39.3645313","2024-09-30T20:27:39.3645313",22,0
211,"ERR-00211",7,212,"Low","Can hieu chuan lai cam bien trang thai dau sac","2024-10-10T22:27:39.3645313","2024-10-11T21:27:39.3645313",23,0
212,"ERR-00212",7,213,"Low","Can hieu chuan lai cam bien trang thai dau sac","2024-10-21T22:27:39.3645313","2024-10-22T22:27:39.3645313",24,0
213,"ERR-00213",7,214,"Medium","Dong dien dao dong bat thuong trong gio cao diem","2024-11-01T22:27:39.3645313","2024-11-02T23:27:39.3645313",25,0
214,"ERR-00214",4,215,"Low","Can hieu chuan lai cam bien trang thai dau sac","2024-11-12T22:27:39.3645313","2024-11-14T00:27:39.3645313",26,0
215,"ERR-00215",4,216,"Low","Can hieu chuan lai cam bien trang thai dau sac","2024-11-23T22:27:39.3645313","2024-11-25T01:27:39.3645313",27,0
216,"ERR-00216",4,217,"Medium","Dong dien dao dong bat thuong trong gio cao diem","2024-12-04T22:27:39.3645313",,,1
217,"ERR-00217",2,218,"High","Mat ket noi voi bo dieu khien cong sac","2024-12-15T22:27:39.3645313","2024-12-17T03:27:39.3645313",29,0
218,"ERR-00218",2,219,"Low","Can hieu chuan lai cam bien trang thai dau sac","2024-12-26T22:27:39.3645313","2024-12-28T04:27:39.3645313",30,0
219,"ERR-00219",2,220,"Medium","Dong dien dao dong bat thuong trong gio cao diem","2025-01-06T22:27:39.3645313","2025-01-08T05:27:39.3645313",31,0
220,"ERR-00220",8,221,"Low","Can hieu chuan lai cam bien trang thai dau sac","2025-01-17T22:27:39.3645313","2025-01-19T06:27:39.3645313",32,0
221,"ERR-00221",8,222,"Critical","Nhiet do dau sac vuot nguong, tam dung phien sac de kiem tra","2025-01-28T22:27:39.3645313","2025-01-30T07:27:39.3645313",33,0
222,"ERR-00222",8,223,"Medium","Dong dien dao dong bat thuong trong gio cao diem","2025-02-08T22:27:39.3645313","2025-02-10T08:27:39.3645313",34,0
223,"ERR-00223",8,224,"Low","Can hieu chuan lai cam bien trang thai dau sac","2025-02-19T22:27:39.3645313","2025-02-21T09:27:39.3645313",35,0
224,"ERR-00224",8,225,"High","Mat ket noi voi bo dieu khien cong sac","2025-03-02T22:27:39.3645313","2025-03-04T10:27:39.3645313",36,0
225,"ERR-00225",17,226,"Medium","Dong dien dao dong bat thuong trong gio cao diem","2025-03-13T22:27:39.3645313",,,1
226,"ERR-00226",17,227,"Low","Can hieu chuan lai cam bien trang thai dau sac","2025-03-24T22:27:39.3645313","2025-03-26T12:27:39.3645313",10,0
227,"ERR-00227",17,228,"Low","Can hieu chuan lai cam bien trang thai dau sac","2025-04-04T22:27:39.3645313","2025-04-06T13:27:39.3645313",11,0
228,"ERR-00228",17,229,"Medium","Dong dien dao dong bat thuong trong gio cao diem","2025-04-15T22:27:39.3645313","2025-04-17T14:27:39.3645313",12,0
229,"ERR-00229",17,230,"Low","Can hieu chuan lai cam bien trang thai dau sac","2025-04-26T22:27:39.3645313","2025-04-28T15:27:39.3645313",13,0
230,"ERR-00230",28,231,"Low","Can hieu chuan lai cam bien trang thai dau sac","2025-05-07T22:27:39.3645313","2025-05-09T16:27:39.3645313",14,0
231,"ERR-00231",28,232,"High","Mat ket noi voi bo dieu khien cong sac","2025-05-18T22:27:39.3645313","2025-05-20T17:27:39.3645313",15,0
232,"ERR-00232",28,233,"Low","Can hieu chuan lai cam bien trang thai dau sac","2025-05-29T22:27:39.3645313","2025-05-31T18:27:39.3645313",16,0
233,"ERR-00233",28,234,"Low","Can hieu chuan lai cam bien trang thai dau sac","2025-06-09T22:27:39.3645313","2025-06-11T19:27:39.3645313",17,0
234,"ERR-00234",28,235,"Medium","Dong dien dao dong bat thuong trong gio cao diem","2025-06-20T22:27:39.3645313",,,1
235,"ERR-00235",38,236,"Low","Can hieu chuan lai cam bien trang thai dau sac","2025-07-01T22:27:39.3645313","2025-07-03T21:27:39.3645313",19,0
236,"ERR-00236",38,237,"Low","Can hieu chuan lai cam bien trang thai dau sac","2025-07-12T22:27:39.3645313","2025-07-14T22:27:39.3645313",20,0
237,"ERR-00237",38,238,"Medium","Dong dien dao dong bat thuong trong gio cao diem","2025-07-23T22:27:39.3645313","2025-07-25T23:27:39.3645313",21,0
238,"ERR-00238",38,239,"Critical","Nhiet do dau sac vuot nguong, tam dung phien sac de kiem tra","2025-08-03T22:27:39.3645313","2025-08-06T00:27:39.3645313",22,0
239,"ERR-00239",38,240,"Low","Can hieu chuan lai cam bien trang thai dau sac","2025-08-14T22:27:39.3645313","2025-08-17T01:27:39.3645313",23,0
240,"ERR-00240",48,241,"Medium","Dong dien dao dong bat thuong trong gio cao diem","2025-08-25T22:27:39.3645313","2025-08-26T02:27:39.3645313",24,0
241,"ERR-00241",48,242,"Low","Can hieu chuan lai cam bien trang thai dau sac","2025-09-05T22:27:39.3645313","2025-09-06T03:27:39.3645313",25,0
242,"ERR-00242",48,243,"Low","Can hieu chuan lai cam bien trang thai dau sac","2025-09-16T22:27:39.3645313","2025-09-17T04:27:39.3645313",26,0
243,"ERR-00243",48,244,"Medium","Dong dien dao dong bat thuong trong gio cao diem","2025-09-27T22:27:39.3645313",,,1
244,"ERR-00244",48,245,"Low","Can hieu chuan lai cam bien trang thai dau sac","2025-10-08T22:27:39.3645313","2025-10-09T06:27:39.3645313",28,0
245,"ERR-00245",53,246,"High","Mat ket noi voi bo dieu khien cong sac","2025-10-19T22:27:39.3645313","2025-10-20T07:27:39.3645313",29,0
246,"ERR-00246",53,247,"Medium","Dong dien dao dong bat thuong trong gio cao diem","2025-10-30T22:27:39.3645313","2025-10-31T08:27:39.3645313",30,0
247,"ERR-00247",53,248,"Low","Can hieu chuan lai cam bien trang thai dau sac","2025-11-10T22:27:39.3645313","2025-11-11T09:27:39.3645313",31,0
248,"ERR-00248",53,249,"Low","Can hieu chuan lai cam bien trang thai dau sac","2025-11-21T22:27:39.3645313","2025-11-22T10:27:39.3645313",32,0
249,"ERR-00249",53,250,"Medium","Dong dien dao dong bat thuong trong gio cao diem","2025-12-02T22:27:39.3645313","2025-12-03T11:27:39.3645313",33,0
250,"ERR-00250",59,251,"Low","Can hieu chuan lai cam bien trang thai dau sac","2025-12-13T22:27:39.3645313","2025-12-14T12:27:39.3645313",34,0
251,"ERR-00251",59,252,"Low","Can hieu chuan lai cam bien trang thai dau sac","2025-12-24T22:27:39.3645313","2025-12-25T13:27:39.3645313",35,0
252,"ERR-00252",59,253,"High","Mat ket noi voi bo dieu khien cong sac","2026-01-04T22:27:39.3645313",,,1
253,"ERR-00253",59,254,"Low","Can hieu chuan lai cam bien trang thai dau sac","2026-01-15T22:27:39.3645313","2026-01-16T15:27:39.3645313",9,0
254,"ERR-00254",59,255,"Low","Can hieu chuan lai cam bien trang thai dau sac","2026-01-26T22:27:39.3645313","2026-01-27T16:27:39.3645313",10,0
255,"ERR-00255",68,256,"Critical","Nhiet do dau sac vuot nguong, tam dung phien sac de kiem tra","2026-02-06T22:27:39.3645313","2026-02-07T17:27:39.3645313",11,0
256,"ERR-00256",68,257,"Low","Can hieu chuan lai cam bien trang thai dau sac","2026-02-17T22:27:39.3645313","2026-02-18T18:27:39.3645313",12,0
257,"ERR-00257",68,258,"Low","Can hieu chuan lai cam bien trang thai dau sac","2026-02-28T22:27:39.3645313","2026-03-01T19:27:39.3645313",13,0
258,"ERR-00258",68,259,"Medium","Dong dien dao dong bat thuong trong gio cao diem","2026-03-11T22:27:39.3645313","2026-03-12T20:27:39.3645313",14,0
259,"ERR-00259",68,260,"High","Mat ket noi voi bo dieu khien cong sac","2026-03-22T22:27:39.3645313","2026-03-23T21:27:39.3645313",15,0
260,"ERR-00260",74,261,"Low","Can hieu chuan lai cam bien trang thai dau sac","2026-04-02T22:27:39.3645313","2026-04-03T22:27:39.3645313",16,0
261,"ERR-00261",74,262,"Medium","Dong dien dao dong bat thuong trong gio cao diem","2026-04-13T22:27:39.3645313",,,1
262,"ERR-00262",74,263,"Low","Can hieu chuan lai cam bien trang thai dau sac","2026-04-24T22:27:39.3645313","2026-04-26T00:27:39.3645313",18,0
263,"ERR-00263",74,264,"Low","Can hieu chuan lai cam bien trang thai dau sac","2026-05-05T22:27:39.3645313","2026-05-07T01:27:39.3645313",19,0
264,"ERR-00264",74,265,"Medium","Dong dien dao dong bat thuong trong gio cao diem","2026-05-16T22:27:39.3645313","2026-05-18T02:27:39.3645313",20,0
265,"ERR-00265",80,266,"Low","Can hieu chuan lai cam bien trang thai dau sac","2026-05-27T22:27:39.3645313","2026-05-29T03:27:39.3645313",21,0
266,"ERR-00266",80,267,"High","Mat ket noi voi bo dieu khien cong sac","2024-06-07T22:27:39.3645313","2024-06-09T04:27:39.3645313",22,0
267,"ERR-00267",80,268,"Medium","Dong dien dao dong bat thuong trong gio cao diem","2024-06-18T22:27:39.3645313","2024-06-20T05:27:39.3645313",23,0
268,"ERR-00268",80,269,"Low","Can hieu chuan lai cam bien trang thai dau sac","2024-06-29T22:27:39.3645313","2024-07-01T06:27:39.3645313",24,0
269,"ERR-00269",80,270,"Low","Can hieu chuan lai cam bien trang thai dau sac","2024-07-10T22:27:39.3645313","2024-07-12T07:27:39.3645313",25,0
270,"ERR-00270",89,271,"Medium","Dong dien dao dong bat thuong trong gio cao diem","2024-07-21T22:27:39.3645313",,,1
271,"ERR-00271",89,272,"Low","Can hieu chuan lai cam bien trang thai dau sac","2024-08-01T22:27:39.3645313","2024-08-03T09:27:39.3645313",27,0
272,"ERR-00272",89,273,"Critical","Nhiet do dau sac vuot nguong, tam dung phien sac de kiem tra","2024-08-12T22:27:39.3645313","2024-08-14T10:27:39.3645313",28,0
273,"ERR-00273",89,274,"High","Mat ket noi voi bo dieu khien cong sac","2024-08-23T22:27:39.3645313","2024-08-25T11:27:39.3645313",29,0
274,"ERR-00274",89,275,"Low","Can hieu chuan lai cam bien trang thai dau sac","2024-09-03T22:27:39.3645313","2024-09-05T12:27:39.3645313",30,0
275,"ERR-00275",98,276,"Low","Can hieu chuan lai cam bien trang thai dau sac","2024-09-14T22:27:39.3645313","2024-09-16T13:27:39.3645313",31,0
276,"ERR-00276",98,277,"Medium","Dong dien dao dong bat thuong trong gio cao diem","2024-09-25T22:27:39.3645313","2024-09-27T14:27:39.3645313",32,0
277,"ERR-00277",98,278,"Low","Can hieu chuan lai cam bien trang thai dau sac","2024-10-06T22:27:39.3645313","2024-10-08T15:27:39.3645313",33,0
278,"ERR-00278",98,279,"Low","Can hieu chuan lai cam bien trang thai dau sac","2024-10-17T22:27:39.3645313","2024-10-19T16:27:39.3645313",34,0
279,"ERR-00279",98,280,"Medium","Dong dien dao dong bat thuong trong gio cao diem","2024-10-28T22:27:39.3645313",,,1
280,"ERR-00280",1,1,"High","Mat ket noi voi bo dieu khien cong sac","2024-11-08T22:27:39.3645313","2024-11-10T18:27:39.3645313",36,0
281,"ERR-00281",1,2,"Low","Can hieu chuan lai cam bien trang thai dau sac","2024-11-19T22:27:39.3645313","2024-11-21T19:27:39.3645313",9,0
282,"ERR-00282",3,3,"Medium","Dong dien dao dong bat thuong trong gio cao diem","2024-11-30T22:27:39.3645313","2024-12-02T20:27:39.3645313",10,0
283,"ERR-00283",3,4,"Low","Can hieu chuan lai cam bien trang thai dau sac","2024-12-11T22:27:39.3645313","2024-12-13T21:27:39.3645313",11,0
284,"ERR-00284",5,5,"Low","Can hieu chuan lai cam bien trang thai dau sac","2024-12-22T22:27:39.3645313","2024-12-24T22:27:39.3645313",12,0
285,"ERR-00285",5,6,"Medium","Dong dien dao dong bat thuong trong gio cao diem","2025-01-02T22:27:39.3645313","2025-01-04T23:27:39.3645313",13,0
286,"ERR-00286",6,7,"Low","Can hieu chuan lai cam bien trang thai dau sac","2025-01-13T22:27:39.3645313","2025-01-16T00:27:39.3645313",14,0
287,"ERR-00287",6,8,"High","Mat ket noi voi bo dieu khien cong sac","2025-01-24T22:27:39.3645313","2025-01-27T01:27:39.3645313",15,0
288,"ERR-00288",10,9,"Medium","Dong dien dao dong bat thuong trong gio cao diem","2025-02-04T22:27:39.3645313",,,1
289,"ERR-00289",10,10,"Critical","Nhiet do dau sac vuot nguong, tam dung phien sac de kiem tra","2025-02-15T22:27:39.3645313","2025-02-16T03:27:39.3645313",17,0
290,"ERR-00290",12,11,"Low","Can hieu chuan lai cam bien trang thai dau sac","2025-02-26T22:27:39.3645313","2025-02-27T04:27:39.3645313",18,0
291,"ERR-00291",12,12,"Medium","Dong dien dao dong bat thuong trong gio cao diem","2025-03-09T22:27:39.3645313","2025-03-10T05:27:39.3645313",19,0
292,"ERR-00292",14,13,"Low","Can hieu chuan lai cam bien trang thai dau sac","2025-03-20T22:27:39.3645313","2025-03-21T06:27:39.3645313",20,0
293,"ERR-00293",14,14,"Low","Can hieu chuan lai cam bien trang thai dau sac","2025-03-31T22:27:39.3645313","2025-04-01T07:27:39.3645313",21,0
294,"ERR-00294",16,15,"High","Mat ket noi voi bo dieu khien cong sac","2025-04-11T22:27:39.3645313","2025-04-12T08:27:39.3645313",22,0
295,"ERR-00295",16,16,"Low","Can hieu chuan lai cam bien trang thai dau sac","2025-04-22T22:27:39.3645313","2025-04-23T09:27:39.3645313",23,0
296,"ERR-00296",18,17,"Low","Can hieu chuan lai cam bien trang thai dau sac","2025-05-03T22:27:39.3645313","2025-05-04T10:27:39.3645313",24,0
297,"ERR-00297",18,18,"Medium","Dong dien dao dong bat thuong trong gio cao diem","2025-05-14T22:27:39.3645313",,,1
298,"ERR-00298",21,19,"Low","Can hieu chuan lai cam bien trang thai dau sac","2025-05-25T22:27:39.3645313","2025-05-26T12:27:39.3645313",26,0
299,"ERR-00299",21,20,"Low","Can hieu chuan lai cam bien trang thai dau sac","2025-06-05T22:27:39.3645313","2025-06-06T13:27:39.3645313",27,0
300,"ERR-00300",23,21,"Medium","Dong dien dao dong bat thuong trong gio cao diem","2025-06-16T22:27:39.3645313","2025-06-17T14:27:39.3645313",28,0
301,"ERR-00301",23,22,"High","Mat ket noi voi bo dieu khien cong sac","2025-06-27T22:27:39.3645313","2025-06-28T15:27:39.3645313",29,0
302,"ERR-00302",24,23,"Low","Can hieu chuan lai cam bien trang thai dau sac","2025-07-08T22:27:39.3645313","2025-07-09T16:27:39.3645313",30,0
303,"ERR-00303",24,24,"Medium","Dong dien dao dong bat thuong trong gio cao diem","2025-07-19T22:27:39.3645313","2025-07-20T17:27:39.3645313",31,0
304,"ERR-00304",26,25,"Low","Can hieu chuan lai cam bien trang thai dau sac","2025-07-30T22:27:39.3645313","2025-07-31T18:27:39.3645313",32,0
305,"ERR-00305",26,26,"Low","Can hieu chuan lai cam bien trang thai dau sac","2025-08-10T22:27:39.3645313","2025-08-11T19:27:39.3645313",33,0
306,"ERR-00306",30,27,"Critical","Nhiet do dau sac vuot nguong, tam dung phien sac de kiem tra","2025-08-21T22:27:39.3645313",,,1
307,"ERR-00307",30,28,"Low","Can hieu chuan lai cam bien trang thai dau sac","2025-09-01T22:27:39.3645313","2025-09-02T21:27:39.3645313",35,0
308,"ERR-00308",32,29,"High","Mat ket noi voi bo dieu khien cong sac","2025-09-12T22:27:39.3645313","2025-09-13T22:27:39.3645313",36,0
309,"ERR-00309",32,30,"Medium","Dong dien dao dong bat thuong trong gio cao diem","2025-09-23T22:27:39.3645313","2025-09-24T23:27:39.3645313",9,0
310,"ERR-00310",34,31,"Low","Can hieu chuan lai cam bien trang thai dau sac","2025-10-04T22:27:39.3645313","2025-10-06T00:27:39.3645313",10,0
311,"ERR-00311",34,32,"Low","Can hieu chuan lai cam bien trang thai dau sac","2025-10-15T22:27:39.3645313","2025-10-17T01:27:39.3645313",11,0
312,"ERR-00312",35,33,"Medium","Dong dien dao dong bat thuong trong gio cao diem","2025-10-26T22:27:39.3645313","2025-10-28T02:27:39.3645313",12,0
313,"ERR-00313",35,34,"Low","Can hieu chuan lai cam bien trang thai dau sac","2025-11-06T22:27:39.3645313","2025-11-08T03:27:39.3645313",13,0
314,"ERR-00314",37,35,"Low","Can hieu chuan lai cam bien trang thai dau sac","2025-11-17T22:27:39.3645313","2025-11-19T04:27:39.3645313",14,0
315,"ERR-00315",37,36,"High","Mat ket noi voi bo dieu khien cong sac","2025-11-28T22:27:39.3645313",,,1
316,"ERR-00316",39,37,"Low","Can hieu chuan lai cam bien trang thai dau sac","2025-12-09T22:27:39.3645313","2025-12-11T06:27:39.3645313",16,0
317,"ERR-00317",39,38,"Low","Can hieu chuan lai cam bien trang thai dau sac","2025-12-20T22:27:39.3645313","2025-12-22T07:27:39.3645313",17,0
318,"ERR-00318",42,39,"Medium","Dong dien dao dong bat thuong trong gio cao diem","2025-12-31T22:27:39.3645313","2026-01-02T08:27:39.3645313",18,0
319,"ERR-00319",42,40,"Low","Can hieu chuan lai cam bien trang thai dau sac","2026-01-11T22:27:39.3645313","2026-01-13T09:27:39.3645313",19,0
320,"ERR-00320",44,41,"Low","Can hieu chuan lai cam bien trang thai dau sac","2026-01-22T22:27:39.3645313","2026-01-24T10:27:39.3645313",20,0
321,"ERR-00321",44,42,"Medium","Dong dien dao dong bat thuong trong gio cao diem","2026-02-02T22:27:39.3645313","2026-02-04T11:27:39.3645313",21,0
322,"ERR-00322",46,43,"High","Mat ket noi voi bo dieu khien cong sac","2026-02-13T22:27:39.3645313","2026-02-15T12:27:39.3645313",22,0
323,"ERR-00323",46,44,"Critical","Nhiet do dau sac vuot nguong, tam dung phien sac de kiem tra","2026-02-24T22:27:39.3645313","2026-02-26T13:27:39.3645313",23,0
324,"ERR-00324",50,45,"Medium","Dong dien dao dong bat thuong trong gio cao diem","2026-03-07T22:27:39.3645313",,,1
325,"ERR-00325",50,46,"Low","Can hieu chuan lai cam bien trang thai dau sac","2026-03-18T22:27:39.3645313","2026-03-20T15:27:39.3645313",25,0
326,"ERR-00326",52,47,"Low","Can hieu chuan lai cam bien trang thai dau sac","2026-03-29T22:27:39.3645313","2026-03-31T16:27:39.3645313",26,0
327,"ERR-00327",52,48,"Medium","Dong dien dao dong bat thuong trong gio cao diem","2026-04-09T22:27:39.3645313","2026-04-11T17:27:39.3645313",27,0
328,"ERR-00328",55,49,"Low","Can hieu chuan lai cam bien trang thai dau sac","2026-04-20T22:27:39.3645313","2026-04-22T18:27:39.3645313",28,0
329,"ERR-00329",55,50,"High","Mat ket noi voi bo dieu khien cong sac","2026-05-01T22:27:39.3645313","2026-05-03T19:27:39.3645313",29,0
330,"ERR-00330",57,51,"Medium","Dong dien dao dong bat thuong trong gio cao diem","2026-05-12T22:27:39.3645313","2026-05-14T20:27:39.3645313",30,0
331,"ERR-00331",57,52,"Low","Can hieu chuan lai cam bien trang thai dau sac","2026-05-23T22:27:39.3645313","2026-05-25T21:27:39.3645313",31,0
332,"ERR-00332",60,53,"Low","Can hieu chuan lai cam bien trang thai dau sac","2024-06-03T22:27:39.3645313","2024-06-05T22:27:39.3645313",32,0
333,"ERR-00333",60,54,"Medium","Dong dien dao dong bat thuong trong gio cao diem","2024-06-14T22:27:39.3645313",,,1
334,"ERR-00334",62,55,"Low","Can hieu chuan lai cam bien trang thai dau sac","2024-06-25T22:27:39.3645313","2024-06-28T00:27:39.3645313",34,0
335,"ERR-00335",62,56,"Low","Can hieu chuan lai cam bien trang thai dau sac","2024-07-06T22:27:39.3645313","2024-07-09T01:27:39.3645313",35,0
336,"ERR-00336",65,57,"High","Mat ket noi voi bo dieu khien cong sac","2024-07-17T22:27:39.3645313","2024-07-18T02:27:39.3645313",36,0
337,"ERR-00337",65,58,"Low","Can hieu chuan lai cam bien trang thai dau sac","2024-07-28T22:27:39.3645313","2024-07-29T03:27:39.3645313",9,0
338,"ERR-00338",67,59,"Low","Can hieu chuan lai cam bien trang thai dau sac","2024-08-08T22:27:39.3645313","2024-08-09T04:27:39.3645313",10,0
339,"ERR-00339",67,60,"Medium","Dong dien dao dong bat thuong trong gio cao diem","2024-08-19T22:27:39.3645313","2024-08-20T05:27:39.3645313",11,0
340,"ERR-00340",70,61,"Critical","Nhiet do dau sac vuot nguong, tam dung phien sac de kiem tra","2024-08-30T22:27:39.3645313","2024-08-31T06:27:39.3645313",12,0
341,"ERR-00341",70,62,"Low","Can hieu chuan lai cam bien trang thai dau sac","2024-09-10T22:27:39.3645313","2024-09-11T07:27:39.3645313",13,0
342,"ERR-00342",73,63,"Medium","Dong dien dao dong bat thuong trong gio cao diem","2024-09-21T22:27:39.3645313",,,1
343,"ERR-00343",73,64,"High","Mat ket noi voi bo dieu khien cong sac","2024-10-02T22:27:39.3645313","2024-10-03T09:27:39.3645313",15,0
344,"ERR-00344",75,65,"Low","Can hieu chuan lai cam bien trang thai dau sac","2024-10-13T22:27:39.3645313","2024-10-14T10:27:39.3645313",16,0
345,"ERR-00345",75,66,"Medium","Dong dien dao dong bat thuong trong gio cao diem","2024-10-24T22:27:39.3645313","2024-10-25T11:27:39.3645313",17,0
346,"ERR-00346",76,67,"Low","Can hieu chuan lai cam bien trang thai dau sac","2024-11-04T22:27:39.3645313","2024-11-05T12:27:39.3645313",18,0
347,"ERR-00347",76,68,"Low","Can hieu chuan lai cam bien trang thai dau sac","2024-11-15T22:27:39.3645313","2024-11-16T13:27:39.3645313",19,0
348,"ERR-00348",78,69,"Medium","Dong dien dao dong bat thuong trong gio cao diem","2024-11-26T22:27:39.3645313","2024-11-27T14:27:39.3645313",20,0
349,"ERR-00349",78,70,"Low","Can hieu chuan lai cam bien trang thai dau sac","2024-12-07T22:27:39.3645313","2024-12-08T15:27:39.3645313",21,0
350,"ERR-00350",81,71,"High","Mat ket noi voi bo dieu khien cong sac","2024-12-18T22:27:39.3645313","2024-12-19T16:27:39.3645313",22,0
351,"ERR-00351",81,72,"Medium","Dong dien dao dong bat thuong trong gio cao diem","2024-12-29T22:27:39.3645313",,,1
352,"ERR-00352",83,73,"Low","Can hieu chuan lai cam bien trang thai dau sac","2025-01-09T22:27:39.3645313","2025-01-10T18:27:39.3645313",24,0
353,"ERR-00353",83,74,"Low","Can hieu chuan lai cam bien trang thai dau sac","2025-01-20T22:27:39.3645313","2025-01-21T19:27:39.3645313",25,0
354,"ERR-00354",85,75,"Medium","Dong dien dao dong bat thuong trong gio cao diem","2025-01-31T22:27:39.3645313","2025-02-01T20:27:39.3645313",26,0
355,"ERR-00355",85,76,"Low","Can hieu chuan lai cam bien trang thai dau sac","2025-02-11T22:27:39.3645313","2025-02-12T21:27:39.3645313",27,0
356,"ERR-00356",87,77,"Low","Can hieu chuan lai cam bien trang thai dau sac","2025-02-22T22:27:39.3645313","2025-02-23T22:27:39.3645313",28,0
357,"ERR-00357",87,78,"Critical","Nhiet do dau sac vuot nguong, tam dung phien sac de kiem tra","2025-03-05T22:27:39.3645313","2025-03-06T23:27:39.3645313",29,0
358,"ERR-00358",91,79,"Low","Can hieu chuan lai cam bien trang thai dau sac","2025-03-16T22:27:39.3645313","2025-03-18T00:27:39.3645313",30,0
359,"ERR-00359",91,80,"Low","Can hieu chuan lai cam bien trang thai dau sac","2025-03-27T22:27:39.3645313","2025-03-29T01:27:39.3645313",31,0
360,"ERR-00360",93,81,"Medium","Dong dien dao dong bat thuong trong gio cao diem","2025-04-07T22:27:39.3645313",,,1
361,"ERR-00361",93,82,"Low","Can hieu chuan lai cam bien trang thai dau sac","2025-04-18T22:27:39.3645313","2025-04-20T03:27:39.3645313",33,0
362,"ERR-00362",95,83,"Low","Can hieu chuan lai cam bien trang thai dau sac","2025-04-29T22:27:39.3645313","2025-05-01T04:27:39.3645313",34,0
363,"ERR-00363",95,84,"Medium","Dong dien dao dong bat thuong trong gio cao diem","2025-05-10T22:27:39.3645313","2025-05-12T05:27:39.3645313",35,0
364,"ERR-00364",97,85,"High","Mat ket noi voi bo dieu khien cong sac","2025-05-21T22:27:39.3645313","2025-05-23T06:27:39.3645313",36,0
365,"ERR-00365",97,86,"Low","Can hieu chuan lai cam bien trang thai dau sac","2025-06-01T22:27:39.3645313","2025-06-03T07:27:39.3645313",9,0
366,"ERR-00366",99,87,"Medium","Dong dien dao dong bat thuong trong gio cao diem","2025-06-12T22:27:39.3645313","2025-06-14T08:27:39.3645313",10,0
367,"ERR-00367",99,88,"Low","Can hieu chuan lai cam bien trang thai dau sac","2025-06-23T22:27:39.3645313","2025-06-25T09:27:39.3645313",11,0
368,"ERR-00368",100,89,"Low","Can hieu chuan lai cam bien trang thai dau sac","2025-07-04T22:27:39.3645313","2025-07-06T10:27:39.3645313",12,0
369,"ERR-00369",100,90,"Medium","Dong dien dao dong bat thuong trong gio cao diem","2025-07-15T22:27:39.3645313",,,1
370,"ERR-00370",100,91,"Low","Can hieu chuan lai cam bien trang thai dau sac","2025-07-26T22:27:39.3645313","2025-07-28T12:27:39.3645313",14,0
371,"ERR-00371",96,92,"High","Mat ket noi voi bo dieu khien cong sac","2025-08-06T22:27:39.3645313","2025-08-08T13:27:39.3645313",15,0
372,"ERR-00372",96,93,"Medium","Dong dien dao dong bat thuong trong gio cao diem","2025-08-17T22:27:39.3645313","2025-08-19T14:27:39.3645313",16,0
373,"ERR-00373",96,94,"Low","Can hieu chuan lai cam bien trang thai dau sac","2025-08-28T22:27:39.3645313","2025-08-30T15:27:39.3645313",17,0
374,"ERR-00374",94,95,"Critical","Nhiet do dau sac vuot nguong, tam dung phien sac de kiem tra","2025-09-08T22:27:39.3645313","2025-09-10T16:27:39.3645313",18,0
375,"ERR-00375",94,96,"Medium","Dong dien dao dong bat thuong trong gio cao diem","2025-09-19T22:27:39.3645313","2025-09-21T17:27:39.3645313",19,0
376,"ERR-00376",94,97,"Low","Can hieu chuan lai cam bien trang thai dau sac","2025-09-30T22:27:39.3645313","2025-10-02T18:27:39.3645313",20,0
377,"ERR-00377",92,98,"Low","Can hieu chuan lai cam bien trang thai dau sac","2025-10-11T22:27:39.3645313","2025-10-13T19:27:39.3645313",21,0
378,"ERR-00378",92,99,"High","Mat ket noi voi bo dieu khien cong sac","2025-10-22T22:27:39.3645313",,,1
379,"ERR-00379",92,100,"Low","Can hieu chuan lai cam bien trang thai dau sac","2025-11-02T22:27:39.3645313","2025-11-04T21:27:39.3645313",23,0
380,"ERR-00380",69,101,"Low","Can hieu chuan lai cam bien trang thai dau sac","2025-11-13T22:27:39.3645313","2025-11-15T22:27:39.3645313",24,0
381,"ERR-00381",69,102,"Medium","Dong dien dao dong bat thuong trong gio cao diem","2025-11-24T22:27:39.3645313","2025-11-26T23:27:39.3645313",25,0
382,"ERR-00382",69,103,"Low","Can hieu chuan lai cam bien trang thai dau sac","2025-12-05T22:27:39.3645313","2025-12-08T00:27:39.3645313",26,0
383,"ERR-00383",90,104,"Low","Can hieu chuan lai cam bien trang thai dau sac","2025-12-16T22:27:39.3645313","2025-12-19T01:27:39.3645313",27,0
384,"ERR-00384",90,105,"Medium","Dong dien dao dong bat thuong trong gio cao diem","2025-12-27T22:27:39.3645313","2025-12-28T02:27:39.3645313",28,0
385,"ERR-00385",90,106,"High","Mat ket noi voi bo dieu khien cong sac","2026-01-07T22:27:39.3645313","2026-01-08T03:27:39.3645313",29,0
386,"ERR-00386",88,107,"Low","Can hieu chuan lai cam bien trang thai dau sac","2026-01-18T22:27:39.3645313","2026-01-19T04:27:39.3645313",30,0
387,"ERR-00387",88,108,"Medium","Dong dien dao dong bat thuong trong gio cao diem","2026-01-29T22:27:39.3645313",,,1
388,"ERR-00388",88,109,"Low","Can hieu chuan lai cam bien trang thai dau sac","2026-02-09T22:27:39.3645313","2026-02-10T06:27:39.3645313",32,0
389,"ERR-00389",86,110,"Low","Can hieu chuan lai cam bien trang thai dau sac","2026-02-20T22:27:39.3645313","2026-02-21T07:27:39.3645313",33,0
390,"ERR-00390",86,111,"Medium","Dong dien dao dong bat thuong trong gio cao diem","2026-03-03T22:27:39.3645313","2026-03-04T08:27:39.3645313",34,0
391,"ERR-00391",86,112,"Critical","Nhiet do dau sac vuot nguong, tam dung phien sac de kiem tra","2026-03-14T22:27:39.3645313","2026-03-15T09:27:39.3645313",35,0
392,"ERR-00392",84,113,"High","Mat ket noi voi bo dieu khien cong sac","2026-03-25T22:27:39.3645313","2026-03-26T10:27:39.3645313",36,0
393,"ERR-00393",84,114,"Medium","Dong dien dao dong bat thuong trong gio cao diem","2026-04-05T22:27:39.3645313","2026-04-06T11:27:39.3645313",9,0
394,"ERR-00394",84,115,"Low","Can hieu chuan lai cam bien trang thai dau sac","2026-04-16T22:27:39.3645313","2026-04-17T12:27:39.3645313",10,0
395,"ERR-00395",82,116,"Low","Can hieu chuan lai cam bien trang thai dau sac","2026-04-27T22:27:39.3645313","2026-04-28T13:27:39.3645313",11,0
396,"ERR-00396",82,117,"Medium","Dong dien dao dong bat thuong trong gio cao diem","2026-05-08T22:27:39.3645313",,,1
397,"ERR-00397",82,118,"Low","Can hieu chuan lai cam bien trang thai dau sac","2026-05-19T22:27:39.3645313","2026-05-20T15:27:39.3645313",13,0
398,"ERR-00398",79,119,"Low","Can hieu chuan lai cam bien trang thai dau sac","2026-05-30T22:27:39.3645313","2026-05-31T16:27:39.3645313",14,0
399,"ERR-00399",79,120,"High","Mat ket noi voi bo dieu khien cong sac","2024-06-10T22:27:39.3645313","2024-06-11T17:27:39.3645313",15,0
400,"ERR-00400",79,121,"Low","Can hieu chuan lai cam bien trang thai dau sac","2024-06-21T22:27:39.3645313","2024-06-22T18:27:39.3645313",16,0
401,"ERR-00401",77,122,"Low","Can hieu chuan lai cam bien trang thai dau sac","2024-07-02T22:27:39.3645313","2024-07-03T19:27:39.3645313",17,0
402,"ERR-00402",77,123,"Medium","Dong dien dao dong bat thuong trong gio cao diem","2024-07-13T22:27:39.3645313","2024-07-14T20:27:39.3645313",18,0
403,"ERR-00403",77,124,"Low","Can hieu chuan lai cam bien trang thai dau sac","2024-07-24T22:27:39.3645313","2024-07-25T21:27:39.3645313",19,0
404,"ERR-00404",71,125,"Low","Can hieu chuan lai cam bien trang thai dau sac","2024-08-04T22:27:39.3645313","2024-08-05T22:27:39.3645313",20,0
405,"ERR-00405",71,126,"Medium","Dong dien dao dong bat thuong trong gio cao diem","2024-08-15T22:27:39.3645313",,,1
406,"ERR-00406",71,127,"High","Mat ket noi voi bo dieu khien cong sac","2024-08-26T22:27:39.3645313","2024-08-28T00:27:39.3645313",22,0
407,"ERR-00407",72,128,"Low","Can hieu chuan lai cam bien trang thai dau sac","2024-09-06T22:27:39.3645313","2024-09-08T01:27:39.3645313",23,0
408,"ERR-00408",72,129,"Critical","Nhiet do dau sac vuot nguong, tam dung phien sac de kiem tra","2024-09-17T22:27:39.3645313","2024-09-19T02:27:39.3645313",24,0
409,"ERR-00409",72,130,"Low","Can hieu chuan lai cam bien trang thai dau sac","2024-09-28T22:27:39.3645313","2024-09-30T03:27:39.3645313",25,0
410,"ERR-00410",66,131,"Low","Can hieu chuan lai cam bien trang thai dau sac","2024-10-09T22:27:39.3645313","2024-10-11T04:27:39.3645313",26,0
411,"ERR-00411",66,132,"Medium","Dong dien dao dong bat thuong trong gio cao diem","2024-10-20T22:27:39.3645313","2024-10-22T05:27:39.3645313",27,0
412,"ERR-00412",66,133,"Low","Can hieu chuan lai cam bien trang thai dau sac","2024-10-31T22:27:39.3645313","2024-11-02T06:27:39.3645313",28,0
413,"ERR-00413",63,134,"High","Mat ket noi voi bo dieu khien cong sac","2024-11-11T22:27:39.3645313","2024-11-13T07:27:39.3645313",29,0
414,"ERR-00414",63,135,"Medium","Dong dien dao dong bat thuong trong gio cao diem","2024-11-22T22:27:39.3645313",,,1
415,"ERR-00415",63,136,"Low","Can hieu chuan lai cam bien trang thai dau sac","2024-12-03T22:27:39.3645313","2024-12-05T09:27:39.3645313",31,0
416,"ERR-00416",64,137,"Low","Can hieu chuan lai cam bien trang thai dau sac","2024-12-14T22:27:39.3645313","2024-12-16T10:27:39.3645313",32,0
417,"ERR-00417",64,138,"Medium","Dong dien dao dong bat thuong trong gio cao diem","2024-12-25T22:27:39.3645313","2024-12-27T11:27:39.3645313",33,0
418,"ERR-00418",64,139,"Low","Can hieu chuan lai cam bien trang thai dau sac","2025-01-05T22:27:39.3645313","2025-01-07T12:27:39.3645313",34,0
419,"ERR-00419",61,140,"Low","Can hieu chuan lai cam bien trang thai dau sac","2025-01-16T22:27:39.3645313","2025-01-18T13:27:39.3645313",35,0
420,"ERR-00420",61,141,"High","Mat ket noi voi bo dieu khien cong sac","2025-01-27T22:27:39.3645313","2025-01-29T14:27:39.3645313",36,0
421,"ERR-00421",61,142,"Low","Can hieu chuan lai cam bien trang thai dau sac","2025-02-07T22:27:39.3645313","2025-02-09T15:27:39.3645313",9,0
422,"ERR-00422",58,143,"Low","Can hieu chuan lai cam bien trang thai dau sac","2025-02-18T22:27:39.3645313","2025-02-20T16:27:39.3645313",10,0
423,"ERR-00423",58,144,"Medium","Dong dien dao dong bat thuong trong gio cao diem","2025-03-01T22:27:39.3645313",,,1
424,"ERR-00424",58,145,"Low","Can hieu chuan lai cam bien trang thai dau sac","2025-03-12T22:27:39.3645313","2025-03-14T18:27:39.3645313",12,0
425,"ERR-00425",56,146,"Critical","Nhiet do dau sac vuot nguong, tam dung phien sac de kiem tra","2025-03-23T22:27:39.3645313","2025-03-25T19:27:39.3645313",13,0
426,"ERR-00426",56,147,"Medium","Dong dien dao dong bat thuong trong gio cao diem","2025-04-03T22:27:39.3645313","2025-04-05T20:27:39.3645313",14,0
427,"ERR-00427",56,148,"High","Mat ket noi voi bo dieu khien cong sac","2025-04-14T22:27:39.3645313","2025-04-16T21:27:39.3645313",15,0
428,"ERR-00428",49,149,"Low","Can hieu chuan lai cam bien trang thai dau sac","2025-04-25T22:27:39.3645313","2025-04-27T22:27:39.3645313",16,0
429,"ERR-00429",49,150,"Medium","Dong dien dao dong bat thuong trong gio cao diem","2025-05-06T22:27:39.3645313","2025-05-08T23:27:39.3645313",17,0
430,"ERR-00430",49,151,"Low","Can hieu chuan lai cam bien trang thai dau sac","2025-05-17T22:27:39.3645313","2025-05-20T00:27:39.3645313",18,0
431,"ERR-00431",54,152,"Low","Can hieu chuan lai cam bien trang thai dau sac","2025-05-28T22:27:39.3645313","2025-05-31T01:27:39.3645313",19,0
432,"ERR-00432",54,153,"Medium","Dong dien dao dong bat thuong trong gio cao diem","2025-06-08T22:27:39.3645313",,,1
433,"ERR-00433",54,154,"Low","Can hieu chuan lai cam bien trang thai dau sac","2025-06-19T22:27:39.3645313","2025-06-20T03:27:39.3645313",21,0
434,"ERR-00434",51,155,"High","Mat ket noi voi bo dieu khien cong sac","2025-06-30T22:27:39.3645313","2025-07-01T04:27:39.3645313",22,0
435,"ERR-00435",51,156,"Medium","Dong dien dao dong bat thuong trong gio cao diem","2025-07-11T22:27:39.3645313","2025-07-12T05:27:39.3645313",23,0
436,"ERR-00436",51,157,"Low","Can hieu chuan lai cam bien trang thai dau sac","2025-07-22T22:27:39.3645313","2025-07-23T06:27:39.3645313",24,0
437,"ERR-00437",47,158,"Low","Can hieu chuan lai cam bien trang thai dau sac","2025-08-02T22:27:39.3645313","2025-08-03T07:27:39.3645313",25,0
438,"ERR-00438",47,159,"Medium","Dong dien dao dong bat thuong trong gio cao diem","2025-08-13T22:27:39.3645313","2025-08-14T08:27:39.3645313",26,0
439,"ERR-00439",47,160,"Low","Can hieu chuan lai cam bien trang thai dau sac","2025-08-24T22:27:39.3645313","2025-08-25T09:27:39.3645313",27,0
440,"ERR-00440",45,161,"Low","Can hieu chuan lai cam bien trang thai dau sac","2025-09-04T22:27:39.3645313","2025-09-05T10:27:39.3645313",28,0
441,"ERR-00441",45,162,"High","Mat ket noi voi bo dieu khien cong sac","2025-09-15T22:27:39.3645313",,,1
442,"ERR-00442",45,163,"Critical","Nhiet do dau sac vuot nguong, tam dung phien sac de kiem tra","2025-09-26T22:27:39.3645313","2025-09-27T12:27:39.3645313",30,0
443,"ERR-00443",43,164,"Low","Can hieu chuan lai cam bien trang thai dau sac","2025-10-07T22:27:39.3645313","2025-10-08T13:27:39.3645313",31,0
444,"ERR-00444",43,165,"Medium","Dong dien dao dong bat thuong trong gio cao diem","2025-10-18T22:27:39.3645313","2025-10-19T14:27:39.3645313",32,0
445,"ERR-00445",43,166,"Low","Can hieu chuan lai cam bien trang thai dau sac","2025-10-29T22:27:39.3645313","2025-10-30T15:27:39.3645313",33,0
446,"ERR-00446",40,167,"Low","Can hieu chuan lai cam bien trang thai dau sac","2025-11-09T22:27:39.3645313","2025-11-10T16:27:39.3645313",34,0
447,"ERR-00447",40,168,"Medium","Dong dien dao dong bat thuong trong gio cao diem","2025-11-20T22:27:39.3645313","2025-11-21T17:27:39.3645313",35,0
448,"ERR-00448",40,169,"High","Mat ket noi voi bo dieu khien cong sac","2025-12-01T22:27:39.3645313","2025-12-02T18:27:39.3645313",36,0
449,"ERR-00449",41,170,"Low","Can hieu chuan lai cam bien trang thai dau sac","2025-12-12T22:27:39.3645313","2025-12-13T19:27:39.3645313",9,0
450,"ERR-00450",41,171,"Medium","Dong dien dao dong bat thuong trong gio cao diem","2025-12-23T22:27:39.3645313",,,1
451,"ERR-00451",41,172,"Low","Can hieu chuan lai cam bien trang thai dau sac","2026-01-03T22:27:39.3645313","2026-01-04T21:27:39.3645313",11,0
452,"ERR-00452",36,173,"Low","Can hieu chuan lai cam bien trang thai dau sac","2026-01-14T22:27:39.3645313","2026-01-15T22:27:39.3645313",12,0
453,"ERR-00453",36,174,"Medium","Dong dien dao dong bat thuong trong gio cao diem","2026-01-25T22:27:39.3645313","2026-01-26T23:27:39.3645313",13,0
454,"ERR-00454",36,175,"Low","Can hieu chuan lai cam bien trang thai dau sac","2026-02-05T22:27:39.3645313","2026-02-07T00:27:39.3645313",14,0
455,"ERR-00455",33,176,"High","Mat ket noi voi bo dieu khien cong sac","2026-02-16T22:27:39.3645313","2026-02-18T01:27:39.3645313",15,0
456,"ERR-00456",33,177,"Medium","Dong dien dao dong bat thuong trong gio cao diem","2026-02-27T22:27:39.3645313","2026-03-01T02:27:39.3645313",16,0
457,"ERR-00457",33,178,"Low","Can hieu chuan lai cam bien trang thai dau sac","2026-03-10T22:27:39.3645313","2026-03-12T03:27:39.3645313",17,0
458,"ERR-00458",31,179,"Low","Can hieu chuan lai cam bien trang thai dau sac","2026-03-21T22:27:39.3645313","2026-03-23T04:27:39.3645313",18,0
459,"ERR-00459",31,180,"Critical","Nhiet do dau sac vuot nguong, tam dung phien sac de kiem tra","2026-04-01T22:27:39.3645313",,,1
460,"ERR-00460",31,181,"Low","Can hieu chuan lai cam bien trang thai dau sac","2026-04-12T22:27:39.3645313","2026-04-14T06:27:39.3645313",20,0
461,"ERR-00461",9,182,"Low","Can hieu chuan lai cam bien trang thai dau sac","2026-04-23T22:27:39.3645313","2026-04-25T07:27:39.3645313",21,0
462,"ERR-00462",9,183,"High","Mat ket noi voi bo dieu khien cong sac","2026-05-04T22:27:39.3645313","2026-05-06T08:27:39.3645313",22,0
463,"ERR-00463",9,184,"Low","Can hieu chuan lai cam bien trang thai dau sac","2026-05-15T22:27:39.3645313","2026-05-17T09:27:39.3645313",23,0
464,"ERR-00464",29,185,"Low","Can hieu chuan lai cam bien trang thai dau sac","2026-05-26T22:27:39.3645313","2026-05-28T10:27:39.3645313",24,0
465,"ERR-00465",29,186,"Medium","Dong dien dao dong bat thuong trong gio cao diem","2024-06-06T22:27:39.3645313","2024-06-08T11:27:39.3645313",25,0
466,"ERR-00466",29,187,"Low","Can hieu chuan lai cam bien trang thai dau sac","2024-06-17T22:27:39.3645313","2024-06-19T12:27:39.3645313",26,0
467,"ERR-00467",27,188,"Low","Can hieu chuan lai cam bien trang thai dau sac","2024-06-28T22:27:39.3645313","2024-06-30T13:27:39.3645313",27,0
468,"ERR-00468",27,189,"Medium","Dong dien dao dong bat thuong trong gio cao diem","2024-07-09T22:27:39.3645313",,,1
469,"ERR-00469",27,190,"High","Mat ket noi voi bo dieu khien cong sac","2024-07-20T22:27:39.3645313","2024-07-22T15:27:39.3645313",29,0
470,"ERR-00470",25,191,"Low","Can hieu chuan lai cam bien trang thai dau sac","2024-07-31T22:27:39.3645313","2024-08-02T16:27:39.3645313",30,0
471,"ERR-00471",25,192,"Medium","Dong dien dao dong bat thuong trong gio cao diem","2024-08-11T22:27:39.3645313","2024-08-13T17:27:39.3645313",31,0
472,"ERR-00472",25,193,"Low","Can hieu chuan lai cam bien trang thai dau sac","2024-08-22T22:27:39.3645313","2024-08-24T18:27:39.3645313",32,0
473,"ERR-00473",22,194,"Low","Can hieu chuan lai cam bien trang thai dau sac","2024-09-02T22:27:39.3645313","2024-09-04T19:27:39.3645313",33,0
474,"ERR-00474",22,195,"Medium","Dong dien dao dong bat thuong trong gio cao diem","2024-09-13T22:27:39.3645313","2024-09-15T20:27:39.3645313",34,0
475,"ERR-00475",22,196,"Low","Can hieu chuan lai cam bien trang thai dau sac","2024-09-24T22:27:39.3645313","2024-09-26T21:27:39.3645313",35,0
476,"ERR-00476",19,197,"Critical","Nhiet do dau sac vuot nguong, tam dung phien sac de kiem tra","2024-10-05T22:27:39.3645313","2024-10-07T22:27:39.3645313",36,0
477,"ERR-00477",19,198,"Medium","Dong dien dao dong bat thuong trong gio cao diem","2024-10-16T22:27:39.3645313",,,1
478,"ERR-00478",19,199,"Low","Can hieu chuan lai cam bien trang thai dau sac","2024-10-27T22:27:39.3645313","2024-10-30T00:27:39.3645313",10,0
479,"ERR-00479",20,200,"Low","Can hieu chuan lai cam bien trang thai dau sac","2024-11-07T22:27:39.3645313","2024-11-10T01:27:39.3645313",11,0
480,"ERR-00480",20,201,"Medium","Dong dien dao dong bat thuong trong gio cao diem","2024-11-18T22:27:39.3645313","2024-11-19T02:27:39.3645313",12,0
481,"ERR-00481",20,202,"Low","Can hieu chuan lai cam bien trang thai dau sac","2024-11-29T22:27:39.3645313","2024-11-30T03:27:39.3645313",13,0
482,"ERR-00482",15,203,"Low","Can hieu chuan lai cam bien trang thai dau sac","2024-12-10T22:27:39.3645313","2024-12-11T04:27:39.3645313",14,0
483,"ERR-00483",15,204,"High","Mat ket noi voi bo dieu khien cong sac","2024-12-21T22:27:39.3645313","2024-12-22T05:27:39.3645313",15,0
484,"ERR-00484",15,205,"Low","Can hieu chuan lai cam bien trang thai dau sac","2025-01-01T22:27:39.3645313","2025-01-02T06:27:39.3645313",16,0
485,"ERR-00485",13,206,"Low","Can hieu chuan lai cam bien trang thai dau sac","2025-01-12T22:27:39.3645313","2025-01-13T07:27:39.3645313",17,0
486,"ERR-00486",13,207,"Medium","Dong dien dao dong bat thuong trong gio cao diem","2025-01-23T22:27:39.3645313",,,1
487,"ERR-00487",13,208,"Low","Can hieu chuan lai cam bien trang thai dau sac","2025-02-03T22:27:39.3645313","2025-02-04T09:27:39.3645313",19,0
488,"ERR-00488",11,209,"Low","Can hieu chuan lai cam bien trang thai dau sac","2025-02-14T22:27:39.3645313","2025-02-15T10:27:39.3645313",20,0
489,"ERR-00489",11,210,"Medium","Dong dien dao dong bat thuong trong gio cao diem","2025-02-25T22:27:39.3645313","2025-02-26T11:27:39.3645313",21,0
490,"ERR-00490",11,211,"High","Mat ket noi voi bo dieu khien cong sac","2025-03-08T22:27:39.3645313","2025-03-09T12:27:39.3645313",22,0
491,"ERR-00491",7,212,"Low","Can hieu chuan lai cam bien trang thai dau sac","2025-03-19T22:27:39.3645313","2025-03-20T13:27:39.3645313",23,0
492,"ERR-00492",7,213,"Medium","Dong dien dao dong bat thuong trong gio cao diem","2025-03-30T22:27:39.3645313","2025-03-31T14:27:39.3645313",24,0
493,"ERR-00493",7,214,"Critical","Nhiet do dau sac vuot nguong, tam dung phien sac de kiem tra","2025-04-10T22:27:39.3645313","2025-04-11T15:27:39.3645313",25,0
494,"ERR-00494",4,215,"Low","Can hieu chuan lai cam bien trang thai dau sac","2025-04-21T22:27:39.3645313","2025-04-22T16:27:39.3645313",26,0
495,"ERR-00495",4,216,"Medium","Dong dien dao dong bat thuong trong gio cao diem","2025-05-02T22:27:39.3645313",,,1
496,"ERR-00496",4,217,"Low","Can hieu chuan lai cam bien trang thai dau sac","2025-05-13T22:27:39.3645313","2025-05-14T18:27:39.3645313",28,0
497,"ERR-00497",2,218,"High","Mat ket noi voi bo dieu khien cong sac","2025-05-24T22:27:39.3645313","2025-05-25T19:27:39.3645313",29,0
498,"ERR-00498",2,219,"Medium","Dong dien dao dong bat thuong trong gio cao diem","2025-06-04T22:27:39.3645313","2025-06-05T20:27:39.3645313",30,0
499,"ERR-00499",2,220,"Low","Can hieu chuan lai cam bien trang thai dau sac","2025-06-15T22:27:39.3645313","2025-06-16T21:27:39.3645313",31,0
500,"ERR-00500",8,221,"Low","Can hieu chuan lai cam bien trang thai dau sac","2025-06-26T22:27:39.3645313","2025-06-27T22:27:39.3645313",32,0
501,"ERR-00501",8,222,"Medium","Dong dien dao dong bat thuong trong gio cao diem","2025-07-07T22:27:39.3645313","2025-07-08T23:27:39.3645313",33,0
502,"ERR-00502",8,223,"Low","Can hieu chuan lai cam bien trang thai dau sac","2025-07-18T22:27:39.3645313","2025-07-20T00:27:39.3645313",34,0
503,"ERR-00503",8,224,"Low","Can hieu chuan lai cam bien trang thai dau sac","2025-07-29T22:27:39.3645313","2025-07-31T01:27:39.3645313",35,0
504,"ERR-00504",8,225,"High","Mat ket noi voi bo dieu khien cong sac","2025-08-09T22:27:39.3645313",,,1
505,"ERR-00505",17,226,"Low","Can hieu chuan lai cam bien trang thai dau sac","2025-08-20T22:27:39.3645313","2025-08-22T03:27:39.3645313",9,0
506,"ERR-00506",17,227,"Low","Can hieu chuan lai cam bien trang thai dau sac","2025-08-31T22:27:39.3645313","2025-09-02T04:27:39.3645313",10,0
507,"ERR-00507",17,228,"Medium","Dong dien dao dong bat thuong trong gio cao diem","2025-09-11T22:27:39.3645313","2025-09-13T05:27:39.3645313",11,0
508,"ERR-00508",17,229,"Low","Can hieu chuan lai cam bien trang thai dau sac","2025-09-22T22:27:39.3645313","2025-09-24T06:27:39.3645313",12,0
509,"ERR-00509",17,230,"Low","Can hieu chuan lai cam bien trang thai dau sac","2025-10-03T22:27:39.3645313","2025-10-05T07:27:39.3645313",13,0
510,"ERR-00510",28,231,"Critical","Nhiet do dau sac vuot nguong, tam dung phien sac de kiem tra","2025-10-14T22:27:39.3645313","2025-10-16T08:27:39.3645313",14,0
511,"ERR-00511",28,232,"High","Mat ket noi voi bo dieu khien cong sac","2025-10-25T22:27:39.3645313","2025-10-27T09:27:39.3645313",15,0
512,"ERR-00512",28,233,"Low","Can hieu chuan lai cam bien trang thai dau sac","2025-11-05T22:27:39.3645313","2025-11-07T10:27:39.3645313",16,0
513,"ERR-00513",28,234,"Medium","Dong dien dao dong bat thuong trong gio cao diem","2025-11-16T22:27:39.3645313",,,1
514,"ERR-00514",28,235,"Low","Can hieu chuan lai cam bien trang thai dau sac","2025-11-27T22:27:39.3645313","2025-11-29T12:27:39.3645313",18,0
515,"ERR-00515",38,236,"Low","Can hieu chuan lai cam bien trang thai dau sac","2025-12-08T22:27:39.3645313","2025-12-10T13:27:39.3645313",19,0
516,"ERR-00516",38,237,"Medium","Dong dien dao dong bat thuong trong gio cao diem","2025-12-19T22:27:39.3645313","2025-12-21T14:27:39.3645313",20,0
517,"ERR-00517",38,238,"Low","Can hieu chuan lai cam bien trang thai dau sac","2025-12-30T22:27:39.3645313","2026-01-01T15:27:39.3645313",21,0
518,"ERR-00518",38,239,"High","Mat ket noi voi bo dieu khien cong sac","2026-01-10T22:27:39.3645313","2026-01-12T16:27:39.3645313",22,0
519,"ERR-00519",38,240,"Medium","Dong dien dao dong bat thuong trong gio cao diem","2026-01-21T22:27:39.3645313","2026-01-23T17:27:39.3645313",23,0
520,"ERR-00520",48,241,"Low","Can hieu chuan lai cam bien trang thai dau sac","2026-02-01T22:27:39.3645313","2026-02-03T18:27:39.3645313",24,0
521,"ERR-00521",48,242,"Low","Can hieu chuan lai cam bien trang thai dau sac","2026-02-12T22:27:39.3645313","2026-02-14T19:27:39.3645313",25,0
522,"ERR-00522",48,243,"Medium","Dong dien dao dong bat thuong trong gio cao diem","2026-02-23T22:27:39.3645313",,,1
523,"ERR-00523",48,244,"Low","Can hieu chuan lai cam bien trang thai dau sac","2026-03-06T22:27:39.3645313","2026-03-08T21:27:39.3645313",27,0
524,"ERR-00524",48,245,"Low","Can hieu chuan lai cam bien trang thai dau sac","2026-03-17T22:27:39.3645313","2026-03-19T22:27:39.3645313",28,0
525,"ERR-00525",53,246,"High","Mat ket noi voi bo dieu khien cong sac","2026-03-28T22:27:39.3645313","2026-03-30T23:27:39.3645313",29,0
526,"ERR-00526",53,247,"Low","Can hieu chuan lai cam bien trang thai dau sac","2026-04-08T22:27:39.3645313","2026-04-11T00:27:39.3645313",30,0
527,"ERR-00527",53,248,"Critical","Nhiet do dau sac vuot nguong, tam dung phien sac de kiem tra","2026-04-19T22:27:39.3645313","2026-04-22T01:27:39.3645313",31,0
528,"ERR-00528",53,249,"Medium","Dong dien dao dong bat thuong trong gio cao diem","2026-04-30T22:27:39.3645313","2026-05-01T02:27:39.3645313",32,0
529,"ERR-00529",53,250,"Low","Can hieu chuan lai cam bien trang thai dau sac","2026-05-11T22:27:39.3645313","2026-05-12T03:27:39.3645313",33,0
530,"ERR-00530",59,251,"Low","Can hieu chuan lai cam bien trang thai dau sac","2026-05-22T22:27:39.3645313","2026-05-23T04:27:39.3645313",34,0
531,"ERR-00531",59,252,"Medium","Dong dien dao dong bat thuong trong gio cao diem","2024-06-02T22:27:39.3645313",,,1
532,"ERR-00532",59,253,"High","Mat ket noi voi bo dieu khien cong sac","2024-06-13T22:27:39.3645313","2024-06-14T06:27:39.3645313",36,0
533,"ERR-00533",59,254,"Low","Can hieu chuan lai cam bien trang thai dau sac","2024-06-24T22:27:39.3645313","2024-06-25T07:27:39.3645313",9,0
534,"ERR-00534",59,255,"Medium","Dong dien dao dong bat thuong trong gio cao diem","2024-07-05T22:27:39.3645313","2024-07-06T08:27:39.3645313",10,0
535,"ERR-00535",68,256,"Low","Can hieu chuan lai cam bien trang thai dau sac","2024-07-16T22:27:39.3645313","2024-07-17T09:27:39.3645313",11,0
536,"ERR-00536",68,257,"Low","Can hieu chuan lai cam bien trang thai dau sac","2024-07-27T22:27:39.3645313","2024-07-28T10:27:39.3645313",12,0
537,"ERR-00537",68,258,"Medium","Dong dien dao dong bat thuong trong gio cao diem","2024-08-07T22:27:39.3645313","2024-08-08T11:27:39.3645313",13,0
538,"ERR-00538",68,259,"Low","Can hieu chuan lai cam bien trang thai dau sac","2024-08-18T22:27:39.3645313","2024-08-19T12:27:39.3645313",14,0
539,"ERR-00539",68,260,"High","Mat ket noi voi bo dieu khien cong sac","2024-08-29T22:27:39.3645313","2024-08-30T13:27:39.3645313",15,0
540,"ERR-00540",74,261,"Medium","Dong dien dao dong bat thuong trong gio cao diem","2024-09-09T22:27:39.3645313",,,1
541,"ERR-00541",74,262,"Low","Can hieu chuan lai cam bien trang thai dau sac","2024-09-20T22:27:39.3645313","2024-09-21T15:27:39.3645313",17,0
542,"ERR-00542",74,263,"Low","Can hieu chuan lai cam bien trang thai dau sac","2024-10-01T22:27:39.3645313","2024-10-02T16:27:39.3645313",18,0
543,"ERR-00543",74,264,"Medium","Dong dien dao dong bat thuong trong gio cao diem","2024-10-12T22:27:39.3645313","2024-10-13T17:27:39.3645313",19,0
544,"ERR-00544",74,265,"Critical","Nhiet do dau sac vuot nguong, tam dung phien sac de kiem tra","2024-10-23T22:27:39.3645313","2024-10-24T18:27:39.3645313",20,0
545,"ERR-00545",80,266,"Low","Can hieu chuan lai cam bien trang thai dau sac","2024-11-03T22:27:39.3645313","2024-11-04T19:27:39.3645313",21,0
546,"ERR-00546",80,267,"High","Mat ket noi voi bo dieu khien cong sac","2024-11-14T22:27:39.3645313","2024-11-15T20:27:39.3645313",22,0
547,"ERR-00547",80,268,"Low","Can hieu chuan lai cam bien trang thai dau sac","2024-11-25T22:27:39.3645313","2024-11-26T21:27:39.3645313",23,0
548,"ERR-00548",80,269,"Low","Can hieu chuan lai cam bien trang thai dau sac","2024-12-06T22:27:39.3645313","2024-12-07T22:27:39.3645313",24,0
549,"ERR-00549",80,270,"Medium","Dong dien dao dong bat thuong trong gio cao diem","2024-12-17T22:27:39.3645313",,,1
550,"ERR-00550",89,271,"Low","Can hieu chuan lai cam bien trang thai dau sac","2024-12-28T22:27:39.3645313","2024-12-30T00:27:39.3645313",26,0
551,"ERR-00551",89,272,"Low","Can hieu chuan lai cam bien trang thai dau sac","2025-01-08T22:27:39.3645313","2025-01-10T01:27:39.3645313",27,0
552,"ERR-00552",89,273,"Medium","Dong dien dao dong bat thuong trong gio cao diem","2025-01-19T22:27:39.3645313","2025-01-21T02:27:39.3645313",28,0
553,"ERR-00553",89,274,"High","Mat ket noi voi bo dieu khien cong sac","2025-01-30T22:27:39.3645313","2025-02-01T03:27:39.3645313",29,0
554,"ERR-00554",89,275,"Low","Can hieu chuan lai cam bien trang thai dau sac","2025-02-10T22:27:39.3645313","2025-02-12T04:27:39.3645313",30,0
555,"ERR-00555",98,276,"Medium","Dong dien dao dong bat thuong trong gio cao diem","2025-02-21T22:27:39.3645313","2025-02-23T05:27:39.3645313",31,0
556,"ERR-00556",98,277,"Low","Can hieu chuan lai cam bien trang thai dau sac","2025-03-04T22:27:39.3645313","2025-03-06T06:27:39.3645313",32,0
557,"ERR-00557",98,278,"Low","Can hieu chuan lai cam bien trang thai dau sac","2025-03-15T22:27:39.3645313","2025-03-17T07:27:39.3645313",33,0
558,"ERR-00558",98,279,"Medium","Dong dien dao dong bat thuong trong gio cao diem","2025-03-26T22:27:39.3645313",,,1
559,"ERR-00559",98,280,"Low","Can hieu chuan lai cam bien trang thai dau sac","2025-04-06T22:27:39.3645313","2025-04-08T09:27:39.3645313",35,0
560,"ERR-00560",1,1,"High","Mat ket noi voi bo dieu khien cong sac","2025-04-17T22:27:39.3645313","2025-04-19T10:27:39.3645313",36,0
561,"ERR-00561",1,2,"Critical","Nhiet do dau sac vuot nguong, tam dung phien sac de kiem tra","2025-04-28T22:27:39.3645313","2025-04-30T11:27:39.3645313",9,0
562,"ERR-00562",3,3,"Low","Can hieu chuan lai cam bien trang thai dau sac","2025-05-09T22:27:39.3645313","2025-05-11T12:27:39.3645313",10,0
563,"ERR-00563",3,4,"Low","Can hieu chuan lai cam bien trang thai dau sac","2025-05-20T22:27:39.3645313","2025-05-22T13:27:39.3645313",11,0
564,"ERR-00564",5,5,"Medium","Dong dien dao dong bat thuong trong gio cao diem","2025-05-31T22:27:39.3645313","2025-06-02T14:27:39.3645313",12,0
565,"ERR-00565",5,6,"Low","Can hieu chuan lai cam bien trang thai dau sac","2025-06-11T22:27:39.3645313","2025-06-13T15:27:39.3645313",13,0
566,"ERR-00566",6,7,"Low","Can hieu chuan lai cam bien trang thai dau sac","2025-06-22T22:27:39.3645313","2025-06-24T16:27:39.3645313",14,0
567,"ERR-00567",6,8,"High","Mat ket noi voi bo dieu khien cong sac","2025-07-03T22:27:39.3645313",,,1
568,"ERR-00568",10,9,"Low","Can hieu chuan lai cam bien trang thai dau sac","2025-07-14T22:27:39.3645313","2025-07-16T18:27:39.3645313",16,0
569,"ERR-00569",10,10,"Low","Can hieu chuan lai cam bien trang thai dau sac","2025-07-25T22:27:39.3645313","2025-07-27T19:27:39.3645313",17,0
570,"ERR-00570",12,11,"Medium","Dong dien dao dong bat thuong trong gio cao diem","2025-08-05T22:27:39.3645313","2025-08-07T20:27:39.3645313",18,0
571,"ERR-00571",12,12,"Low","Can hieu chuan lai cam bien trang thai dau sac","2025-08-16T22:27:39.3645313","2025-08-18T21:27:39.3645313",19,0
572,"ERR-00572",14,13,"Low","Can hieu chuan lai cam bien trang thai dau sac","2025-08-27T22:27:39.3645313","2025-08-29T22:27:39.3645313",20,0
573,"ERR-00573",14,14,"Medium","Dong dien dao dong bat thuong trong gio cao diem","2025-09-07T22:27:39.3645313","2025-09-09T23:27:39.3645313",21,0
574,"ERR-00574",16,15,"High","Mat ket noi voi bo dieu khien cong sac","2025-09-18T22:27:39.3645313","2025-09-21T00:27:39.3645313",22,0
575,"ERR-00575",16,16,"Low","Can hieu chuan lai cam bien trang thai dau sac","2025-09-29T22:27:39.3645313","2025-10-02T01:27:39.3645313",23,0
576,"ERR-00576",18,17,"Medium","Dong dien dao dong bat thuong trong gio cao diem","2025-10-10T22:27:39.3645313",,,1
577,"ERR-00577",18,18,"Low","Can hieu chuan lai cam bien trang thai dau sac","2025-10-21T22:27:39.3645313","2025-10-22T03:27:39.3645313",25,0
578,"ERR-00578",21,19,"Critical","Nhiet do dau sac vuot nguong, tam dung phien sac de kiem tra","2025-11-01T22:27:39.3645313","2025-11-02T04:27:39.3645313",26,0
579,"ERR-00579",21,20,"Medium","Dong dien dao dong bat thuong trong gio cao diem","2025-11-12T22:27:39.3645313","2025-11-13T05:27:39.3645313",27,0
580,"ERR-00580",23,21,"Low","Can hieu chuan lai cam bien trang thai dau sac","2025-11-23T22:27:39.3645313","2025-11-24T06:27:39.3645313",28,0
581,"ERR-00581",23,22,"High","Mat ket noi voi bo dieu khien cong sac","2025-12-04T22:27:39.3645313","2025-12-05T07:27:39.3645313",29,0
582,"ERR-00582",24,23,"Medium","Dong dien dao dong bat thuong trong gio cao diem","2025-12-15T22:27:39.3645313","2025-12-16T08:27:39.3645313",30,0
583,"ERR-00583",24,24,"Low","Can hieu chuan lai cam bien trang thai dau sac","2025-12-26T22:27:39.3645313","2025-12-27T09:27:39.3645313",31,0
584,"ERR-00584",26,25,"Low","Can hieu chuan lai cam bien trang thai dau sac","2026-01-06T22:27:39.3645313","2026-01-07T10:27:39.3645313",32,0
585,"ERR-00585",26,26,"Medium","Dong dien dao dong bat thuong trong gio cao diem","2026-01-17T22:27:39.3645313",,,1
586,"ERR-00586",30,27,"Low","Can hieu chuan lai cam bien trang thai dau sac","2026-01-28T22:27:39.3645313","2026-01-29T12:27:39.3645313",34,0
587,"ERR-00587",30,28,"Low","Can hieu chuan lai cam bien trang thai dau sac","2026-02-08T22:27:39.3645313","2026-02-09T13:27:39.3645313",35,0
588,"ERR-00588",32,29,"High","Mat ket noi voi bo dieu khien cong sac","2026-02-19T22:27:39.3645313","2026-02-20T14:27:39.3645313",36,0
589,"ERR-00589",32,30,"Low","Can hieu chuan lai cam bien trang thai dau sac","2026-03-02T22:27:39.3645313","2026-03-03T15:27:39.3645313",9,0
590,"ERR-00590",34,31,"Low","Can hieu chuan lai cam bien trang thai dau sac","2026-03-13T22:27:39.3645313","2026-03-14T16:27:39.3645313",10,0
591,"ERR-00591",34,32,"Medium","Dong dien dao dong bat thuong trong gio cao diem","2026-03-24T22:27:39.3645313","2026-03-25T17:27:39.3645313",11,0
592,"ERR-00592",35,33,"Low","Can hieu chuan lai cam bien trang thai dau sac","2026-04-04T22:27:39.3645313","2026-04-05T18:27:39.3645313",12,0
593,"ERR-00593",35,34,"Low","Can hieu chuan lai cam bien trang thai dau sac","2026-04-15T22:27:39.3645313","2026-04-16T19:27:39.3645313",13,0
594,"ERR-00594",37,35,"Medium","Dong dien dao dong bat thuong trong gio cao diem","2026-04-26T22:27:39.3645313",,,1
595,"ERR-00595",37,36,"Critical","Nhiet do dau sac vuot nguong, tam dung phien sac de kiem tra","2026-05-07T22:27:39.3645313","2026-05-08T21:27:39.3645313",15,0
596,"ERR-00596",39,37,"Low","Can hieu chuan lai cam bien trang thai dau sac","2026-05-18T22:27:39.3645313","2026-05-19T22:27:39.3645313",16,0
597,"ERR-00597",39,38,"Medium","Dong dien dao dong bat thuong trong gio cao diem","2026-05-29T22:27:39.3645313","2026-05-30T23:27:39.3645313",17,0
598,"ERR-00598",42,39,"Low","Can hieu chuan lai cam bien trang thai dau sac","2024-06-09T22:27:39.3645313","2024-06-11T00:27:39.3645313",18,0
599,"ERR-00599",42,40,"Low","Can hieu chuan lai cam bien trang thai dau sac","2024-06-20T22:27:39.3645313","2024-06-22T01:27:39.3645313",19,0
600,"ERR-00600",44,41,"Medium","Dong dien dao dong bat thuong trong gio cao diem","2024-07-01T22:27:39.3645313","2024-07-03T02:27:39.3645313",20,0
601,"ERR-00601",44,42,"Low","Can hieu chuan lai cam bien trang thai dau sac","2024-07-12T22:27:39.3645313","2024-07-14T03:27:39.3645313",21,0
602,"ERR-00602",46,43,"High","Mat ket noi voi bo dieu khien cong sac","2024-07-23T22:27:39.3645313","2024-07-25T04:27:39.3645313",22,0
603,"ERR-00603",46,44,"Medium","Dong dien dao dong bat thuong trong gio cao diem","2024-08-03T22:27:39.3645313",,,1
604,"ERR-00604",50,45,"Low","Can hieu chuan lai cam bien trang thai dau sac","2024-08-14T22:27:39.3645313","2024-08-16T06:27:39.3645313",24,0
605,"ERR-00605",50,46,"Low","Can hieu chuan lai cam bien trang thai dau sac","2024-08-25T22:27:39.3645313","2024-08-27T07:27:39.3645313",25,0
606,"ERR-00606",52,47,"Medium","Dong dien dao dong bat thuong trong gio cao diem","2024-09-05T22:27:39.3645313","2024-09-07T08:27:39.3645313",26,0
607,"ERR-00607",52,48,"Low","Can hieu chuan lai cam bien trang thai dau sac","2024-09-16T22:27:39.3645313","2024-09-18T09:27:39.3645313",27,0
608,"ERR-00608",55,49,"Low","Can hieu chuan lai cam bien trang thai dau sac","2024-09-27T22:27:39.3645313","2024-09-29T10:27:39.3645313",28,0
609,"ERR-00609",55,50,"High","Mat ket noi voi bo dieu khien cong sac","2024-10-08T22:27:39.3645313","2024-10-10T11:27:39.3645313",29,0
610,"ERR-00610",57,51,"Low","Can hieu chuan lai cam bien trang thai dau sac","2024-10-19T22:27:39.3645313","2024-10-21T12:27:39.3645313",30,0
611,"ERR-00611",57,52,"Low","Can hieu chuan lai cam bien trang thai dau sac","2024-10-30T22:27:39.3645313","2024-11-01T13:27:39.3645313",31,0
612,"ERR-00612",60,53,"Critical","Nhiet do dau sac vuot nguong, tam dung phien sac de kiem tra","2024-11-10T22:27:39.3645313",,,1
613,"ERR-00613",60,54,"Low","Can hieu chuan lai cam bien trang thai dau sac","2024-11-21T22:27:39.3645313","2024-11-23T15:27:39.3645313",33,0
614,"ERR-00614",62,55,"Low","Can hieu chuan lai cam bien trang thai dau sac","2024-12-02T22:27:39.3645313","2024-12-04T16:27:39.3645313",34,0
615,"ERR-00615",62,56,"Medium","Dong dien dao dong bat thuong trong gio cao diem","2024-12-13T22:27:39.3645313","2024-12-15T17:27:39.3645313",35,0
616,"ERR-00616",65,57,"High","Mat ket noi voi bo dieu khien cong sac","2024-12-24T22:27:39.3645313","2024-12-26T18:27:39.3645313",36,0
617,"ERR-00617",65,58,"Low","Can hieu chuan lai cam bien trang thai dau sac","2025-01-04T22:27:39.3645313","2025-01-06T19:27:39.3645313",9,0
618,"ERR-00618",67,59,"Medium","Dong dien dao dong bat thuong trong gio cao diem","2025-01-15T22:27:39.3645313","2025-01-17T20:27:39.3645313",10,0
619,"ERR-00619",67,60,"Low","Can hieu chuan lai cam bien trang thai dau sac","2025-01-26T22:27:39.3645313","2025-01-28T21:27:39.3645313",11,0
620,"ERR-00620",70,61,"Low","Can hieu chuan lai cam bien trang thai dau sac","2025-02-06T22:27:39.3645313","2025-02-08T22:27:39.3645313",12,0
621,"ERR-00621",70,62,"Medium","Dong dien dao dong bat thuong trong gio cao diem","2025-02-17T22:27:39.3645313",,,1
622,"ERR-00622",73,63,"Low","Can hieu chuan lai cam bien trang thai dau sac","2025-02-28T22:27:39.3645313","2025-03-03T00:27:39.3645313",14,0
623,"ERR-00623",73,64,"High","Mat ket noi voi bo dieu khien cong sac","2025-03-11T22:27:39.3645313","2025-03-14T01:27:39.3645313",15,0
624,"ERR-00624",75,65,"Medium","Dong dien dao dong bat thuong trong gio cao diem","2025-03-22T22:27:39.3645313","2025-03-23T02:27:39.3645313",16,0
625,"ERR-00625",75,66,"Low","Can hieu chuan lai cam bien trang thai dau sac","2025-04-02T22:27:39.3645313","2025-04-03T03:27:39.3645313",17,0
626,"ERR-00626",76,67,"Low","Can hieu chuan lai cam bien trang thai dau sac","2025-04-13T22:27:39.3645313","2025-04-14T04:27:39.3645313",18,0
627,"ERR-00627",76,68,"Medium","Dong dien dao dong bat thuong trong gio cao diem","2025-04-24T22:27:39.3645313","2025-04-25T05:27:39.3645313",19,0
628,"ERR-00628",78,69,"Low","Can hieu chuan lai cam bien trang thai dau sac","2025-05-05T22:27:39.3645313","2025-05-06T06:27:39.3645313",20,0
629,"ERR-00629",78,70,"Critical","Nhiet do dau sac vuot nguong, tam dung phien sac de kiem tra","2025-05-16T22:27:39.3645313","2025-05-17T07:27:39.3645313",21,0
630,"ERR-00630",81,71,"High","Mat ket noi voi bo dieu khien cong sac","2025-05-27T22:27:39.3645313",,,1
631,"ERR-00631",81,72,"Low","Can hieu chuan lai cam bien trang thai dau sac","2025-06-07T22:27:39.3645313","2025-06-08T09:27:39.3645313",23,0
632,"ERR-00632",83,73,"Low","Can hieu chuan lai cam bien trang thai dau sac","2025-06-18T22:27:39.3645313","2025-06-19T10:27:39.3645313",24,0
633,"ERR-00633",83,74,"Medium","Dong dien dao dong bat thuong trong gio cao diem","2025-06-29T22:27:39.3645313","2025-06-30T11:27:39.3645313",25,0
634,"ERR-00634",85,75,"Low","Can hieu chuan lai cam bien trang thai dau sac","2025-07-10T22:27:39.3645313","2025-07-11T12:27:39.3645313",26,0
635,"ERR-00635",85,76,"Low","Can hieu chuan lai cam bien trang thai dau sac","2025-07-21T22:27:39.3645313","2025-07-22T13:27:39.3645313",27,0
636,"ERR-00636",87,77,"Medium","Dong dien dao dong bat thuong trong gio cao diem","2025-08-01T22:27:39.3645313","2025-08-02T14:27:39.3645313",28,0
637,"ERR-00637",87,78,"High","Mat ket noi voi bo dieu khien cong sac","2025-08-12T22:27:39.3645313","2025-08-13T15:27:39.3645313",29,0
638,"ERR-00638",91,79,"Low","Can hieu chuan lai cam bien trang thai dau sac","2025-08-23T22:27:39.3645313","2025-08-24T16:27:39.3645313",30,0
639,"ERR-00639",91,80,"Medium","Dong dien dao dong bat thuong trong gio cao diem","2025-09-03T22:27:39.3645313",,,1
640,"ERR-00640",93,81,"Low","Can hieu chuan lai cam bien trang thai dau sac","2025-09-14T22:27:39.3645313","2025-09-15T18:27:39.3645313",32,0
641,"ERR-00641",93,82,"Low","Can hieu chuan lai cam bien trang thai dau sac","2025-09-25T22:27:39.3645313","2025-09-26T19:27:39.3645313",33,0
642,"ERR-00642",95,83,"Medium","Dong dien dao dong bat thuong trong gio cao diem","2025-10-06T22:27:39.3645313","2025-10-07T20:27:39.3645313",34,0
643,"ERR-00643",95,84,"Low","Can hieu chuan lai cam bien trang thai dau sac","2025-10-17T22:27:39.3645313","2025-10-18T21:27:39.3645313",35,0
644,"ERR-00644",97,85,"High","Mat ket noi voi bo dieu khien cong sac","2025-10-28T22:27:39.3645313","2025-10-29T22:27:39.3645313",36,0
645,"ERR-00645",97,86,"Medium","Dong dien dao dong bat thuong trong gio cao diem","2025-11-08T22:27:39.3645313","2025-11-09T23:27:39.3645313",9,0
646,"ERR-00646",99,87,"Critical","Nhiet do dau sac vuot nguong, tam dung phien sac de kiem tra","2025-11-19T22:27:39.3645313","2025-11-21T00:27:39.3645313",10,0
647,"ERR-00647",99,88,"Low","Can hieu chuan lai cam bien trang thai dau sac","2025-11-30T22:27:39.3645313","2025-12-02T01:27:39.3645313",11,0
648,"ERR-00648",100,89,"Medium","Dong dien dao dong bat thuong trong gio cao diem","2025-12-11T22:27:39.3645313",,,1
649,"ERR-00649",100,90,"Low","Can hieu chuan lai cam bien trang thai dau sac","2025-12-22T22:27:39.3645313","2025-12-24T03:27:39.3645313",13,0
650,"ERR-00650",100,91,"Low","Can hieu chuan lai cam bien trang thai dau sac","2026-01-02T22:27:39.3645313","2026-01-04T04:27:39.3645313",14,0
651,"ERR-00651",96,92,"High","Mat ket noi voi bo dieu khien cong sac","2026-01-13T22:27:39.3645313","2026-01-15T05:27:39.3645313",15,0
652,"ERR-00652",96,93,"Low","Can hieu chuan lai cam bien trang thai dau sac","2026-01-24T22:27:39.3645313","2026-01-26T06:27:39.3645313",16,0
653,"ERR-00653",96,94,"Low","Can hieu chuan lai cam bien trang thai dau sac","2026-02-04T22:27:39.3645313","2026-02-06T07:27:39.3645313",17,0
654,"ERR-00654",94,95,"Medium","Dong dien dao dong bat thuong trong gio cao diem","2026-02-15T22:27:39.3645313","2026-02-17T08:27:39.3645313",18,0
655,"ERR-00655",94,96,"Low","Can hieu chuan lai cam bien trang thai dau sac","2026-02-26T22:27:39.3645313","2026-02-28T09:27:39.3645313",19,0
656,"ERR-00656",94,97,"Low","Can hieu chuan lai cam bien trang thai dau sac","2026-03-09T22:27:39.3645313","2026-03-11T10:27:39.3645313",20,0
657,"ERR-00657",92,98,"Medium","Dong dien dao dong bat thuong trong gio cao diem","2026-03-20T22:27:39.3645313",,,1
658,"ERR-00658",92,99,"High","Mat ket noi voi bo dieu khien cong sac","2026-03-31T22:27:39.3645313","2026-04-02T12:27:39.3645313",22,0
659,"ERR-00659",92,100,"Low","Can hieu chuan lai cam bien trang thai dau sac","2026-04-11T22:27:39.3645313","2026-04-13T13:27:39.3645313",23,0
660,"ERR-00660",69,101,"Medium","Dong dien dao dong bat thuong trong gio cao diem","2026-04-22T22:27:39.3645313","2026-04-24T14:27:39.3645313",24,0
661,"ERR-00661",69,102,"Low","Can hieu chuan lai cam bien trang thai dau sac","2026-05-03T22:27:39.3645313","2026-05-05T15:27:39.3645313",25,0
662,"ERR-00662",69,103,"Low","Can hieu chuan lai cam bien trang thai dau sac","2026-05-14T22:27:39.3645313","2026-05-16T16:27:39.3645313",26,0
663,"ERR-00663",90,104,"Critical","Nhiet do dau sac vuot nguong, tam dung phien sac de kiem tra","2026-05-25T22:27:39.3645313","2026-05-27T17:27:39.3645313",27,0
664,"ERR-00664",90,105,"Low","Can hieu chuan lai cam bien trang thai dau sac","2024-06-05T22:27:39.3645313","2024-06-07T18:27:39.3645313",28,0
665,"ERR-00665",90,106,"High","Mat ket noi voi bo dieu khien cong sac","2024-06-16T22:27:39.3645313","2024-06-18T19:27:39.3645313",29,0
666,"ERR-00666",88,107,"Medium","Dong dien dao dong bat thuong trong gio cao diem","2024-06-27T22:27:39.3645313",,,1
667,"ERR-00667",88,108,"Low","Can hieu chuan lai cam bien trang thai dau sac","2024-07-08T22:27:39.3645313","2024-07-10T21:27:39.3645313",31,0
668,"ERR-00668",88,109,"Low","Can hieu chuan lai cam bien trang thai dau sac","2024-07-19T22:27:39.3645313","2024-07-21T22:27:39.3645313",32,0
669,"ERR-00669",86,110,"Medium","Dong dien dao dong bat thuong trong gio cao diem","2024-07-30T22:27:39.3645313","2024-08-01T23:27:39.3645313",33,0
670,"ERR-00670",86,111,"Low","Can hieu chuan lai cam bien trang thai dau sac","2024-08-10T22:27:39.3645313","2024-08-13T00:27:39.3645313",34,0
671,"ERR-00671",86,112,"Low","Can hieu chuan lai cam bien trang thai dau sac","2024-08-21T22:27:39.3645313","2024-08-24T01:27:39.3645313",35,0
672,"ERR-00672",84,113,"High","Mat ket noi voi bo dieu khien cong sac","2024-09-01T22:27:39.3645313","2024-09-02T02:27:39.3645313",36,0
673,"ERR-00673",84,114,"Low","Can hieu chuan lai cam bien trang thai dau sac","2024-09-12T22:27:39.3645313","2024-09-13T03:27:39.3645313",9,0
674,"ERR-00674",84,115,"Low","Can hieu chuan lai cam bien trang thai dau sac","2024-09-23T22:27:39.3645313","2024-09-24T04:27:39.3645313",10,0
675,"ERR-00675",82,116,"Medium","Dong dien dao dong bat thuong trong gio cao diem","2024-10-04T22:27:39.3645313",,,1
676,"ERR-00676",82,117,"Low","Can hieu chuan lai cam bien trang thai dau sac","2024-10-15T22:27:39.3645313","2024-10-16T06:27:39.3645313",12,0
677,"ERR-00677",82,118,"Low","Can hieu chuan lai cam bien trang thai dau sac","2024-10-26T22:27:39.3645313","2024-10-27T07:27:39.3645313",13,0
678,"ERR-00678",79,119,"Medium","Dong dien dao dong bat thuong trong gio cao diem","2024-11-06T22:27:39.3645313","2024-11-07T08:27:39.3645313",14,0
679,"ERR-00679",79,120,"High","Mat ket noi voi bo dieu khien cong sac","2024-11-17T22:27:39.3645313","2024-11-18T09:27:39.3645313",15,0
680,"ERR-00680",79,121,"Critical","Nhiet do dau sac vuot nguong, tam dung phien sac de kiem tra","2024-11-28T22:27:39.3645313","2024-11-29T10:27:39.3645313",16,0
681,"ERR-00681",77,122,"Medium","Dong dien dao dong bat thuong trong gio cao diem","2024-12-09T22:27:39.3645313","2024-12-10T11:27:39.3645313",17,0
682,"ERR-00682",77,123,"Low","Can hieu chuan lai cam bien trang thai dau sac","2024-12-20T22:27:39.3645313","2024-12-21T12:27:39.3645313",18,0
683,"ERR-00683",77,124,"Low","Can hieu chuan lai cam bien trang thai dau sac","2024-12-31T22:27:39.3645313","2025-01-01T13:27:39.3645313",19,0
684,"ERR-00684",71,125,"Medium","Dong dien dao dong bat thuong trong gio cao diem","2025-01-11T22:27:39.3645313",,,1
685,"ERR-00685",71,126,"Low","Can hieu chuan lai cam bien trang thai dau sac","2025-01-22T22:27:39.3645313","2025-01-23T15:27:39.3645313",21,0
686,"ERR-00686",71,127,"High","Mat ket noi voi bo dieu khien cong sac","2025-02-02T22:27:39.3645313","2025-02-03T16:27:39.3645313",22,0
687,"ERR-00687",72,128,"Medium","Dong dien dao dong bat thuong trong gio cao diem","2025-02-13T22:27:39.3645313","2025-02-14T17:27:39.3645313",23,0
688,"ERR-00688",72,129,"Low","Can hieu chuan lai cam bien trang thai dau sac","2025-02-24T22:27:39.3645313","2025-02-25T18:27:39.3645313",24,0
689,"ERR-00689",72,130,"Low","Can hieu chuan lai cam bien trang thai dau sac","2025-03-07T22:27:39.3645313","2025-03-08T19:27:39.3645313",25,0
690,"ERR-00690",66,131,"Medium","Dong dien dao dong bat thuong trong gio cao diem","2025-03-18T22:27:39.3645313","2025-03-19T20:27:39.3645313",26,0
691,"ERR-00691",66,132,"Low","Can hieu chuan lai cam bien trang thai dau sac","2025-03-29T22:27:39.3645313","2025-03-30T21:27:39.3645313",27,0
692,"ERR-00692",66,133,"Low","Can hieu chuan lai cam bien trang thai dau sac","2025-04-09T22:27:39.3645313","2025-04-10T22:27:39.3645313",28,0
693,"ERR-00693",63,134,"High","Mat ket noi voi bo dieu khien cong sac","2025-04-20T22:27:39.3645313",,,1
694,"ERR-00694",63,135,"Low","Can hieu chuan lai cam bien trang thai dau sac","2025-05-01T22:27:39.3645313","2025-05-03T00:27:39.3645313",30,0
695,"ERR-00695",63,136,"Low","Can hieu chuan lai cam bien trang thai dau sac","2025-05-12T22:27:39.3645313","2025-05-14T01:27:39.3645313",31,0
696,"ERR-00696",64,137,"Medium","Dong dien dao dong bat thuong trong gio cao diem","2025-05-23T22:27:39.3645313","2025-05-25T02:27:39.3645313",32,0
697,"ERR-00697",64,138,"Critical","Nhiet do dau sac vuot nguong, tam dung phien sac de kiem tra","2025-06-03T22:27:39.3645313","2025-06-05T03:27:39.3645313",33,0
698,"ERR-00698",64,139,"Low","Can hieu chuan lai cam bien trang thai dau sac","2025-06-14T22:27:39.3645313","2025-06-16T04:27:39.3645313",34,0
699,"ERR-00699",61,140,"Medium","Dong dien dao dong bat thuong trong gio cao diem","2025-06-25T22:27:39.3645313","2025-06-27T05:27:39.3645313",35,0
700,"ERR-00700",61,141,"High","Mat ket noi voi bo dieu khien cong sac","2025-07-06T22:27:39.3645313","2025-07-08T06:27:39.3645313",36,0
701,"ERR-00701",61,142,"Low","Can hieu chuan lai cam bien trang thai dau sac","2025-07-17T22:27:39.3645313","2025-07-19T07:27:39.3645313",9,0
702,"ERR-00702",58,143,"Medium","Dong dien dao dong bat thuong trong gio cao diem","2025-07-28T22:27:39.3645313",,,1
703,"ERR-00703",58,144,"Low","Can hieu chuan lai cam bien trang thai dau sac","2025-08-08T22:27:39.3645313","2025-08-10T09:27:39.3645313",11,0
704,"ERR-00704",58,145,"Low","Can hieu chuan lai cam bien trang thai dau sac","2025-08-19T22:27:39.3645313","2025-08-21T10:27:39.3645313",12,0
705,"ERR-00705",56,146,"Medium","Dong dien dao dong bat thuong trong gio cao diem","2025-08-30T22:27:39.3645313","2025-09-01T11:27:39.3645313",13,0
706,"ERR-00706",56,147,"Low","Can hieu chuan lai cam bien trang thai dau sac","2025-09-10T22:27:39.3645313","2025-09-12T12:27:39.3645313",14,0
707,"ERR-00707",56,148,"High","Mat ket noi voi bo dieu khien cong sac","2025-09-21T22:27:39.3645313","2025-09-23T13:27:39.3645313",15,0
708,"ERR-00708",49,149,"Medium","Dong dien dao dong bat thuong trong gio cao diem","2025-10-02T22:27:39.3645313","2025-10-04T14:27:39.3645313",16,0
709,"ERR-00709",49,150,"Low","Can hieu chuan lai cam bien trang thai dau sac","2025-10-13T22:27:39.3645313","2025-10-15T15:27:39.3645313",17,0
710,"ERR-00710",49,151,"Low","Can hieu chuan lai cam bien trang thai dau sac","2025-10-24T22:27:39.3645313","2025-10-26T16:27:39.3645313",18,0
711,"ERR-00711",54,152,"Medium","Dong dien dao dong bat thuong trong gio cao diem","2025-11-04T22:27:39.3645313",,,1
712,"ERR-00712",54,153,"Low","Can hieu chuan lai cam bien trang thai dau sac","2025-11-15T22:27:39.3645313","2025-11-17T18:27:39.3645313",20,0
713,"ERR-00713",54,154,"Low","Can hieu chuan lai cam bien trang thai dau sac","2025-11-26T22:27:39.3645313","2025-11-28T19:27:39.3645313",21,0
714,"ERR-00714",51,155,"Critical","Nhiet do dau sac vuot nguong, tam dung phien sac de kiem tra","2025-12-07T22:27:39.3645313","2025-12-09T20:27:39.3645313",22,0
715,"ERR-00715",51,156,"Low","Can hieu chuan lai cam bien trang thai dau sac","2025-12-18T22:27:39.3645313","2025-12-20T21:27:39.3645313",23,0
716,"ERR-00716",51,157,"Low","Can hieu chuan lai cam bien trang thai dau sac","2025-12-29T22:27:39.3645313","2025-12-31T22:27:39.3645313",24,0
717,"ERR-00717",47,158,"Medium","Dong dien dao dong bat thuong trong gio cao diem","2026-01-09T22:27:39.3645313","2026-01-11T23:27:39.3645313",25,0
718,"ERR-00718",47,159,"Low","Can hieu chuan lai cam bien trang thai dau sac","2026-01-20T22:27:39.3645313","2026-01-23T00:27:39.3645313",26,0
719,"ERR-00719",47,160,"Low","Can hieu chuan lai cam bien trang thai dau sac","2026-01-31T22:27:39.3645313","2026-02-03T01:27:39.3645313",27,0
720,"ERR-00720",45,161,"Medium","Dong dien dao dong bat thuong trong gio cao diem","2026-02-11T22:27:39.3645313",,,1
721,"ERR-00721",45,162,"High","Mat ket noi voi bo dieu khien cong sac","2026-02-22T22:27:39.3645313","2026-02-23T03:27:39.3645313",29,0
722,"ERR-00722",45,163,"Low","Can hieu chuan lai cam bien trang thai dau sac","2026-03-05T22:27:39.3645313","2026-03-06T04:27:39.3645313",30,0
723,"ERR-00723",43,164,"Medium","Dong dien dao dong bat thuong trong gio cao diem","2026-03-16T22:27:39.3645313","2026-03-17T05:27:39.3645313",31,0
724,"ERR-00724",43,165,"Low","Can hieu chuan lai cam bien trang thai dau sac","2026-03-27T22:27:39.3645313","2026-03-28T06:27:39.3645313",32,0
725,"ERR-00725",43,166,"Low","Can hieu chuan lai cam bien trang thai dau sac","2026-04-07T22:27:39.3645313","2026-04-08T07:27:39.3645313",33,0
726,"ERR-00726",40,167,"Medium","Dong dien dao dong bat thuong trong gio cao diem","2026-04-18T22:27:39.3645313","2026-04-19T08:27:39.3645313",34,0
727,"ERR-00727",40,168,"Low","Can hieu chuan lai cam bien trang thai dau sac","2026-04-29T22:27:39.3645313","2026-04-30T09:27:39.3645313",35,0
728,"ERR-00728",40,169,"High","Mat ket noi voi bo dieu khien cong sac","2026-05-10T22:27:39.3645313","2026-05-11T10:27:39.3645313",36,0
729,"ERR-00729",41,170,"Medium","Dong dien dao dong bat thuong trong gio cao diem","2026-05-21T22:27:39.3645313",,,1
730,"ERR-00730",41,171,"Low","Can hieu chuan lai cam bien trang thai dau sac","2024-06-01T22:27:39.3645313","2024-06-02T12:27:39.3645313",10,0
731,"ERR-00731",41,172,"Critical","Nhiet do dau sac vuot nguong, tam dung phien sac de kiem tra","2024-06-12T22:27:39.3645313","2024-06-13T13:27:39.3645313",11,0
732,"ERR-00732",36,173,"Medium","Dong dien dao dong bat thuong trong gio cao diem","2024-06-23T22:27:39.3645313","2024-06-24T14:27:39.3645313",12,0
733,"ERR-00733",36,174,"Low","Can hieu chuan lai cam bien trang thai dau sac","2024-07-04T22:27:39.3645313","2024-07-05T15:27:39.3645313",13,0
734,"ERR-00734",36,175,"Low","Can hieu chuan lai cam bien trang thai dau sac","2024-07-15T22:27:39.3645313","2024-07-16T16:27:39.3645313",14,0
735,"ERR-00735",33,176,"High","Mat ket noi voi bo dieu khien cong sac","2024-07-26T22:27:39.3645313","2024-07-27T17:27:39.3645313",15,0
736,"ERR-00736",33,177,"Low","Can hieu chuan lai cam bien trang thai dau sac","2024-08-06T22:27:39.3645313","2024-08-07T18:27:39.3645313",16,0
737,"ERR-00737",33,178,"Low","Can hieu chuan lai cam bien trang thai dau sac","2024-08-17T22:27:39.3645313","2024-08-18T19:27:39.3645313",17,0
738,"ERR-00738",31,179,"Medium","Dong dien dao dong bat thuong trong gio cao diem","2024-08-28T22:27:39.3645313",,,1
739,"ERR-00739",31,180,"Low","Can hieu chuan lai cam bien trang thai dau sac","2024-09-08T22:27:39.3645313","2024-09-09T21:27:39.3645313",19,0
740,"ERR-00740",31,181,"Low","Can hieu chuan lai cam bien trang thai dau sac","2024-09-19T22:27:39.3645313","2024-09-20T22:27:39.3645313",20,0
741,"ERR-00741",9,182,"Medium","Dong dien dao dong bat thuong trong gio cao diem","2024-09-30T22:27:39.3645313","2024-10-01T23:27:39.3645313",21,0
742,"ERR-00742",9,183,"High","Mat ket noi voi bo dieu khien cong sac","2024-10-11T22:27:39.3645313","2024-10-13T00:27:39.3645313",22,0
743,"ERR-00743",9,184,"Low","Can hieu chuan lai cam bien trang thai dau sac","2024-10-22T22:27:39.3645313","2024-10-24T01:27:39.3645313",23,0
744,"ERR-00744",29,185,"Medium","Dong dien dao dong bat thuong trong gio cao diem","2024-11-02T22:27:39.3645313","2024-11-04T02:27:39.3645313",24,0
745,"ERR-00745",29,186,"Low","Can hieu chuan lai cam bien trang thai dau sac","2024-11-13T22:27:39.3645313","2024-11-15T03:27:39.3645313",25,0
746,"ERR-00746",29,187,"Low","Can hieu chuan lai cam bien trang thai dau sac","2024-11-24T22:27:39.3645313","2024-11-26T04:27:39.3645313",26,0
747,"ERR-00747",27,188,"Medium","Dong dien dao dong bat thuong trong gio cao diem","2024-12-05T22:27:39.3645313",,,1
748,"ERR-00748",27,189,"Critical","Nhiet do dau sac vuot nguong, tam dung phien sac de kiem tra","2024-12-16T22:27:39.3645313","2024-12-18T06:27:39.3645313",28,0
749,"ERR-00749",27,190,"High","Mat ket noi voi bo dieu khien cong sac","2024-12-27T22:27:39.3645313","2024-12-29T07:27:39.3645313",29,0
750,"ERR-00750",25,191,"Medium","Dong dien dao dong bat thuong trong gio cao diem","2025-01-07T22:27:39.3645313","2025-01-09T08:27:39.3645313",30,0
751,"ERR-00751",25,192,"Low","Can hieu chuan lai cam bien trang thai dau sac","2025-01-18T22:27:39.3645313","2025-01-20T09:27:39.3645313",31,0
752,"ERR-00752",25,193,"Low","Can hieu chuan lai cam bien trang thai dau sac","2025-01-29T22:27:39.3645313","2025-01-31T10:27:39.3645313",32,0
753,"ERR-00753",22,194,"Medium","Dong dien dao dong bat thuong trong gio cao diem","2025-02-09T22:27:39.3645313","2025-02-11T11:27:39.3645313",33,0
754,"ERR-00754",22,195,"Low","Can hieu chuan lai cam bien trang thai dau sac","2025-02-20T22:27:39.3645313","2025-02-22T12:27:39.3645313",34,0
755,"ERR-00755",22,196,"Low","Can hieu chuan lai cam bien trang thai dau sac","2025-03-03T22:27:39.3645313","2025-03-05T13:27:39.3645313",35,0
756,"ERR-00756",19,197,"High","Mat ket noi voi bo dieu khien cong sac","2025-03-14T22:27:39.3645313",,,1
757,"ERR-00757",19,198,"Low","Can hieu chuan lai cam bien trang thai dau sac","2025-03-25T22:27:39.3645313","2025-03-27T15:27:39.3645313",9,0
758,"ERR-00758",19,199,"Low","Can hieu chuan lai cam bien trang thai dau sac","2025-04-05T22:27:39.3645313","2025-04-07T16:27:39.3645313",10,0
759,"ERR-00759",20,200,"Medium","Dong dien dao dong bat thuong trong gio cao diem","2025-04-16T22:27:39.3645313","2025-04-18T17:27:39.3645313",11,0
760,"ERR-00760",20,201,"Low","Can hieu chuan lai cam bien trang thai dau sac","2025-04-27T22:27:39.3645313","2025-04-29T18:27:39.3645313",12,0
761,"ERR-00761",20,202,"Low","Can hieu chuan lai cam bien trang thai dau sac","2025-05-08T22:27:39.3645313","2025-05-10T19:27:39.3645313",13,0
762,"ERR-00762",15,203,"Medium","Dong dien dao dong bat thuong trong gio cao diem","2025-05-19T22:27:39.3645313","2025-05-21T20:27:39.3645313",14,0
763,"ERR-00763",15,204,"High","Mat ket noi voi bo dieu khien cong sac","2025-05-30T22:27:39.3645313","2025-06-01T21:27:39.3645313",15,0
764,"ERR-00764",15,205,"Low","Can hieu chuan lai cam bien trang thai dau sac","2025-06-10T22:27:39.3645313","2025-06-12T22:27:39.3645313",16,0
765,"ERR-00765",13,206,"Critical","Nhiet do dau sac vuot nguong, tam dung phien sac de kiem tra","2025-06-21T22:27:39.3645313",,,1
766,"ERR-00766",13,207,"Low","Can hieu chuan lai cam bien trang thai dau sac","2025-07-02T22:27:39.3645313","2025-07-05T00:27:39.3645313",18,0
767,"ERR-00767",13,208,"Low","Can hieu chuan lai cam bien trang thai dau sac","2025-07-13T22:27:39.3645313","2025-07-16T01:27:39.3645313",19,0
768,"ERR-00768",11,209,"Medium","Dong dien dao dong bat thuong trong gio cao diem","2025-07-24T22:27:39.3645313","2025-07-25T02:27:39.3645313",20,0
769,"ERR-00769",11,210,"Low","Can hieu chuan lai cam bien trang thai dau sac","2025-08-04T22:27:39.3645313","2025-08-05T03:27:39.3645313",21,0
770,"ERR-00770",11,211,"High","Mat ket noi voi bo dieu khien cong sac","2025-08-15T22:27:39.3645313","2025-08-16T04:27:39.3645313",22,0
771,"ERR-00771",7,212,"Medium","Dong dien dao dong bat thuong trong gio cao diem","2025-08-26T22:27:39.3645313","2025-08-27T05:27:39.3645313",23,0
772,"ERR-00772",7,213,"Low","Can hieu chuan lai cam bien trang thai dau sac","2025-09-06T22:27:39.3645313","2025-09-07T06:27:39.3645313",24,0
773,"ERR-00773",7,214,"Low","Can hieu chuan lai cam bien trang thai dau sac","2025-09-17T22:27:39.3645313","2025-09-18T07:27:39.3645313",25,0
774,"ERR-00774",4,215,"Medium","Dong dien dao dong bat thuong trong gio cao diem","2025-09-28T22:27:39.3645313",,,1
775,"ERR-00775",4,216,"Low","Can hieu chuan lai cam bien trang thai dau sac","2025-10-09T22:27:39.3645313","2025-10-10T09:27:39.3645313",27,0
776,"ERR-00776",4,217,"Low","Can hieu chuan lai cam bien trang thai dau sac","2025-10-20T22:27:39.3645313","2025-10-21T10:27:39.3645313",28,0
777,"ERR-00777",2,218,"High","Mat ket noi voi bo dieu khien cong sac","2025-10-31T22:27:39.3645313","2025-11-01T11:27:39.3645313",29,0
778,"ERR-00778",2,219,"Low","Can hieu chuan lai cam bien trang thai dau sac","2025-11-11T22:27:39.3645313","2025-11-12T12:27:39.3645313",30,0
779,"ERR-00779",2,220,"Low","Can hieu chuan lai cam bien trang thai dau sac","2025-11-22T22:27:39.3645313","2025-11-23T13:27:39.3645313",31,0
780,"ERR-00780",8,221,"Medium","Dong dien dao dong bat thuong trong gio cao diem","2025-12-03T22:27:39.3645313","2025-12-04T14:27:39.3645313",32,0
781,"ERR-00781",8,222,"Low","Can hieu chuan lai cam bien trang thai dau sac","2025-12-14T22:27:39.3645313","2025-12-15T15:27:39.3645313",33,0
782,"ERR-00782",8,223,"Critical","Nhiet do dau sac vuot nguong, tam dung phien sac de kiem tra","2025-12-25T22:27:39.3645313","2025-12-26T16:27:39.3645313",34,0
783,"ERR-00783",8,224,"Medium","Dong dien dao dong bat thuong trong gio cao diem","2026-01-05T22:27:39.3645313",,,1
784,"ERR-00784",8,225,"High","Mat ket noi voi bo dieu khien cong sac","2026-01-16T22:27:39.3645313","2026-01-17T18:27:39.3645313",36,0
785,"ERR-00785",17,226,"Low","Can hieu chuan lai cam bien trang thai dau sac","2026-01-27T22:27:39.3645313","2026-01-28T19:27:39.3645313",9,0
786,"ERR-00786",17,227,"Medium","Dong dien dao dong bat thuong trong gio cao diem","2026-02-07T22:27:39.3645313","2026-02-08T20:27:39.3645313",10,0
787,"ERR-00787",17,228,"Low","Can hieu chuan lai cam bien trang thai dau sac","2026-02-18T22:27:39.3645313","2026-02-19T21:27:39.3645313",11,0
788,"ERR-00788",17,229,"Low","Can hieu chuan lai cam bien trang thai dau sac","2026-03-01T22:27:39.3645313","2026-03-02T22:27:39.3645313",12,0
789,"ERR-00789",17,230,"Medium","Dong dien dao dong bat thuong trong gio cao diem","2026-03-12T22:27:39.3645313","2026-03-13T23:27:39.3645313",13,0
790,"ERR-00790",28,231,"Low","Can hieu chuan lai cam bien trang thai dau sac","2026-03-23T22:27:39.3645313","2026-03-25T00:27:39.3645313",14,0
791,"ERR-00791",28,232,"High","Mat ket noi voi bo dieu khien cong sac","2026-04-03T22:27:39.3645313","2026-04-05T01:27:39.3645313",15,0
792,"ERR-00792",28,233,"Medium","Dong dien dao dong bat thuong trong gio cao diem","2026-04-14T22:27:39.3645313",,,1
793,"ERR-00793",28,234,"Low","Can hieu chuan lai cam bien trang thai dau sac","2026-04-25T22:27:39.3645313","2026-04-27T03:27:39.3645313",17,0
794,"ERR-00794",28,235,"Low","Can hieu chuan lai cam bien trang thai dau sac","2026-05-06T22:27:39.3645313","2026-05-08T04:27:39.3645313",18,0
795,"ERR-00795",38,236,"Medium","Dong dien dao dong bat thuong trong gio cao diem","2026-05-17T22:27:39.3645313","2026-05-19T05:27:39.3645313",19,0
796,"ERR-00796",38,237,"Low","Can hieu chuan lai cam bien trang thai dau sac","2026-05-28T22:27:39.3645313","2026-05-30T06:27:39.3645313",20,0
797,"ERR-00797",38,238,"Low","Can hieu chuan lai cam bien trang thai dau sac","2024-06-08T22:27:39.3645313","2024-06-10T07:27:39.3645313",21,0
798,"ERR-00798",38,239,"High","Mat ket noi voi bo dieu khien cong sac","2024-06-19T22:27:39.3645313","2024-06-21T08:27:39.3645313",22,0
799,"ERR-00799",38,240,"Critical","Nhiet do dau sac vuot nguong, tam dung phien sac de kiem tra","2024-06-30T22:27:39.3645313","2024-07-02T09:27:39.3645313",23,0
800,"ERR-00800",48,241,"Low","Can hieu chuan lai cam bien trang thai dau sac","2024-07-11T22:27:39.3645313","2024-07-13T10:27:39.3645313",24,0
801,"ERR-00801",48,242,"Medium","Dong dien dao dong bat thuong trong gio cao diem","2024-07-22T22:27:39.3645313",,,1
802,"ERR-00802",48,243,"Low","Can hieu chuan lai cam bien trang thai dau sac","2024-08-02T22:27:39.3645313","2024-08-04T12:27:39.3645313",26,0
803,"ERR-00803",48,244,"Low","Can hieu chuan lai cam bien trang thai dau sac","2024-08-13T22:27:39.3645313","2024-08-15T13:27:39.3645313",27,0
804,"ERR-00804",48,245,"Medium","Dong dien dao dong bat thuong trong gio cao diem","2024-08-24T22:27:39.3645313","2024-08-26T14:27:39.3645313",28,0
805,"ERR-00805",53,246,"High","Mat ket noi voi bo dieu khien cong sac","2024-09-04T22:27:39.3645313","2024-09-06T15:27:39.3645313",29,0
806,"ERR-00806",53,247,"Low","Can hieu chuan lai cam bien trang thai dau sac","2024-09-15T22:27:39.3645313","2024-09-17T16:27:39.3645313",30,0
807,"ERR-00807",53,248,"Medium","Dong dien dao dong bat thuong trong gio cao diem","2024-09-26T22:27:39.3645313","2024-09-28T17:27:39.3645313",31,0
808,"ERR-00808",53,249,"Low","Can hieu chuan lai cam bien trang thai dau sac","2024-10-07T22:27:39.3645313","2024-10-09T18:27:39.3645313",32,0
809,"ERR-00809",53,250,"Low","Can hieu chuan lai cam bien trang thai dau sac","2024-10-18T22:27:39.3645313","2024-10-20T19:27:39.3645313",33,0
810,"ERR-00810",59,251,"Medium","Dong dien dao dong bat thuong trong gio cao diem","2024-10-29T22:27:39.3645313",,,1
811,"ERR-00811",59,252,"Low","Can hieu chuan lai cam bien trang thai dau sac","2024-11-09T22:27:39.3645313","2024-11-11T21:27:39.3645313",35,0
812,"ERR-00812",59,253,"High","Mat ket noi voi bo dieu khien cong sac","2024-11-20T22:27:39.3645313","2024-11-22T22:27:39.3645313",36,0
813,"ERR-00813",59,254,"Medium","Dong dien dao dong bat thuong trong gio cao diem","2024-12-01T22:27:39.3645313","2024-12-03T23:27:39.3645313",9,0
814,"ERR-00814",59,255,"Low","Can hieu chuan lai cam bien trang thai dau sac","2024-12-12T22:27:39.3645313","2024-12-15T00:27:39.3645313",10,0
815,"ERR-00815",68,256,"Low","Can hieu chuan lai cam bien trang thai dau sac","2024-12-23T22:27:39.3645313","2024-12-26T01:27:39.3645313",11,0
816,"ERR-00816",68,257,"Critical","Nhiet do dau sac vuot nguong, tam dung phien sac de kiem tra","2025-01-03T22:27:39.3645313","2025-01-04T02:27:39.3645313",12,0
817,"ERR-00817",68,258,"Low","Can hieu chuan lai cam bien trang thai dau sac","2025-01-14T22:27:39.3645313","2025-01-15T03:27:39.3645313",13,0
818,"ERR-00818",68,259,"Low","Can hieu chuan lai cam bien trang thai dau sac","2025-01-25T22:27:39.3645313","2025-01-26T04:27:39.3645313",14,0
819,"ERR-00819",68,260,"High","Mat ket noi voi bo dieu khien cong sac","2025-02-05T22:27:39.3645313",,,1
820,"ERR-00820",74,261,"Low","Can hieu chuan lai cam bien trang thai dau sac","2025-02-16T22:27:39.3645313","2025-02-17T06:27:39.3645313",16,0
821,"ERR-00821",74,262,"Low","Can hieu chuan lai cam bien trang thai dau sac","2025-02-27T22:27:39.3645313","2025-02-28T07:27:39.3645313",17,0
822,"ERR-00822",74,263,"Medium","Dong dien dao dong bat thuong trong gio cao diem","2025-03-10T22:27:39.3645313","2025-03-11T08:27:39.3645313",18,0
823,"ERR-00823",74,264,"Low","Can hieu chuan lai cam bien trang thai dau sac","2025-03-21T22:27:39.3645313","2025-03-22T09:27:39.3645313",19,0
824,"ERR-00824",74,265,"Low","Can hieu chuan lai cam bien trang thai dau sac","2025-04-01T22:27:39.3645313","2025-04-02T10:27:39.3645313",20,0
825,"ERR-00825",80,266,"Medium","Dong dien dao dong bat thuong trong gio cao diem","2025-04-12T22:27:39.3645313","2025-04-13T11:27:39.3645313",21,0
826,"ERR-00826",80,267,"High","Mat ket noi voi bo dieu khien cong sac","2025-04-23T22:27:39.3645313","2025-04-24T12:27:39.3645313",22,0
827,"ERR-00827",80,268,"Low","Can hieu chuan lai cam bien trang thai dau sac","2025-05-04T22:27:39.3645313","2025-05-05T13:27:39.3645313",23,0
828,"ERR-00828",80,269,"Medium","Dong dien dao dong bat thuong trong gio cao diem","2025-05-15T22:27:39.3645313",,,1
829,"ERR-00829",80,270,"Low","Can hieu chuan lai cam bien trang thai dau sac","2025-05-26T22:27:39.3645313","2025-05-27T15:27:39.3645313",25,0
830,"ERR-00830",89,271,"Low","Can hieu chuan lai cam bien trang thai dau sac","2025-06-06T22:27:39.3645313","2025-06-07T16:27:39.3645313",26,0
831,"ERR-00831",89,272,"Medium","Dong dien dao dong bat thuong trong gio cao diem","2025-06-17T22:27:39.3645313","2025-06-18T17:27:39.3645313",27,0
832,"ERR-00832",89,273,"Low","Can hieu chuan lai cam bien trang thai dau sac","2025-06-28T22:27:39.3645313","2025-06-29T18:27:39.3645313",28,0
833,"ERR-00833",89,274,"Critical","Nhiet do dau sac vuot nguong, tam dung phien sac de kiem tra","2025-07-09T22:27:39.3645313","2025-07-10T19:27:39.3645313",29,0
834,"ERR-00834",89,275,"Medium","Dong dien dao dong bat thuong trong gio cao diem","2025-07-20T22:27:39.3645313","2025-07-21T20:27:39.3645313",30,0
835,"ERR-00835",98,276,"Low","Can hieu chuan lai cam bien trang thai dau sac","2025-07-31T22:27:39.3645313","2025-08-01T21:27:39.3645313",31,0
836,"ERR-00836",98,277,"Low","Can hieu chuan lai cam bien trang thai dau sac","2025-08-11T22:27:39.3645313","2025-08-12T22:27:39.3645313",32,0
837,"ERR-00837",98,278,"Medium","Dong dien dao dong bat thuong trong gio cao diem","2025-08-22T22:27:39.3645313",,,1
838,"ERR-00838",98,279,"Low","Can hieu chuan lai cam bien trang thai dau sac","2025-09-02T22:27:39.3645313","2025-09-04T00:27:39.3645313",34,0
839,"ERR-00839",98,280,"Low","Can hieu chuan lai cam bien trang thai dau sac","2025-09-13T22:27:39.3645313","2025-09-15T01:27:39.3645313",35,0
840,"ERR-00840",1,1,"High","Mat ket noi voi bo dieu khien cong sac","2025-09-24T22:27:39.3645313","2025-09-26T02:27:39.3645313",36,0
841,"ERR-00841",1,2,"Low","Can hieu chuan lai cam bien trang thai dau sac","2025-10-05T22:27:39.3645313","2025-10-07T03:27:39.3645313",9,0
842,"ERR-00842",3,3,"Low","Can hieu chuan lai cam bien trang thai dau sac","2025-10-16T22:27:39.3645313","2025-10-18T04:27:39.3645313",10,0
843,"ERR-00843",3,4,"Medium","Dong dien dao dong bat thuong trong gio cao diem","2025-10-27T22:27:39.3645313","2025-10-29T05:27:39.3645313",11,0
844,"ERR-00844",5,5,"Low","Can hieu chuan lai cam bien trang thai dau sac","2025-11-07T22:27:39.3645313","2025-11-09T06:27:39.3645313",12,0
845,"ERR-00845",5,6,"Low","Can hieu chuan lai cam bien trang thai dau sac","2025-11-18T22:27:39.3645313","2025-11-20T07:27:39.3645313",13,0
846,"ERR-00846",6,7,"Medium","Dong dien dao dong bat thuong trong gio cao diem","2025-11-29T22:27:39.3645313",,,1
847,"ERR-00847",6,8,"High","Mat ket noi voi bo dieu khien cong sac","2025-12-10T22:27:39.3645313","2025-12-12T09:27:39.3645313",15,0
848,"ERR-00848",10,9,"Low","Can hieu chuan lai cam bien trang thai dau sac","2025-12-21T22:27:39.3645313","2025-12-23T10:27:39.3645313",16,0
849,"ERR-00849",10,10,"Medium","Dong dien dao dong bat thuong trong gio cao diem","2026-01-01T22:27:39.3645313","2026-01-03T11:27:39.3645313",17,0
850,"ERR-00850",12,11,"Critical","Nhiet do dau sac vuot nguong, tam dung phien sac de kiem tra","2026-01-12T22:27:39.3645313","2026-01-14T12:27:39.3645313",18,0
851,"ERR-00851",12,12,"Low","Can hieu chuan lai cam bien trang thai dau sac","2026-01-23T22:27:39.3645313","2026-01-25T13:27:39.3645313",19,0
852,"ERR-00852",14,13,"Medium","Dong dien dao dong bat thuong trong gio cao diem","2026-02-03T22:27:39.3645313","2026-02-05T14:27:39.3645313",20,0
853,"ERR-00853",14,14,"Low","Can hieu chuan lai cam bien trang thai dau sac","2026-02-14T22:27:39.3645313","2026-02-16T15:27:39.3645313",21,0
854,"ERR-00854",16,15,"High","Mat ket noi voi bo dieu khien cong sac","2026-02-25T22:27:39.3645313","2026-02-27T16:27:39.3645313",22,0
855,"ERR-00855",16,16,"Medium","Dong dien dao dong bat thuong trong gio cao diem","2026-03-08T22:27:39.3645313",,,1
856,"ERR-00856",18,17,"Low","Can hieu chuan lai cam bien trang thai dau sac","2026-03-19T22:27:39.3645313","2026-03-21T18:27:39.3645313",24,0
857,"ERR-00857",18,18,"Low","Can hieu chuan lai cam bien trang thai dau sac","2026-03-30T22:27:39.3645313","2026-04-01T19:27:39.3645313",25,0
858,"ERR-00858",21,19,"Medium","Dong dien dao dong bat thuong trong gio cao diem","2026-04-10T22:27:39.3645313","2026-04-12T20:27:39.3645313",26,0
859,"ERR-00859",21,20,"Low","Can hieu chuan lai cam bien trang thai dau sac","2026-04-21T22:27:39.3645313","2026-04-23T21:27:39.3645313",27,0
860,"ERR-00860",23,21,"Low","Can hieu chuan lai cam bien trang thai dau sac","2026-05-02T22:27:39.3645313","2026-05-04T22:27:39.3645313",28,0
861,"ERR-00861",23,22,"High","Mat ket noi voi bo dieu khien cong sac","2026-05-13T22:27:39.3645313","2026-05-15T23:27:39.3645313",29,0
862,"ERR-00862",24,23,"Low","Can hieu chuan lai cam bien trang thai dau sac","2026-05-24T22:27:39.3645313","2026-05-27T00:27:39.3645313",30,0
863,"ERR-00863",24,24,"Low","Can hieu chuan lai cam bien trang thai dau sac","2024-06-04T22:27:39.3645313","2024-06-07T01:27:39.3645313",31,0
864,"ERR-00864",26,25,"Medium","Dong dien dao dong bat thuong trong gio cao diem","2024-06-15T22:27:39.3645313",,,1
865,"ERR-00865",26,26,"Low","Can hieu chuan lai cam bien trang thai dau sac","2024-06-26T22:27:39.3645313","2024-06-27T03:27:39.3645313",33,0
866,"ERR-00866",30,27,"Low","Can hieu chuan lai cam bien trang thai dau sac","2024-07-07T22:27:39.3645313","2024-07-08T04:27:39.3645313",34,0
867,"ERR-00867",30,28,"Critical","Nhiet do dau sac vuot nguong, tam dung phien sac de kiem tra","2024-07-18T22:27:39.3645313","2024-07-19T05:27:39.3645313",35,0
868,"ERR-00868",32,29,"High","Mat ket noi voi bo dieu khien cong sac","2024-07-29T22:27:39.3645313","2024-07-30T06:27:39.3645313",36,0
869,"ERR-00869",32,30,"Low","Can hieu chuan lai cam bien trang thai dau sac","2024-08-09T22:27:39.3645313","2024-08-10T07:27:39.3645313",9,0
870,"ERR-00870",34,31,"Medium","Dong dien dao dong bat thuong trong gio cao diem","2024-08-20T22:27:39.3645313","2024-08-21T08:27:39.3645313",10,0
871,"ERR-00871",34,32,"Low","Can hieu chuan lai cam bien trang thai dau sac","2024-08-31T22:27:39.3645313","2024-09-01T09:27:39.3645313",11,0
872,"ERR-00872",35,33,"Low","Can hieu chuan lai cam bien trang thai dau sac","2024-09-11T22:27:39.3645313","2024-09-12T10:27:39.3645313",12,0
873,"ERR-00873",35,34,"Medium","Dong dien dao dong bat thuong trong gio cao diem","2024-09-22T22:27:39.3645313",,,1
874,"ERR-00874",37,35,"Low","Can hieu chuan lai cam bien trang thai dau sac","2024-10-03T22:27:39.3645313","2024-10-04T12:27:39.3645313",14,0
875,"ERR-00875",37,36,"High","Mat ket noi voi bo dieu khien cong sac","2024-10-14T22:27:39.3645313","2024-10-15T13:27:39.3645313",15,0
876,"ERR-00876",39,37,"Medium","Dong dien dao dong bat thuong trong gio cao diem","2024-10-25T22:27:39.3645313","2024-10-26T14:27:39.3645313",16,0
877,"ERR-00877",39,38,"Low","Can hieu chuan lai cam bien trang thai dau sac","2024-11-05T22:27:39.3645313","2024-11-06T15:27:39.3645313",17,0
878,"ERR-00878",42,39,"Low","Can hieu chuan lai cam bien trang thai dau sac","2024-11-16T22:27:39.3645313","2024-11-17T16:27:39.3645313",18,0
879,"ERR-00879",42,40,"Medium","Dong dien dao dong bat thuong trong gio cao diem","2024-11-27T22:27:39.3645313","2024-11-28T17:27:39.3645313",19,0
880,"ERR-00880",44,41,"Low","Can hieu chuan lai cam bien trang thai dau sac","2024-12-08T22:27:39.3645313","2024-12-09T18:27:39.3645313",20,0
881,"ERR-00881",44,42,"Low","Can hieu chuan lai cam bien trang thai dau sac","2024-12-19T22:27:39.3645313","2024-12-20T19:27:39.3645313",21,0
882,"ERR-00882",46,43,"High","Mat ket noi voi bo dieu khien cong sac","2024-12-30T22:27:39.3645313",,,1
883,"ERR-00883",46,44,"Low","Can hieu chuan lai cam bien trang thai dau sac","2025-01-10T22:27:39.3645313","2025-01-11T21:27:39.3645313",23,0
884,"ERR-00884",50,45,"Critical","Nhiet do dau sac vuot nguong, tam dung phien sac de kiem tra","2025-01-21T22:27:39.3645313","2025-01-22T22:27:39.3645313",24,0
885,"ERR-00885",50,46,"Medium","Dong dien dao dong bat thuong trong gio cao diem","2025-02-01T22:27:39.3645313","2025-02-02T23:27:39.3645313",25,0
886,"ERR-00886",52,47,"Low","Can hieu chuan lai cam bien trang thai dau sac","2025-02-12T22:27:39.3645313","2025-02-14T00:27:39.3645313",26,0
887,"ERR-00887",52,48,"Low","Can hieu chuan lai cam bien trang thai dau sac","2025-02-23T22:27:39.3645313","2025-02-25T01:27:39.3645313",27,0
888,"ERR-00888",55,49,"Medium","Dong dien dao dong bat thuong trong gio cao diem","2025-03-06T22:27:39.3645313","2025-03-08T02:27:39.3645313",28,0
889,"ERR-00889",55,50,"High","Mat ket noi voi bo dieu khien cong sac","2025-03-17T22:27:39.3645313","2025-03-19T03:27:39.3645313",29,0
890,"ERR-00890",57,51,"Low","Can hieu chuan lai cam bien trang thai dau sac","2025-03-28T22:27:39.3645313","2025-03-30T04:27:39.3645313",30,0
891,"ERR-00891",57,52,"Medium","Dong dien dao dong bat thuong trong gio cao diem","2025-04-08T22:27:39.3645313",,,1
892,"ERR-00892",60,53,"Low","Can hieu chuan lai cam bien trang thai dau sac","2025-04-19T22:27:39.3645313","2025-04-21T06:27:39.3645313",32,0
893,"ERR-00893",60,54,"Low","Can hieu chuan lai cam bien trang thai dau sac","2025-04-30T22:27:39.3645313","2025-05-02T07:27:39.3645313",33,0
894,"ERR-00894",62,55,"Medium","Dong dien dao dong bat thuong trong gio cao diem","2025-05-11T22:27:39.3645313","2025-05-13T08:27:39.3645313",34,0
895,"ERR-00895",62,56,"Low","Can hieu chuan lai cam bien trang thai dau sac","2025-05-22T22:27:39.3645313","2025-05-24T09:27:39.3645313",35,0
896,"ERR-00896",65,57,"High","Mat ket noi voi bo dieu khien cong sac","2025-06-02T22:27:39.3645313","2025-06-04T10:27:39.3645313",36,0
897,"ERR-00897",65,58,"Medium","Dong dien dao dong bat thuong trong gio cao diem","2025-06-13T22:27:39.3645313","2025-06-15T11:27:39.3645313",9,0
898,"ERR-00898",67,59,"Low","Can hieu chuan lai cam bien trang thai dau sac","2025-06-24T22:27:39.3645313","2025-06-26T12:27:39.3645313",10,0
899,"ERR-00899",67,60,"Low","Can hieu chuan lai cam bien trang thai dau sac","2025-07-05T22:27:39.3645313","2025-07-07T13:27:39.3645313",11,0
900,"ERR-00900",70,61,"Medium","Dong dien dao dong bat thuong trong gio cao diem","2025-07-16T22:27:39.3645313",,,1
901,"ERR-00901",70,62,"Critical","Nhiet do dau sac vuot nguong, tam dung phien sac de kiem tra","2025-07-27T22:27:39.3645313","2025-07-29T15:27:39.3645313",13,0
902,"ERR-00902",73,63,"Low","Can hieu chuan lai cam bien trang thai dau sac","2025-08-07T22:27:39.3645313","2025-08-09T16:27:39.3645313",14,0
903,"ERR-00903",73,64,"High","Mat ket noi voi bo dieu khien cong sac","2025-08-18T22:27:39.3645313","2025-08-20T17:27:39.3645313",15,0
904,"ERR-00904",75,65,"Low","Can hieu chuan lai cam bien trang thai dau sac","2025-08-29T22:27:39.3645313","2025-08-31T18:27:39.3645313",16,0
905,"ERR-00905",75,66,"Low","Can hieu chuan lai cam bien trang thai dau sac","2025-09-09T22:27:39.3645313","2025-09-11T19:27:39.3645313",17,0
906,"ERR-00906",76,67,"Medium","Dong dien dao dong bat thuong trong gio cao diem","2025-09-20T22:27:39.3645313","2025-09-22T20:27:39.3645313",18,0
907,"ERR-00907",76,68,"Low","Can hieu chuan lai cam bien trang thai dau sac","2025-10-01T22:27:39.3645313","2025-10-03T21:27:39.3645313",19,0
908,"ERR-00908",78,69,"Low","Can hieu chuan lai cam bien trang thai dau sac","2025-10-12T22:27:39.3645313","2025-10-14T22:27:39.3645313",20,0
909,"ERR-00909",78,70,"Medium","Dong dien dao dong bat thuong trong gio cao diem","2025-10-23T22:27:39.3645313",,,1
910,"ERR-00910",81,71,"High","Mat ket noi voi bo dieu khien cong sac","2025-11-03T22:27:39.3645313","2025-11-06T00:27:39.3645313",22,0
911,"ERR-00911",81,72,"Low","Can hieu chuan lai cam bien trang thai dau sac","2025-11-14T22:27:39.3645313","2025-11-17T01:27:39.3645313",23,0
912,"ERR-00912",83,73,"Medium","Dong dien dao dong bat thuong trong gio cao diem","2025-11-25T22:27:39.3645313","2025-11-26T02:27:39.3645313",24,0
913,"ERR-00913",83,74,"Low","Can hieu chuan lai cam bien trang thai dau sac","2025-12-06T22:27:39.3645313","2025-12-07T03:27:39.3645313",25,0
914,"ERR-00914",85,75,"Low","Can hieu chuan lai cam bien trang thai dau sac","2025-12-17T22:27:39.3645313","2025-12-18T04:27:39.3645313",26,0
915,"ERR-00915",85,76,"Medium","Dong dien dao dong bat thuong trong gio cao diem","2025-12-28T22:27:39.3645313","2025-12-29T05:27:39.3645313",27,0
916,"ERR-00916",87,77,"Low","Can hieu chuan lai cam bien trang thai dau sac","2026-01-08T22:27:39.3645313","2026-01-09T06:27:39.3645313",28,0
917,"ERR-00917",87,78,"High","Mat ket noi voi bo dieu khien cong sac","2026-01-19T22:27:39.3645313","2026-01-20T07:27:39.3645313",29,0
918,"ERR-00918",91,79,"Critical","Nhiet do dau sac vuot nguong, tam dung phien sac de kiem tra","2026-01-30T22:27:39.3645313",,,1
919,"ERR-00919",91,80,"Low","Can hieu chuan lai cam bien trang thai dau sac","2026-02-10T22:27:39.3645313","2026-02-11T09:27:39.3645313",31,0
920,"ERR-00920",93,81,"Low","Can hieu chuan lai cam bien trang thai dau sac","2026-02-21T22:27:39.3645313","2026-02-22T10:27:39.3645313",32,0
921,"ERR-00921",93,82,"Medium","Dong dien dao dong bat thuong trong gio cao diem","2026-03-04T22:27:39.3645313","2026-03-05T11:27:39.3645313",33,0
922,"ERR-00922",95,83,"Low","Can hieu chuan lai cam bien trang thai dau sac","2026-03-15T22:27:39.3645313","2026-03-16T12:27:39.3645313",34,0
923,"ERR-00923",95,84,"Low","Can hieu chuan lai cam bien trang thai dau sac","2026-03-26T22:27:39.3645313","2026-03-27T13:27:39.3645313",35,0
924,"ERR-00924",97,85,"High","Mat ket noi voi bo dieu khien cong sac","2026-04-06T22:27:39.3645313","2026-04-07T14:27:39.3645313",36,0
925,"ERR-00925",97,86,"Low","Can hieu chuan lai cam bien trang thai dau sac","2026-04-17T22:27:39.3645313","2026-04-18T15:27:39.3645313",9,0
926,"ERR-00926",99,87,"Low","Can hieu chuan lai cam bien trang thai dau sac","2026-04-28T22:27:39.3645313","2026-04-29T16:27:39.3645313",10,0
927,"ERR-00927",99,88,"Medium","Dong dien dao dong bat thuong trong gio cao diem","2026-05-09T22:27:39.3645313",,,1
928,"ERR-00928",100,89,"Low","Can hieu chuan lai cam bien trang thai dau sac","2026-05-20T22:27:39.3645313","2026-05-21T18:27:39.3645313",12,0
929,"ERR-00929",100,90,"Low","Can hieu chuan lai cam bien trang thai dau sac","2026-05-31T22:27:39.3645313","2026-06-01T19:27:39.3645313",13,0
930,"ERR-00930",100,91,"Medium","Dong dien dao dong bat thuong trong gio cao diem","2024-06-11T22:27:39.3645313","2024-06-12T20:27:39.3645313",14,0
931,"ERR-00931",96,92,"High","Mat ket noi voi bo dieu khien cong sac","2024-06-22T22:27:39.3645313","2024-06-23T21:27:39.3645313",15,0
932,"ERR-00932",96,93,"Low","Can hieu chuan lai cam bien trang thai dau sac","2024-07-03T22:27:39.3645313","2024-07-04T22:27:39.3645313",16,0
933,"ERR-00933",96,94,"Medium","Dong dien dao dong bat thuong trong gio cao diem","2024-07-14T22:27:39.3645313","2024-07-15T23:27:39.3645313",17,0
934,"ERR-00934",94,95,"Low","Can hieu chuan lai cam bien trang thai dau sac","2024-07-25T22:27:39.3645313","2024-07-27T00:27:39.3645313",18,0
935,"ERR-00935",94,96,"Critical","Nhiet do dau sac vuot nguong, tam dung phien sac de kiem tra","2024-08-05T22:27:39.3645313","2024-08-07T01:27:39.3645313",19,0
936,"ERR-00936",94,97,"Medium","Dong dien dao dong bat thuong trong gio cao diem","2024-08-16T22:27:39.3645313",,,1
937,"ERR-00937",92,98,"Low","Can hieu chuan lai cam bien trang thai dau sac","2024-08-27T22:27:39.3645313","2024-08-29T03:27:39.3645313",21,0
938,"ERR-00938",92,99,"High","Mat ket noi voi bo dieu khien cong sac","2024-09-07T22:27:39.3645313","2024-09-09T04:27:39.3645313",22,0
939,"ERR-00939",92,100,"Medium","Dong dien dao dong bat thuong trong gio cao diem","2024-09-18T22:27:39.3645313","2024-09-20T05:27:39.3645313",23,0
940,"ERR-00940",69,101,"Low","Can hieu chuan lai cam bien trang thai dau sac","2024-09-29T22:27:39.3645313","2024-10-01T06:27:39.3645313",24,0
941,"ERR-00941",69,102,"Low","Can hieu chuan lai cam bien trang thai dau sac","2024-10-10T22:27:39.3645313","2024-10-12T07:27:39.3645313",25,0
942,"ERR-00942",69,103,"Medium","Dong dien dao dong bat thuong trong gio cao diem","2024-10-21T22:27:39.3645313","2024-10-23T08:27:39.3645313",26,0
943,"ERR-00943",90,104,"Low","Can hieu chuan lai cam bien trang thai dau sac","2024-11-01T22:27:39.3645313","2024-11-03T09:27:39.3645313",27,0
944,"ERR-00944",90,105,"Low","Can hieu chuan lai cam bien trang thai dau sac","2024-11-12T22:27:39.3645313","2024-11-14T10:27:39.3645313",28,0
945,"ERR-00945",90,106,"High","Mat ket noi voi bo dieu khien cong sac","2024-11-23T22:27:39.3645313",,,1
946,"ERR-00946",88,107,"Low","Can hieu chuan lai cam bien trang thai dau sac","2024-12-04T22:27:39.3645313","2024-12-06T12:27:39.3645313",30,0
947,"ERR-00947",88,108,"Low","Can hieu chuan lai cam bien trang thai dau sac","2024-12-15T22:27:39.3645313","2024-12-17T13:27:39.3645313",31,0
948,"ERR-00948",88,109,"Medium","Dong dien dao dong bat thuong trong gio cao diem","2024-12-26T22:27:39.3645313","2024-12-28T14:27:39.3645313",32,0
949,"ERR-00949",86,110,"Low","Can hieu chuan lai cam bien trang thai dau sac","2025-01-06T22:27:39.3645313","2025-01-08T15:27:39.3645313",33,0
950,"ERR-00950",86,111,"Low","Can hieu chuan lai cam bien trang thai dau sac","2025-01-17T22:27:39.3645313","2025-01-19T16:27:39.3645313",34,0
951,"ERR-00951",86,112,"Medium","Dong dien dao dong bat thuong trong gio cao diem","2025-01-28T22:27:39.3645313","2025-01-30T17:27:39.3645313",35,0
952,"ERR-00952",84,113,"Critical","Nhiet do dau sac vuot nguong, tam dung phien sac de kiem tra","2025-02-08T22:27:39.3645313","2025-02-10T18:27:39.3645313",36,0
953,"ERR-00953",84,114,"Low","Can hieu chuan lai cam bien trang thai dau sac","2025-02-19T22:27:39.3645313","2025-02-21T19:27:39.3645313",9,0
954,"ERR-00954",84,115,"Medium","Dong dien dao dong bat thuong trong gio cao diem","2025-03-02T22:27:39.3645313",,,1
955,"ERR-00955",82,116,"Low","Can hieu chuan lai cam bien trang thai dau sac","2025-03-13T22:27:39.3645313","2025-03-15T21:27:39.3645313",11,0
956,"ERR-00956",82,117,"Low","Can hieu chuan lai cam bien trang thai dau sac","2025-03-24T22:27:39.3645313","2025-03-26T22:27:39.3645313",12,0
957,"ERR-00957",82,118,"Medium","Dong dien dao dong bat thuong trong gio cao diem","2025-04-04T22:27:39.3645313","2025-04-06T23:27:39.3645313",13,0
958,"ERR-00958",79,119,"Low","Can hieu chuan lai cam bien trang thai dau sac","2025-04-15T22:27:39.3645313","2025-04-18T00:27:39.3645313",14,0
959,"ERR-00959",79,120,"High","Mat ket noi voi bo dieu khien cong sac","2025-04-26T22:27:39.3645313","2025-04-29T01:27:39.3645313",15,0
960,"ERR-00960",79,121,"Medium","Dong dien dao dong bat thuong trong gio cao diem","2025-05-07T22:27:39.3645313","2025-05-08T02:27:39.3645313",16,0
961,"ERR-00961",77,122,"Low","Can hieu chuan lai cam bien trang thai dau sac","2025-05-18T22:27:39.3645313","2025-05-19T03:27:39.3645313",17,0
962,"ERR-00962",77,123,"Low","Can hieu chuan lai cam bien trang thai dau sac","2025-05-29T22:27:39.3645313","2025-05-30T04:27:39.3645313",18,0
963,"ERR-00963",77,124,"Medium","Dong dien dao dong bat thuong trong gio cao diem","2025-06-09T22:27:39.3645313",,,1
964,"ERR-00964",71,125,"Low","Can hieu chuan lai cam bien trang thai dau sac","2025-06-20T22:27:39.3645313","2025-06-21T06:27:39.3645313",20,0
965,"ERR-00965",71,126,"Low","Can hieu chuan lai cam bien trang thai dau sac","2025-07-01T22:27:39.3645313","2025-07-02T07:27:39.3645313",21,0
966,"ERR-00966",71,127,"High","Mat ket noi voi bo dieu khien cong sac","2025-07-12T22:27:39.3645313","2025-07-13T08:27:39.3645313",22,0
967,"ERR-00967",72,128,"Low","Can hieu chuan lai cam bien trang thai dau sac","2025-07-23T22:27:39.3645313","2025-07-24T09:27:39.3645313",23,0
968,"ERR-00968",72,129,"Low","Can hieu chuan lai cam bien trang thai dau sac","2025-08-03T22:27:39.3645313","2025-08-04T10:27:39.3645313",24,0
969,"ERR-00969",72,130,"Critical","Nhiet do dau sac vuot nguong, tam dung phien sac de kiem tra","2025-08-14T22:27:39.3645313","2025-08-15T11:27:39.3645313",25,0
970,"ERR-00970",66,131,"Low","Can hieu chuan lai cam bien trang thai dau sac","2025-08-25T22:27:39.3645313","2025-08-26T12:27:39.3645313",26,0
971,"ERR-00971",66,132,"Low","Can hieu chuan lai cam bien trang thai dau sac","2025-09-05T22:27:39.3645313","2025-09-06T13:27:39.3645313",27,0
972,"ERR-00972",66,133,"Medium","Dong dien dao dong bat thuong trong gio cao diem","2025-09-16T22:27:39.3645313",,,1
973,"ERR-00973",63,134,"High","Mat ket noi voi bo dieu khien cong sac","2025-09-27T22:27:39.3645313","2025-09-28T15:27:39.3645313",29,0
974,"ERR-00974",63,135,"Low","Can hieu chuan lai cam bien trang thai dau sac","2025-10-08T22:27:39.3645313","2025-10-09T16:27:39.3645313",30,0
975,"ERR-00975",63,136,"Medium","Dong dien dao dong bat thuong trong gio cao diem","2025-10-19T22:27:39.3645313","2025-10-20T17:27:39.3645313",31,0
976,"ERR-00976",64,137,"Low","Can hieu chuan lai cam bien trang thai dau sac","2025-10-30T22:27:39.3645313","2025-10-31T18:27:39.3645313",32,0
977,"ERR-00977",64,138,"Low","Can hieu chuan lai cam bien trang thai dau sac","2025-11-10T22:27:39.3645313","2025-11-11T19:27:39.3645313",33,0
978,"ERR-00978",64,139,"Medium","Dong dien dao dong bat thuong trong gio cao diem","2025-11-21T22:27:39.3645313","2025-11-22T20:27:39.3645313",34,0
979,"ERR-00979",61,140,"Low","Can hieu chuan lai cam bien trang thai dau sac","2025-12-02T22:27:39.3645313","2025-12-03T21:27:39.3645313",35,0
980,"ERR-00980",61,141,"High","Mat ket noi voi bo dieu khien cong sac","2025-12-13T22:27:39.3645313","2025-12-14T22:27:39.3645313",36,0
981,"ERR-00981",61,142,"Medium","Dong dien dao dong bat thuong trong gio cao diem","2025-12-24T22:27:39.3645313",,,1
982,"ERR-00982",58,143,"Low","Can hieu chuan lai cam bien trang thai dau sac","2026-01-04T22:27:39.3645313","2026-01-06T00:27:39.3645313",10,0
983,"ERR-00983",58,144,"Low","Can hieu chuan lai cam bien trang thai dau sac","2026-01-15T22:27:39.3645313","2026-01-17T01:27:39.3645313",11,0
984,"ERR-00984",58,145,"Medium","Dong dien dao dong bat thuong trong gio cao diem","2026-01-26T22:27:39.3645313","2026-01-28T02:27:39.3645313",12,0
985,"ERR-00985",56,146,"Low","Can hieu chuan lai cam bien trang thai dau sac","2026-02-06T22:27:39.3645313","2026-02-08T03:27:39.3645313",13,0
986,"ERR-00986",56,147,"Critical","Nhiet do dau sac vuot nguong, tam dung phien sac de kiem tra","2026-02-17T22:27:39.3645313","2026-02-19T04:27:39.3645313",14,0
987,"ERR-00987",56,148,"High","Mat ket noi voi bo dieu khien cong sac","2026-02-28T22:27:39.3645313","2026-03-02T05:27:39.3645313",15,0
988,"ERR-00988",49,149,"Low","Can hieu chuan lai cam bien trang thai dau sac","2026-03-11T22:27:39.3645313","2026-03-13T06:27:39.3645313",16,0
989,"ERR-00989",49,150,"Low","Can hieu chuan lai cam bien trang thai dau sac","2026-03-22T22:27:39.3645313","2026-03-24T07:27:39.3645313",17,0
990,"ERR-00990",49,151,"Medium","Dong dien dao dong bat thuong trong gio cao diem","2026-04-02T22:27:39.3645313",,,1
991,"ERR-00991",54,152,"Low","Can hieu chuan lai cam bien trang thai dau sac","2026-04-13T22:27:39.3645313","2026-04-15T09:27:39.3645313",19,0
992,"ERR-00992",54,153,"Low","Can hieu chuan lai cam bien trang thai dau sac","2026-04-24T22:27:39.3645313","2026-04-26T10:27:39.3645313",20,0
993,"ERR-00993",54,154,"Medium","Dong dien dao dong bat thuong trong gio cao diem","2026-05-05T22:27:39.3645313","2026-05-07T11:27:39.3645313",21,0
994,"ERR-00994",51,155,"High","Mat ket noi voi bo dieu khien cong sac","2026-05-16T22:27:39.3645313","2026-05-18T12:27:39.3645313",22,0
995,"ERR-00995",51,156,"Low","Can hieu chuan lai cam bien trang thai dau sac","2026-05-27T22:27:39.3645313","2026-05-29T13:27:39.3645313",23,0
996,"ERR-00996",51,157,"Medium","Dong dien dao dong bat thuong trong gio cao diem","2024-06-07T22:27:39.3645313","2024-06-09T14:27:39.3645313",24,0
997,"ERR-00997",47,158,"Low","Can hieu chuan lai cam bien trang thai dau sac","2024-06-18T22:27:39.3645313","2024-06-20T15:27:39.3645313",25,0
998,"ERR-00998",47,159,"Low","Can hieu chuan lai cam bien trang thai dau sac","2024-06-29T22:27:39.3645313","2024-07-01T16:27:39.3645313",26,0
999,"ERR-00999",47,160,"Medium","Dong dien dao dong bat thuong trong gio cao diem","2024-07-10T22:27:39.3645313",,,1
1000,"ERR-01000",45,161,"Low","Can hieu chuan lai cam bien trang thai dau sac","2024-07-21T22:27:39.3645313","2024-07-23T18:27:39.3645313",28,0
1001,"ERR-01001",45,162,"High","Mat ket noi voi bo dieu khien cong sac","2024-08-01T22:27:39.3645313","2024-08-03T19:27:39.3645313",29,0
1002,"ERR-01002",45,163,"Medium","Dong dien dao dong bat thuong trong gio cao diem","2024-08-12T22:27:39.3645313","2024-08-14T20:27:39.3645313",30,0
1003,"ERR-01003",43,164,"Critical","Nhiet do dau sac vuot nguong, tam dung phien sac de kiem tra","2024-08-23T22:27:39.3645313","2024-08-25T21:27:39.3645313",31,0
1004,"ERR-01004",43,165,"Low","Can hieu chuan lai cam bien trang thai dau sac","2024-09-03T22:27:39.3645313","2024-09-05T22:27:39.3645313",32,0
1005,"ERR-01005",43,166,"Medium","Dong dien dao dong bat thuong trong gio cao diem","2024-09-14T22:27:39.3645313","2024-09-16T23:27:39.3645313",33,0
1006,"ERR-01006",40,167,"Low","Can hieu chuan lai cam bien trang thai dau sac","2024-09-25T22:27:39.3645313","2024-09-28T00:27:39.3645313",34,0
1007,"ERR-01007",40,168,"Low","Can hieu chuan lai cam bien trang thai dau sac","2024-10-06T22:27:39.3645313","2024-10-09T01:27:39.3645313",35,0
1008,"ERR-01008",40,169,"High","Mat ket noi voi bo dieu khien cong sac","2024-10-17T22:27:39.3645313",,,1
1009,"ERR-01009",41,170,"Low","Can hieu chuan lai cam bien trang thai dau sac","2024-10-28T22:27:39.3645313","2024-10-29T03:27:39.3645313",9,0
1010,"ERR-01010",41,171,"Low","Can hieu chuan lai cam bien trang thai dau sac","2024-11-08T22:27:39.3645313","2024-11-09T04:27:39.3645313",10,0
1011,"ERR-01011",41,172,"Medium","Dong dien dao dong bat thuong trong gio cao diem","2024-11-19T22:27:39.3645313","2024-11-20T05:27:39.3645313",11,0
1012,"ERR-01012",36,173,"Low","Can hieu chuan lai cam bien trang thai dau sac","2024-11-30T22:27:39.3645313","2024-12-01T06:27:39.3645313",12,0
1013,"ERR-01013",36,174,"Low","Can hieu chuan lai cam bien trang thai dau sac","2024-12-11T22:27:39.3645313","2024-12-12T07:27:39.3645313",13,0
1014,"ERR-01014",36,175,"Medium","Dong dien dao dong bat thuong trong gio cao diem","2024-12-22T22:27:39.3645313","2024-12-23T08:27:39.3645313",14,0
1015,"ERR-01015",33,176,"High","Mat ket noi voi bo dieu khien cong sac","2025-01-02T22:27:39.3645313","2025-01-03T09:27:39.3645313",15,0
1016,"ERR-01016",33,177,"Low","Can hieu chuan lai cam bien trang thai dau sac","2025-01-13T22:27:39.3645313","2025-01-14T10:27:39.3645313",16,0
1017,"ERR-01017",33,178,"Medium","Dong dien dao dong bat thuong trong gio cao diem","2025-01-24T22:27:39.3645313",,,1
1018,"ERR-01018",31,179,"Low","Can hieu chuan lai cam bien trang thai dau sac","2025-02-04T22:27:39.3645313","2025-02-05T12:27:39.3645313",18,0
1019,"ERR-01019",31,180,"Low","Can hieu chuan lai cam bien trang thai dau sac","2025-02-15T22:27:39.3645313","2025-02-16T13:27:39.3645313",19,0
1020,"ERR-01020",31,181,"Critical","Nhiet do dau sac vuot nguong, tam dung phien sac de kiem tra","2025-02-26T22:27:39.3645313","2025-02-27T14:27:39.3645313",20,0
1021,"ERR-01021",9,182,"Low","Can hieu chuan lai cam bien trang thai dau sac","2025-03-09T22:27:39.3645313","2025-03-10T15:27:39.3645313",21,0
1022,"ERR-01022",9,183,"High","Mat ket noi voi bo dieu khien cong sac","2025-03-20T22:27:39.3645313","2025-03-21T16:27:39.3645313",22,0
1023,"ERR-01023",9,184,"Medium","Dong dien dao dong bat thuong trong gio cao diem","2025-03-31T22:27:39.3645313","2025-04-01T17:27:39.3645313",23,0
1024,"ERR-01024",29,185,"Low","Can hieu chuan lai cam bien trang thai dau sac","2025-04-11T22:27:39.3645313","2025-04-12T18:27:39.3645313",24,0
1025,"ERR-01025",29,186,"Low","Can hieu chuan lai cam bien trang thai dau sac","2025-04-22T22:27:39.3645313","2025-04-23T19:27:39.3645313",25,0
1026,"ERR-01026",29,187,"Medium","Dong dien dao dong bat thuong trong gio cao diem","2025-05-03T22:27:39.3645313",,,1
1027,"ERR-01027",27,188,"Low","Can hieu chuan lai cam bien trang thai dau sac","2025-05-14T22:27:39.3645313","2025-05-15T21:27:39.3645313",27,0
1028,"ERR-01028",27,189,"Low","Can hieu chuan lai cam bien trang thai dau sac","2025-05-25T22:27:39.3645313","2025-05-26T22:27:39.3645313",28,0
1029,"ERR-01029",27,190,"High","Mat ket noi voi bo dieu khien cong sac","2025-06-05T22:27:39.3645313","2025-06-06T23:27:39.3645313",29,0
1030,"ERR-01030",25,191,"Low","Can hieu chuan lai cam bien trang thai dau sac","2025-06-16T22:27:39.3645313","2025-06-18T00:27:39.3645313",30,0
1031,"ERR-01031",25,192,"Low","Can hieu chuan lai cam bien trang thai dau sac","2025-06-27T22:27:39.3645313","2025-06-29T01:27:39.3645313",31,0
1032,"ERR-01032",25,193,"Medium","Dong dien dao dong bat thuong trong gio cao diem","2025-07-08T22:27:39.3645313","2025-07-10T02:27:39.3645313",32,0
1033,"ERR-01033",22,194,"Low","Can hieu chuan lai cam bien trang thai dau sac","2025-07-19T22:27:39.3645313","2025-07-21T03:27:39.3645313",33,0
1034,"ERR-01034",22,195,"Low","Can hieu chuan lai cam bien trang thai dau sac","2025-07-30T22:27:39.3645313","2025-08-01T04:27:39.3645313",34,0
1035,"ERR-01035",22,196,"Medium","Dong dien dao dong bat thuong trong gio cao diem","2025-08-10T22:27:39.3645313",,,1
1036,"ERR-01036",19,197,"High","Mat ket noi voi bo dieu khien cong sac","2025-08-21T22:27:39.3645313","2025-08-23T06:27:39.3645313",36,0
1037,"ERR-01037",19,198,"Critical","Nhiet do dau sac vuot nguong, tam dung phien sac de kiem tra","2025-09-01T22:27:39.3645313","2025-09-03T07:27:39.3645313",9,0
1038,"ERR-01038",19,199,"Medium","Dong dien dao dong bat thuong trong gio cao diem","2025-09-12T22:27:39.3645313","2025-09-14T08:27:39.3645313",10,0
1039,"ERR-01039",20,200,"Low","Can hieu chuan lai cam bien trang thai dau sac","2025-09-23T22:27:39.3645313","2025-09-25T09:27:39.3645313",11,0
1040,"ERR-01040",20,201,"Low","Can hieu chuan lai cam bien trang thai dau sac","2025-10-04T22:27:39.3645313","2025-10-06T10:27:39.3645313",12,0
1041,"ERR-01041",20,202,"Medium","Dong dien dao dong bat thuong trong gio cao diem","2025-10-15T22:27:39.3645313","2025-10-17T11:27:39.3645313",13,0
1042,"ERR-01042",15,203,"Low","Can hieu chuan lai cam bien trang thai dau sac","2025-10-26T22:27:39.3645313","2025-10-28T12:27:39.3645313",14,0
1043,"ERR-01043",15,204,"High","Mat ket noi voi bo dieu khien cong sac","2025-11-06T22:27:39.3645313","2025-11-08T13:27:39.3645313",15,0
1044,"ERR-01044",15,205,"Medium","Dong dien dao dong bat thuong trong gio cao diem","2025-11-17T22:27:39.3645313",,,1
1045,"ERR-01045",13,206,"Low","Can hieu chuan lai cam bien trang thai dau sac","2025-11-28T22:27:39.3645313","2025-11-30T15:27:39.3645313",17,0
1046,"ERR-01046",13,207,"Low","Can hieu chuan lai cam bien trang thai dau sac","2025-12-09T22:27:39.3645313","2025-12-11T16:27:39.3645313",18,0
1047,"ERR-01047",13,208,"Medium","Dong dien dao dong bat thuong trong gio cao diem","2025-12-20T22:27:39.3645313","2025-12-22T17:27:39.3645313",19,0
1048,"ERR-01048",11,209,"Low","Can hieu chuan lai cam bien trang thai dau sac","2025-12-31T22:27:39.3645313","2026-01-02T18:27:39.3645313",20,0
1049,"ERR-01049",11,210,"Low","Can hieu chuan lai cam bien trang thai dau sac","2026-01-11T22:27:39.3645313","2026-01-13T19:27:39.3645313",21,0
1050,"ERR-01050",11,211,"High","Mat ket noi voi bo dieu khien cong sac","2026-01-22T22:27:39.3645313","2026-01-24T20:27:39.3645313",22,0
1051,"ERR-01051",7,212,"Low","Can hieu chuan lai cam bien trang thai dau sac","2026-02-02T22:27:39.3645313","2026-02-04T21:27:39.3645313",23,0
1052,"ERR-01052",7,213,"Low","Can hieu chuan lai cam bien trang thai dau sac","2026-02-13T22:27:39.3645313","2026-02-15T22:27:39.3645313",24,0
1053,"ERR-01053",7,214,"Medium","Dong dien dao dong bat thuong trong gio cao diem","2026-02-24T22:27:39.3645313",,,1
1054,"ERR-01054",4,215,"Critical","Nhiet do dau sac vuot nguong, tam dung phien sac de kiem tra","2026-03-07T22:27:39.3645313","2026-03-10T00:27:39.3645313",26,0
1055,"ERR-01055",4,216,"Low","Can hieu chuan lai cam bien trang thai dau sac","2026-03-18T22:27:39.3645313","2026-03-21T01:27:39.3645313",27,0
1056,"ERR-01056",4,217,"Medium","Dong dien dao dong bat thuong trong gio cao diem","2026-03-29T22:27:39.3645313","2026-03-30T02:27:39.3645313",28,0
1057,"ERR-01057",2,218,"High","Mat ket noi voi bo dieu khien cong sac","2026-04-09T22:27:39.3645313","2026-04-10T03:27:39.3645313",29,0
1058,"ERR-01058",2,219,"Low","Can hieu chuan lai cam bien trang thai dau sac","2026-04-20T22:27:39.3645313","2026-04-21T04:27:39.3645313",30,0
1059,"ERR-01059",2,220,"Medium","Dong dien dao dong bat thuong trong gio cao diem","2026-05-01T22:27:39.3645313","2026-05-02T05:27:39.3645313",31,0
1060,"ERR-01060",8,221,"Low","Can hieu chuan lai cam bien trang thai dau sac","2026-05-12T22:27:39.3645313","2026-05-13T06:27:39.3645313",32,0
1061,"ERR-01061",8,222,"Low","Can hieu chuan lai cam bien trang thai dau sac","2026-05-23T22:27:39.3645313","2026-05-24T07:27:39.3645313",33,0
1062,"ERR-01062",8,223,"Medium","Dong dien dao dong bat thuong trong gio cao diem","2024-06-03T22:27:39.3645313",,,1
1063,"ERR-01063",8,224,"Low","Can hieu chuan lai cam bien trang thai dau sac","2024-06-14T22:27:39.3645313","2024-06-15T09:27:39.3645313",35,0
1064,"ERR-01064",8,225,"High","Mat ket noi voi bo dieu khien cong sac","2024-06-25T22:27:39.3645313","2024-06-26T10:27:39.3645313",36,0
1065,"ERR-01065",17,226,"Medium","Dong dien dao dong bat thuong trong gio cao diem","2024-07-06T22:27:39.3645313","2024-07-07T11:27:39.3645313",9,0
1066,"ERR-01066",17,227,"Low","Can hieu chuan lai cam bien trang thai dau sac","2024-07-17T22:27:39.3645313","2024-07-18T12:27:39.3645313",10,0
1067,"ERR-01067",17,228,"Low","Can hieu chuan lai cam bien trang thai dau sac","2024-07-28T22:27:39.3645313","2024-07-29T13:27:39.3645313",11,0
1068,"ERR-01068",17,229,"Medium","Dong dien dao dong bat thuong trong gio cao diem","2024-08-08T22:27:39.3645313","2024-08-09T14:27:39.3645313",12,0
1069,"ERR-01069",17,230,"Low","Can hieu chuan lai cam bien trang thai dau sac","2024-08-19T22:27:39.3645313","2024-08-20T15:27:39.3645313",13,0
1070,"ERR-01070",28,231,"Low","Can hieu chuan lai cam bien trang thai dau sac","2024-08-30T22:27:39.3645313","2024-08-31T16:27:39.3645313",14,0
1071,"ERR-01071",28,232,"Critical","Nhiet do dau sac vuot nguong, tam dung phien sac de kiem tra","2024-09-10T22:27:39.3645313",,,1
1072,"ERR-01072",28,233,"Low","Can hieu chuan lai cam bien trang thai dau sac","2024-09-21T22:27:39.3645313","2024-09-22T18:27:39.3645313",16,0
1073,"ERR-01073",28,234,"Low","Can hieu chuan lai cam bien trang thai dau sac","2024-10-02T22:27:39.3645313","2024-10-03T19:27:39.3645313",17,0
1074,"ERR-01074",28,235,"Medium","Dong dien dao dong bat thuong trong gio cao diem","2024-10-13T22:27:39.3645313","2024-10-14T20:27:39.3645313",18,0
1075,"ERR-01075",38,236,"Low","Can hieu chuan lai cam bien trang thai dau sac","2024-10-24T22:27:39.3645313","2024-10-25T21:27:39.3645313",19,0
1076,"ERR-01076",38,237,"Low","Can hieu chuan lai cam bien trang thai dau sac","2024-11-04T22:27:39.3645313","2024-11-05T22:27:39.3645313",20,0
1077,"ERR-01077",38,238,"Medium","Dong dien dao dong bat thuong trong gio cao diem","2024-11-15T22:27:39.3645313","2024-11-16T23:27:39.3645313",21,0
1078,"ERR-01078",38,239,"High","Mat ket noi voi bo dieu khien cong sac","2024-11-26T22:27:39.3645313","2024-11-28T00:27:39.3645313",22,0
1079,"ERR-01079",38,240,"Low","Can hieu chuan lai cam bien trang thai dau sac","2024-12-07T22:27:39.3645313","2024-12-09T01:27:39.3645313",23,0
1080,"ERR-01080",48,241,"Medium","Dong dien dao dong bat thuong trong gio cao diem","2024-12-18T22:27:39.3645313",,,1
1081,"ERR-01081",48,242,"Low","Can hieu chuan lai cam bien trang thai dau sac","2024-12-29T22:27:39.3645313","2024-12-31T03:27:39.3645313",25,0
1082,"ERR-01082",48,243,"Low","Can hieu chuan lai cam bien trang thai dau sac","2025-01-09T22:27:39.3645313","2025-01-11T04:27:39.3645313",26,0
1083,"ERR-01083",48,244,"Medium","Dong dien dao dong bat thuong trong gio cao diem","2025-01-20T22:27:39.3645313","2025-01-22T05:27:39.3645313",27,0
1084,"ERR-01084",48,245,"Low","Can hieu chuan lai cam bien trang thai dau sac","2025-01-31T22:27:39.3645313","2025-02-02T06:27:39.3645313",28,0
1085,"ERR-01085",53,246,"High","Mat ket noi voi bo dieu khien cong sac","2025-02-11T22:27:39.3645313","2025-02-13T07:27:39.3645313",29,0
1086,"ERR-01086",53,247,"Medium","Dong dien dao dong bat thuong trong gio cao diem","2025-02-22T22:27:39.3645313","2025-02-24T08:27:39.3645313",30,0
1087,"ERR-01087",53,248,"Low","Can hieu chuan lai cam bien trang thai dau sac","2025-03-05T22:27:39.3645313","2025-03-07T09:27:39.3645313",31,0
1088,"ERR-01088",53,249,"Critical","Nhiet do dau sac vuot nguong, tam dung phien sac de kiem tra","2025-03-16T22:27:39.3645313","2025-03-18T10:27:39.3645313",32,0
1089,"ERR-01089",53,250,"Medium","Dong dien dao dong bat thuong trong gio cao diem","2025-03-27T22:27:39.3645313",,,1
1090,"ERR-01090",59,251,"Low","Can hieu chuan lai cam bien trang thai dau sac","2025-04-07T22:27:39.3645313","2025-04-09T12:27:39.3645313",34,0
1091,"ERR-01091",59,252,"Low","Can hieu chuan lai cam bien trang thai dau sac","2025-04-18T22:27:39.3645313","2025-04-20T13:27:39.3645313",35,0
1092,"ERR-01092",59,253,"High","Mat ket noi voi bo dieu khien cong sac","2025-04-29T22:27:39.3645313","2025-05-01T14:27:39.3645313",36,0
1093,"ERR-01093",59,254,"Low","Can hieu chuan lai cam bien trang thai dau sac","2025-05-10T22:27:39.3645313","2025-05-12T15:27:39.3645313",9,0
1094,"ERR-01094",59,255,"Low","Can hieu chuan lai cam bien trang thai dau sac","2025-05-21T22:27:39.3645313","2025-05-23T16:27:39.3645313",10,0
1095,"ERR-01095",68,256,"Medium","Dong dien dao dong bat thuong trong gio cao diem","2025-06-01T22:27:39.3645313","2025-06-03T17:27:39.3645313",11,0
1096,"ERR-01096",68,257,"Low","Can hieu chuan lai cam bien trang thai dau sac","2025-06-12T22:27:39.3645313","2025-06-14T18:27:39.3645313",12,0
1097,"ERR-01097",68,258,"Low","Can hieu chuan lai cam bien trang thai dau sac","2025-06-23T22:27:39.3645313","2025-06-25T19:27:39.3645313",13,0
1098,"ERR-01098",68,259,"Medium","Dong dien dao dong bat thuong trong gio cao diem","2025-07-04T22:27:39.3645313",,,1
1099,"ERR-01099",68,260,"High","Mat ket noi voi bo dieu khien cong sac","2025-07-15T22:27:39.3645313","2025-07-17T21:27:39.3645313",15,0
1100,"ERR-01100",74,261,"Low","Can hieu chuan lai cam bien trang thai dau sac","2025-07-26T22:27:39.3645313","2025-07-28T22:27:39.3645313",16,0
1101,"ERR-01101",74,262,"Medium","Dong dien dao dong bat thuong trong gio cao diem","2025-08-06T22:27:39.3645313","2025-08-08T23:27:39.3645313",17,0
1102,"ERR-01102",74,263,"Low","Can hieu chuan lai cam bien trang thai dau sac","2025-08-17T22:27:39.3645313","2025-08-20T00:27:39.3645313",18,0
1103,"ERR-01103",74,264,"Low","Can hieu chuan lai cam bien trang thai dau sac","2025-08-28T22:27:39.3645313","2025-08-31T01:27:39.3645313",19,0
1104,"ERR-01104",74,265,"Medium","Dong dien dao dong bat thuong trong gio cao diem","2025-09-08T22:27:39.3645313","2025-09-09T02:27:39.3645313",20,0
1105,"ERR-01105",80,266,"Critical","Nhiet do dau sac vuot nguong, tam dung phien sac de kiem tra","2025-09-19T22:27:39.3645313","2025-09-20T03:27:39.3645313",21,0
1106,"ERR-01106",80,267,"High","Mat ket noi voi bo dieu khien cong sac","2025-09-30T22:27:39.3645313","2025-10-01T04:27:39.3645313",22,0
1107,"ERR-01107",80,268,"Medium","Dong dien dao dong bat thuong trong gio cao diem","2025-10-11T22:27:39.3645313",,,1
1108,"ERR-01108",80,269,"Low","Can hieu chuan lai cam bien trang thai dau sac","2025-10-22T22:27:39.3645313","2025-10-23T06:27:39.3645313",24,0
1109,"ERR-01109",80,270,"Low","Can hieu chuan lai cam bien trang thai dau sac","2025-11-02T22:27:39.3645313","2025-11-03T07:27:39.3645313",25,0
1110,"ERR-01110",89,271,"Medium","Dong dien dao dong bat thuong trong gio cao diem","2025-11-13T22:27:39.3645313","2025-11-14T08:27:39.3645313",26,0
1111,"ERR-01111",89,272,"Low","Can hieu chuan lai cam bien trang thai dau sac","2025-11-24T22:27:39.3645313","2025-11-25T09:27:39.3645313",27,0
1112,"ERR-01112",89,273,"Low","Can hieu chuan lai cam bien trang thai dau sac","2025-12-05T22:27:39.3645313","2025-12-06T10:27:39.3645313",28,0
1113,"ERR-01113",89,274,"High","Mat ket noi voi bo dieu khien cong sac","2025-12-16T22:27:39.3645313","2025-12-17T11:27:39.3645313",29,0
1114,"ERR-01114",89,275,"Low","Can hieu chuan lai cam bien trang thai dau sac","2025-12-27T22:27:39.3645313","2025-12-28T12:27:39.3645313",30,0
1115,"ERR-01115",98,276,"Low","Can hieu chuan lai cam bien trang thai dau sac","2026-01-07T22:27:39.3645313","2026-01-08T13:27:39.3645313",31,0
1116,"ERR-01116",98,277,"Medium","Dong dien dao dong bat thuong trong gio cao diem","2026-01-18T22:27:39.3645313",,,1
1117,"ERR-01117",98,278,"Low","Can hieu chuan lai cam bien trang thai dau sac","2026-01-29T22:27:39.3645313","2026-01-30T15:27:39.3645313",33,0
1118,"ERR-01118",98,279,"Low","Can hieu chuan lai cam bien trang thai dau sac","2026-02-09T22:27:39.3645313","2026-02-10T16:27:39.3645313",34,0
1119,"ERR-01119",98,280,"Medium","Dong dien dao dong bat thuong trong gio cao diem","2026-02-20T22:27:39.3645313","2026-02-21T17:27:39.3645313",35,0
1120,"ERR-01120",1,1,"High","Mat ket noi voi bo dieu khien cong sac","2026-03-03T22:27:39.3645313","2026-03-04T18:27:39.3645313",36,0
1121,"ERR-01121",1,2,"Low","Can hieu chuan lai cam bien trang thai dau sac","2026-03-14T22:27:39.3645313","2026-03-15T19:27:39.3645313",9,0
1122,"ERR-01122",3,3,"Critical","Nhiet do dau sac vuot nguong, tam dung phien sac de kiem tra","2026-03-25T22:27:39.3645313","2026-03-26T20:27:39.3645313",10,0
1123,"ERR-01123",3,4,"Low","Can hieu chuan lai cam bien trang thai dau sac","2026-04-05T22:27:39.3645313","2026-04-06T21:27:39.3645313",11,0
1124,"ERR-01124",5,5,"Low","Can hieu chuan lai cam bien trang thai dau sac","2026-04-16T22:27:39.3645313","2026-04-17T22:27:39.3645313",12,0
1125,"ERR-01125",5,6,"Medium","Dong dien dao dong bat thuong trong gio cao diem","2026-04-27T22:27:39.3645313",,,1
1126,"ERR-01126",6,7,"Low","Can hieu chuan lai cam bien trang thai dau sac","2026-05-08T22:27:39.3645313","2026-05-10T00:27:39.3645313",14,0
1127,"ERR-01127",6,8,"High","Mat ket noi voi bo dieu khien cong sac","2026-05-19T22:27:39.3645313","2026-05-21T01:27:39.3645313",15,0
1128,"ERR-01128",10,9,"Medium","Dong dien dao dong bat thuong trong gio cao diem","2026-05-30T22:27:39.3645313","2026-06-01T02:27:39.3645313",16,0
1129,"ERR-01129",10,10,"Low","Can hieu chuan lai cam bien trang thai dau sac","2024-06-10T22:27:39.3645313","2024-06-12T03:27:39.3645313",17,0
1130,"ERR-01130",12,11,"Low","Can hieu chuan lai cam bien trang thai dau sac","2024-06-21T22:27:39.3645313","2024-06-23T04:27:39.3645313",18,0
1131,"ERR-01131",12,12,"Medium","Dong dien dao dong bat thuong trong gio cao diem","2024-07-02T22:27:39.3645313","2024-07-04T05:27:39.3645313",19,0
1132,"ERR-01132",14,13,"Low","Can hieu chuan lai cam bien trang thai dau sac","2024-07-13T22:27:39.3645313","2024-07-15T06:27:39.3645313",20,0
1133,"ERR-01133",14,14,"Low","Can hieu chuan lai cam bien trang thai dau sac","2024-07-24T22:27:39.3645313","2024-07-26T07:27:39.3645313",21,0
1134,"ERR-01134",16,15,"High","Mat ket noi voi bo dieu khien cong sac","2024-08-04T22:27:39.3645313",,,1
1135,"ERR-01135",16,16,"Low","Can hieu chuan lai cam bien trang thai dau sac","2024-08-15T22:27:39.3645313","2024-08-17T09:27:39.3645313",23,0
1136,"ERR-01136",18,17,"Low","Can hieu chuan lai cam bien trang thai dau sac","2024-08-26T22:27:39.3645313","2024-08-28T10:27:39.3645313",24,0
1137,"ERR-01137",18,18,"Medium","Dong dien dao dong bat thuong trong gio cao diem","2024-09-06T22:27:39.3645313","2024-09-08T11:27:39.3645313",25,0
1138,"ERR-01138",21,19,"Low","Can hieu chuan lai cam bien trang thai dau sac","2024-09-17T22:27:39.3645313","2024-09-19T12:27:39.3645313",26,0
1139,"ERR-01139",21,20,"Critical","Nhiet do dau sac vuot nguong, tam dung phien sac de kiem tra","2024-09-28T22:27:39.3645313","2024-09-30T13:27:39.3645313",27,0
1140,"ERR-01140",23,21,"Medium","Dong dien dao dong bat thuong trong gio cao diem","2024-10-09T22:27:39.3645313","2024-10-11T14:27:39.3645313",28,0
1141,"ERR-01141",23,22,"High","Mat ket noi voi bo dieu khien cong sac","2024-10-20T22:27:39.3645313","2024-10-22T15:27:39.3645313",29,0
1142,"ERR-01142",24,23,"Low","Can hieu chuan lai cam bien trang thai dau sac","2024-10-31T22:27:39.3645313","2024-11-02T16:27:39.3645313",30,0
1143,"ERR-01143",24,24,"Medium","Dong dien dao dong bat thuong trong gio cao diem","2024-11-11T22:27:39.3645313",,,1
1144,"ERR-01144",26,25,"Low","Can hieu chuan lai cam bien trang thai dau sac","2024-11-22T22:27:39.3645313","2024-11-24T18:27:39.3645313",32,0
1145,"ERR-01145",26,26,"Low","Can hieu chuan lai cam bien trang thai dau sac","2024-12-03T22:27:39.3645313","2024-12-05T19:27:39.3645313",33,0
1146,"ERR-01146",30,27,"Medium","Dong dien dao dong bat thuong trong gio cao diem","2024-12-14T22:27:39.3645313","2024-12-16T20:27:39.3645313",34,0
1147,"ERR-01147",30,28,"Low","Can hieu chuan lai cam bien trang thai dau sac","2024-12-25T22:27:39.3645313","2024-12-27T21:27:39.3645313",35,0
1148,"ERR-01148",32,29,"High","Mat ket noi voi bo dieu khien cong sac","2025-01-05T22:27:39.3645313","2025-01-07T22:27:39.3645313",36,0
1149,"ERR-01149",32,30,"Medium","Dong dien dao dong bat thuong trong gio cao diem","2025-01-16T22:27:39.3645313","2025-01-18T23:27:39.3645313",9,0
1150,"ERR-01150",34,31,"Low","Can hieu chuan lai cam bien trang thai dau sac","2025-01-27T22:27:39.3645313","2025-01-30T00:27:39.3645313",10,0
1151,"ERR-01151",34,32,"Low","Can hieu chuan lai cam bien trang thai dau sac","2025-02-07T22:27:39.3645313","2025-02-10T01:27:39.3645313",11,0
1152,"ERR-01152",35,33,"Medium","Dong dien dao dong bat thuong trong gio cao diem","2025-02-18T22:27:39.3645313",,,1
1153,"ERR-01153",35,34,"Low","Can hieu chuan lai cam bien trang thai dau sac","2025-03-01T22:27:39.3645313","2025-03-02T03:27:39.3645313",13,0
1154,"ERR-01154",37,35,"Low","Can hieu chuan lai cam bien trang thai dau sac","2025-03-12T22:27:39.3645313","2025-03-13T04:27:39.3645313",14,0
1155,"ERR-01155",37,36,"High","Mat ket noi voi bo dieu khien cong sac","2025-03-23T22:27:39.3645313","2025-03-24T05:27:39.3645313",15,0
1156,"ERR-01156",39,37,"Critical","Nhiet do dau sac vuot nguong, tam dung phien sac de kiem tra","2025-04-03T22:27:39.3645313","2025-04-04T06:27:39.3645313",16,0
1157,"ERR-01157",39,38,"Low","Can hieu chuan lai cam bien trang thai dau sac","2025-04-14T22:27:39.3645313","2025-04-15T07:27:39.3645313",17,0
1158,"ERR-01158",42,39,"Medium","Dong dien dao dong bat thuong trong gio cao diem","2025-04-25T22:27:39.3645313","2025-04-26T08:27:39.3645313",18,0
1159,"ERR-01159",42,40,"Low","Can hieu chuan lai cam bien trang thai dau sac","2025-05-06T22:27:39.3645313","2025-05-07T09:27:39.3645313",19,0
1160,"ERR-01160",44,41,"Low","Can hieu chuan lai cam bien trang thai dau sac","2025-05-17T22:27:39.3645313","2025-05-18T10:27:39.3645313",20,0
1161,"ERR-01161",44,42,"Medium","Dong dien dao dong bat thuong trong gio cao diem","2025-05-28T22:27:39.3645313",,,1
1162,"ERR-01162",46,43,"High","Mat ket noi voi bo dieu khien cong sac","2025-06-08T22:27:39.3645313","2025-06-09T12:27:39.3645313",22,0
1163,"ERR-01163",46,44,"Low","Can hieu chuan lai cam bien trang thai dau sac","2025-06-19T22:27:39.3645313","2025-06-20T13:27:39.3645313",23,0
1164,"ERR-01164",50,45,"Medium","Dong dien dao dong bat thuong trong gio cao diem","2025-06-30T22:27:39.3645313","2025-07-01T14:27:39.3645313",24,0
1165,"ERR-01165",50,46,"Low","Can hieu chuan lai cam bien trang thai dau sac","2025-07-11T22:27:39.3645313","2025-07-12T15:27:39.3645313",25,0
1166,"ERR-01166",52,47,"Low","Can hieu chuan lai cam bien trang thai dau sac","2025-07-22T22:27:39.3645313","2025-07-23T16:27:39.3645313",26,0
1167,"ERR-01167",52,48,"Medium","Dong dien dao dong bat thuong trong gio cao diem","2025-08-02T22:27:39.3645313","2025-08-03T17:27:39.3645313",27,0
1168,"ERR-01168",55,49,"Low","Can hieu chuan lai cam bien trang thai dau sac","2025-08-13T22:27:39.3645313","2025-08-14T18:27:39.3645313",28,0
1169,"ERR-01169",55,50,"High","Mat ket noi voi bo dieu khien cong sac","2025-08-24T22:27:39.3645313","2025-08-25T19:27:39.3645313",29,0
1170,"ERR-01170",57,51,"Medium","Dong dien dao dong bat thuong trong gio cao diem","2025-09-04T22:27:39.3645313",,,1
1171,"ERR-01171",57,52,"Low","Can hieu chuan lai cam bien trang thai dau sac","2025-09-15T22:27:39.3645313","2025-09-16T21:27:39.3645313",31,0
1172,"ERR-01172",60,53,"Low","Can hieu chuan lai cam bien trang thai dau sac","2025-09-26T22:27:39.3645313","2025-09-27T22:27:39.3645313",32,0
1173,"ERR-01173",60,54,"Critical","Nhiet do dau sac vuot nguong, tam dung phien sac de kiem tra","2025-10-07T22:27:39.3645313","2025-10-08T23:27:39.3645313",33,0
1174,"ERR-01174",62,55,"Low","Can hieu chuan lai cam bien trang thai dau sac","2025-10-18T22:27:39.3645313","2025-10-20T00:27:39.3645313",34,0
1175,"ERR-01175",62,56,"Low","Can hieu chuan lai cam bien trang thai dau sac","2025-10-29T22:27:39.3645313","2025-10-31T01:27:39.3645313",35,0
1176,"ERR-01176",65,57,"High","Mat ket noi voi bo dieu khien cong sac","2025-11-09T22:27:39.3645313","2025-11-11T02:27:39.3645313",36,0
1177,"ERR-01177",65,58,"Low","Can hieu chuan lai cam bien trang thai dau sac","2025-11-20T22:27:39.3645313","2025-11-22T03:27:39.3645313",9,0
1178,"ERR-01178",67,59,"Low","Can hieu chuan lai cam bien trang thai dau sac","2025-12-01T22:27:39.3645313","2025-12-03T04:27:39.3645313",10,0
1179,"ERR-01179",67,60,"Medium","Dong dien dao dong bat thuong trong gio cao diem","2025-12-12T22:27:39.3645313",,,1
1180,"ERR-01180",70,61,"Low","Can hieu chuan lai cam bien trang thai dau sac","2025-12-23T22:27:39.3645313","2025-12-25T06:27:39.3645313",12,0
1181,"ERR-01181",70,62,"Low","Can hieu chuan lai cam bien trang thai dau sac","2026-01-03T22:27:39.3645313","2026-01-05T07:27:39.3645313",13,0
1182,"ERR-01182",73,63,"Medium","Dong dien dao dong bat thuong trong gio cao diem","2026-01-14T22:27:39.3645313","2026-01-16T08:27:39.3645313",14,0
1183,"ERR-01183",73,64,"High","Mat ket noi voi bo dieu khien cong sac","2026-01-25T22:27:39.3645313","2026-01-27T09:27:39.3645313",15,0
1184,"ERR-01184",75,65,"Low","Can hieu chuan lai cam bien trang thai dau sac","2026-02-05T22:27:39.3645313","2026-02-07T10:27:39.3645313",16,0
1185,"ERR-01185",75,66,"Medium","Dong dien dao dong bat thuong trong gio cao diem","2026-02-16T22:27:39.3645313","2026-02-18T11:27:39.3645313",17,0
1186,"ERR-01186",76,67,"Low","Can hieu chuan lai cam bien trang thai dau sac","2026-02-27T22:27:39.3645313","2026-03-01T12:27:39.3645313",18,0
1187,"ERR-01187",76,68,"Low","Can hieu chuan lai cam bien trang thai dau sac","2026-03-10T22:27:39.3645313","2026-03-12T13:27:39.3645313",19,0
1188,"ERR-01188",78,69,"Medium","Dong dien dao dong bat thuong trong gio cao diem","2026-03-21T22:27:39.3645313",,,1
1189,"ERR-01189",78,70,"Low","Can hieu chuan lai cam bien trang thai dau sac","2026-04-01T22:27:39.3645313","2026-04-03T15:27:39.3645313",21,0
1190,"ERR-01190",81,71,"Critical","Nhiet do dau sac vuot nguong, tam dung phien sac de kiem tra","2026-04-12T22:27:39.3645313","2026-04-14T16:27:39.3645313",22,0
1191,"ERR-01191",81,72,"Medium","Dong dien dao dong bat thuong trong gio cao diem","2026-04-23T22:27:39.3645313","2026-04-25T17:27:39.3645313",23,0
1192,"ERR-01192",83,73,"Low","Can hieu chuan lai cam bien trang thai dau sac","2026-05-04T22:27:39.3645313","2026-05-06T18:27:39.3645313",24,0
1193,"ERR-01193",83,74,"Low","Can hieu chuan lai cam bien trang thai dau sac","2026-05-15T22:27:39.3645313","2026-05-17T19:27:39.3645313",25,0
1194,"ERR-01194",85,75,"Medium","Dong dien dao dong bat thuong trong gio cao diem","2026-05-26T22:27:39.3645313","2026-05-28T20:27:39.3645313",26,0
1195,"ERR-01195",85,76,"Low","Can hieu chuan lai cam bien trang thai dau sac","2024-06-06T22:27:39.3645313","2024-06-08T21:27:39.3645313",27,0
1196,"ERR-01196",87,77,"Low","Can hieu chuan lai cam bien trang thai dau sac","2024-06-17T22:27:39.3645313","2024-06-19T22:27:39.3645313",28,0
1197,"ERR-01197",87,78,"High","Mat ket noi voi bo dieu khien cong sac","2024-06-28T22:27:39.3645313",,,1
1198,"ERR-01198",91,79,"Low","Can hieu chuan lai cam bien trang thai dau sac","2024-07-09T22:27:39.3645313","2024-07-12T00:27:39.3645313",30,0
1199,"ERR-01199",91,80,"Low","Can hieu chuan lai cam bien trang thai dau sac","2024-07-20T22:27:39.3645313","2024-07-23T01:27:39.3645313",31,0
1200,"ERR-01200",93,81,"Medium","Dong dien dao dong bat thuong trong gio cao diem","2024-07-31T22:27:39.3645313","2024-08-01T02:27:39.3645313",32,0
1201,"ERR-01201",93,82,"Low","Can hieu chuan lai cam bien trang thai dau sac","2024-08-11T22:27:39.3645313","2024-08-12T03:27:39.3645313",33,0
1202,"ERR-01202",95,83,"Low","Can hieu chuan lai cam bien trang thai dau sac","2024-08-22T22:27:39.3645313","2024-08-23T04:27:39.3645313",34,0
1203,"ERR-01203",95,84,"Medium","Dong dien dao dong bat thuong trong gio cao diem","2024-09-02T22:27:39.3645313","2024-09-03T05:27:39.3645313",35,0
1204,"ERR-01204",97,85,"High","Mat ket noi voi bo dieu khien cong sac","2024-09-13T22:27:39.3645313","2024-09-14T06:27:39.3645313",36,0
1205,"ERR-01205",97,86,"Low","Can hieu chuan lai cam bien trang thai dau sac","2024-09-24T22:27:39.3645313","2024-09-25T07:27:39.3645313",9,0
1206,"ERR-01206",99,87,"Medium","Dong dien dao dong bat thuong trong gio cao diem","2024-10-05T22:27:39.3645313",,,1
1207,"ERR-01207",99,88,"Critical","Nhiet do dau sac vuot nguong, tam dung phien sac de kiem tra","2024-10-16T22:27:39.3645313","2024-10-17T09:27:39.3645313",11,0
1208,"ERR-01208",100,89,"Low","Can hieu chuan lai cam bien trang thai dau sac","2024-10-27T22:27:39.3645313","2024-10-28T10:27:39.3645313",12,0
1209,"ERR-01209",100,90,"Medium","Dong dien dao dong bat thuong trong gio cao diem","2024-11-07T22:27:39.3645313","2024-11-08T11:27:39.3645313",13,0
1210,"ERR-01210",100,91,"Low","Can hieu chuan lai cam bien trang thai dau sac","2024-11-18T22:27:39.3645313","2024-11-19T12:27:39.3645313",14,0
1211,"ERR-01211",96,92,"High","Mat ket noi voi bo dieu khien cong sac","2024-11-29T22:27:39.3645313","2024-11-30T13:27:39.3645313",15,0
1212,"ERR-01212",96,93,"Medium","Dong dien dao dong bat thuong trong gio cao diem","2024-12-10T22:27:39.3645313","2024-12-11T14:27:39.3645313",16,0
1213,"ERR-01213",96,94,"Low","Can hieu chuan lai cam bien trang thai dau sac","2024-12-21T22:27:39.3645313","2024-12-22T15:27:39.3645313",17,0
1214,"ERR-01214",94,95,"Low","Can hieu chuan lai cam bien trang thai dau sac","2025-01-01T22:27:39.3645313","2025-01-02T16:27:39.3645313",18,0
1215,"ERR-01215",94,96,"Medium","Dong dien dao dong bat thuong trong gio cao diem","2025-01-12T22:27:39.3645313",,,1
1216,"ERR-01216",94,97,"Low","Can hieu chuan lai cam bien trang thai dau sac","2025-01-23T22:27:39.3645313","2025-01-24T18:27:39.3645313",20,0
1217,"ERR-01217",92,98,"Low","Can hieu chuan lai cam bien trang thai dau sac","2025-02-03T22:27:39.3645313","2025-02-04T19:27:39.3645313",21,0
1218,"ERR-01218",92,99,"High","Mat ket noi voi bo dieu khien cong sac","2025-02-14T22:27:39.3645313","2025-02-15T20:27:39.3645313",22,0
1219,"ERR-01219",92,100,"Low","Can hieu chuan lai cam bien trang thai dau sac","2025-02-25T22:27:39.3645313","2025-02-26T21:27:39.3645313",23,0
1220,"ERR-01220",69,101,"Low","Can hieu chuan lai cam bien trang thai dau sac","2025-03-08T22:27:39.3645313","2025-03-09T22:27:39.3645313",24,0
1221,"ERR-01221",69,102,"Medium","Dong dien dao dong bat thuong trong gio cao diem","2025-03-19T22:27:39.3645313","2025-03-20T23:27:39.3645313",25,0
1222,"ERR-01222",69,103,"Low","Can hieu chuan lai cam bien trang thai dau sac","2025-03-30T22:27:39.3645313","2025-04-01T00:27:39.3645313",26,0
1223,"ERR-01223",90,104,"Low","Can hieu chuan lai cam bien trang thai dau sac","2025-04-10T22:27:39.3645313","2025-04-12T01:27:39.3645313",27,0
1224,"ERR-01224",90,105,"Critical","Nhiet do dau sac vuot nguong, tam dung phien sac de kiem tra","2025-04-21T22:27:39.3645313",,,1
1225,"ERR-01225",90,106,"High","Mat ket noi voi bo dieu khien cong sac","2025-05-02T22:27:39.3645313","2025-05-04T03:27:39.3645313",29,0
1226,"ERR-01226",88,107,"Low","Can hieu chuan lai cam bien trang thai dau sac","2025-05-13T22:27:39.3645313","2025-05-15T04:27:39.3645313",30,0
1227,"ERR-01227",88,108,"Medium","Dong dien dao dong bat thuong trong gio cao diem","2025-05-24T22:27:39.3645313","2025-05-26T05:27:39.3645313",31,0
1228,"ERR-01228",88,109,"Low","Can hieu chuan lai cam bien trang thai dau sac","2025-06-04T22:27:39.3645313","2025-06-06T06:27:39.3645313",32,0
1229,"ERR-01229",86,110,"Low","Can hieu chuan lai cam bien trang thai dau sac","2025-06-15T22:27:39.3645313","2025-06-17T07:27:39.3645313",33,0
1230,"ERR-01230",86,111,"Medium","Dong dien dao dong bat thuong trong gio cao diem","2025-06-26T22:27:39.3645313","2025-06-28T08:27:39.3645313",34,0
1231,"ERR-01231",86,112,"Low","Can hieu chuan lai cam bien trang thai dau sac","2025-07-07T22:27:39.3645313","2025-07-09T09:27:39.3645313",35,0
1232,"ERR-01232",84,113,"High","Mat ket noi voi bo dieu khien cong sac","2025-07-18T22:27:39.3645313","2025-07-20T10:27:39.3645313",36,0
1233,"ERR-01233",84,114,"Medium","Dong dien dao dong bat thuong trong gio cao diem","2025-07-29T22:27:39.3645313",,,1
1234,"ERR-01234",84,115,"Low","Can hieu chuan lai cam bien trang thai dau sac","2025-08-09T22:27:39.3645313","2025-08-11T12:27:39.3645313",10,0
1235,"ERR-01235",82,116,"Low","Can hieu chuan lai cam bien trang thai dau sac","2025-08-20T22:27:39.3645313","2025-08-22T13:27:39.3645313",11,0
1236,"ERR-01236",82,117,"Medium","Dong dien dao dong bat thuong trong gio cao diem","2025-08-31T22:27:39.3645313","2025-09-02T14:27:39.3645313",12,0
1237,"ERR-01237",82,118,"Low","Can hieu chuan lai cam bien trang thai dau sac","2025-09-11T22:27:39.3645313","2025-09-13T15:27:39.3645313",13,0
1238,"ERR-01238",79,119,"Low","Can hieu chuan lai cam bien trang thai dau sac","2025-09-22T22:27:39.3645313","2025-09-24T16:27:39.3645313",14,0
1239,"ERR-01239",79,120,"High","Mat ket noi voi bo dieu khien cong sac","2025-10-03T22:27:39.3645313","2025-10-05T17:27:39.3645313",15,0
1240,"ERR-01240",79,121,"Low","Can hieu chuan lai cam bien trang thai dau sac","2025-10-14T22:27:39.3645313","2025-10-16T18:27:39.3645313",16,0
1241,"ERR-01241",77,122,"Critical","Nhiet do dau sac vuot nguong, tam dung phien sac de kiem tra","2025-10-25T22:27:39.3645313","2025-10-27T19:27:39.3645313",17,0
1242,"ERR-01242",77,123,"Medium","Dong dien dao dong bat thuong trong gio cao diem","2025-11-05T22:27:39.3645313",,,1
1243,"ERR-01243",77,124,"Low","Can hieu chuan lai cam bien trang thai dau sac","2025-11-16T22:27:39.3645313","2025-11-18T21:27:39.3645313",19,0
1244,"ERR-01244",71,125,"Low","Can hieu chuan lai cam bien trang thai dau sac","2025-11-27T22:27:39.3645313","2025-11-29T22:27:39.3645313",20,0
1245,"ERR-01245",71,126,"Medium","Dong dien dao dong bat thuong trong gio cao diem","2025-12-08T22:27:39.3645313","2025-12-10T23:27:39.3645313",21,0
1246,"ERR-01246",71,127,"High","Mat ket noi voi bo dieu khien cong sac","2025-12-19T22:27:39.3645313","2025-12-22T00:27:39.3645313",22,0
1247,"ERR-01247",72,128,"Low","Can hieu chuan lai cam bien trang thai dau sac","2025-12-30T22:27:39.3645313","2026-01-02T01:27:39.3645313",23,0
1248,"ERR-01248",72,129,"Medium","Dong dien dao dong bat thuong trong gio cao diem","2026-01-10T22:27:39.3645313","2026-01-11T02:27:39.3645313",24,0
1249,"ERR-01249",72,130,"Low","Can hieu chuan lai cam bien trang thai dau sac","2026-01-21T22:27:39.3645313","2026-01-22T03:27:39.3645313",25,0
1250,"ERR-01250",66,131,"Low","Can hieu chuan lai cam bien trang thai dau sac","2026-02-01T22:27:39.3645313","2026-02-02T04:27:39.3645313",26,0
1251,"ERR-01251",66,132,"Medium","Dong dien dao dong bat thuong trong gio cao diem","2026-02-12T22:27:39.3645313",,,1
1252,"ERR-01252",66,133,"Low","Can hieu chuan lai cam bien trang thai dau sac","2026-02-23T22:27:39.3645313","2026-02-24T06:27:39.3645313",28,0
1253,"ERR-01253",63,134,"High","Mat ket noi voi bo dieu khien cong sac","2026-03-06T22:27:39.3645313","2026-03-07T07:27:39.3645313",29,0
1254,"ERR-01254",63,135,"Medium","Dong dien dao dong bat thuong trong gio cao diem","2026-03-17T22:27:39.3645313","2026-03-18T08:27:39.3645313",30,0
1255,"ERR-01255",63,136,"Low","Can hieu chuan lai cam bien trang thai dau sac","2026-03-28T22:27:39.3645313","2026-03-29T09:27:39.3645313",31,0
1256,"ERR-01256",64,137,"Low","Can hieu chuan lai cam bien trang thai dau sac","2026-04-08T22:27:39.3645313","2026-04-09T10:27:39.3645313",32,0
1257,"ERR-01257",64,138,"Medium","Dong dien dao dong bat thuong trong gio cao diem","2026-04-19T22:27:39.3645313","2026-04-20T11:27:39.3645313",33,0
1258,"ERR-01258",64,139,"Critical","Nhiet do dau sac vuot nguong, tam dung phien sac de kiem tra","2026-04-30T22:27:39.3645313","2026-05-01T12:27:39.3645313",34,0
1259,"ERR-01259",61,140,"Low","Can hieu chuan lai cam bien trang thai dau sac","2026-05-11T22:27:39.3645313","2026-05-12T13:27:39.3645313",35,0
1260,"ERR-01260",61,141,"High","Mat ket noi voi bo dieu khien cong sac","2026-05-22T22:27:39.3645313",,,1
1261,"ERR-01261",61,142,"Low","Can hieu chuan lai cam bien trang thai dau sac","2024-06-02T22:27:39.3645313","2024-06-03T15:27:39.3645313",9,0
1262,"ERR-01262",58,143,"Low","Can hieu chuan lai cam bien trang thai dau sac","2024-06-13T22:27:39.3645313","2024-06-14T16:27:39.3645313",10,0
1263,"ERR-01263",58,144,"Medium","Dong dien dao dong bat thuong trong gio cao diem","2024-06-24T22:27:39.3645313","2024-06-25T17:27:39.3645313",11,0
1264,"ERR-01264",58,145,"Low","Can hieu chuan lai cam bien trang thai dau sac","2024-07-05T22:27:39.3645313","2024-07-06T18:27:39.3645313",12,0
1265,"ERR-01265",56,146,"Low","Can hieu chuan lai cam bien trang thai dau sac","2024-07-16T22:27:39.3645313","2024-07-17T19:27:39.3645313",13,0
1266,"ERR-01266",56,147,"Medium","Dong dien dao dong bat thuong trong gio cao diem","2024-07-27T22:27:39.3645313","2024-07-28T20:27:39.3645313",14,0
1267,"ERR-01267",56,148,"High","Mat ket noi voi bo dieu khien cong sac","2024-08-07T22:27:39.3645313","2024-08-08T21:27:39.3645313",15,0
1268,"ERR-01268",49,149,"Low","Can hieu chuan lai cam bien trang thai dau sac","2024-08-18T22:27:39.3645313","2024-08-19T22:27:39.3645313",16,0
1269,"ERR-01269",49,150,"Medium","Dong dien dao dong bat thuong trong gio cao diem","2024-08-29T22:27:39.3645313",,,1
1270,"ERR-01270",49,151,"Low","Can hieu chuan lai cam bien trang thai dau sac","2024-09-09T22:27:39.3645313","2024-09-11T00:27:39.3645313",18,0
1271,"ERR-01271",54,152,"Low","Can hieu chuan lai cam bien trang thai dau sac","2024-09-20T22:27:39.3645313","2024-09-22T01:27:39.3645313",19,0
1272,"ERR-01272",54,153,"Medium","Dong dien dao dong bat thuong trong gio cao diem","2024-10-01T22:27:39.3645313","2024-10-03T02:27:39.3645313",20,0
1273,"ERR-01273",54,154,"Low","Can hieu chuan lai cam bien trang thai dau sac","2024-10-12T22:27:39.3645313","2024-10-14T03:27:39.3645313",21,0
1274,"ERR-01274",51,155,"High","Mat ket noi voi bo dieu khien cong sac","2024-10-23T22:27:39.3645313","2024-10-25T04:27:39.3645313",22,0
1275,"ERR-01275",51,156,"Critical","Nhiet do dau sac vuot nguong, tam dung phien sac de kiem tra","2024-11-03T22:27:39.3645313","2024-11-05T05:27:39.3645313",23,0
1276,"ERR-01276",51,157,"Low","Can hieu chuan lai cam bien trang thai dau sac","2024-11-14T22:27:39.3645313","2024-11-16T06:27:39.3645313",24,0
1277,"ERR-01277",47,158,"Low","Can hieu chuan lai cam bien trang thai dau sac","2024-11-25T22:27:39.3645313","2024-11-27T07:27:39.3645313",25,0
1278,"ERR-01278",47,159,"Medium","Dong dien dao dong bat thuong trong gio cao diem","2024-12-06T22:27:39.3645313",,,1
1279,"ERR-01279",47,160,"Low","Can hieu chuan lai cam bien trang thai dau sac","2024-12-17T22:27:39.3645313","2024-12-19T09:27:39.3645313",27,0
1280,"ERR-01280",45,161,"Low","Can hieu chuan lai cam bien trang thai dau sac","2024-12-28T22:27:39.3645313","2024-12-30T10:27:39.3645313",28,0
1281,"ERR-01281",45,162,"High","Mat ket noi voi bo dieu khien cong sac","2025-01-08T22:27:39.3645313","2025-01-10T11:27:39.3645313",29,0
1282,"ERR-01282",45,163,"Low","Can hieu chuan lai cam bien trang thai dau sac","2025-01-19T22:27:39.3645313","2025-01-21T12:27:39.3645313",30,0
1283,"ERR-01283",43,164,"Low","Can hieu chuan lai cam bien trang thai dau sac","2025-01-30T22:27:39.3645313","2025-02-01T13:27:39.3645313",31,0
1284,"ERR-01284",43,165,"Medium","Dong dien dao dong bat thuong trong gio cao diem","2025-02-10T22:27:39.3645313","2025-02-12T14:27:39.3645313",32,0
1285,"ERR-01285",43,166,"Low","Can hieu chuan lai cam bien trang thai dau sac","2025-02-21T22:27:39.3645313","2025-02-23T15:27:39.3645313",33,0
1286,"ERR-01286",40,167,"Low","Can hieu chuan lai cam bien trang thai dau sac","2025-03-04T22:27:39.3645313","2025-03-06T16:27:39.3645313",34,0
1287,"ERR-01287",40,168,"Medium","Dong dien dao dong bat thuong trong gio cao diem","2025-03-15T22:27:39.3645313",,,1
1288,"ERR-01288",40,169,"High","Mat ket noi voi bo dieu khien cong sac","2025-03-26T22:27:39.3645313","2025-03-28T18:27:39.3645313",36,0
1289,"ERR-01289",41,170,"Low","Can hieu chuan lai cam bien trang thai dau sac","2025-04-06T22:27:39.3645313","2025-04-08T19:27:39.3645313",9,0
1290,"ERR-01290",41,171,"Medium","Dong dien dao dong bat thuong trong gio cao diem","2025-04-17T22:27:39.3645313","2025-04-19T20:27:39.3645313",10,0
1291,"ERR-01291",41,172,"Low","Can hieu chuan lai cam bien trang thai dau sac","2025-04-28T22:27:39.3645313","2025-04-30T21:27:39.3645313",11,0
1292,"ERR-01292",36,173,"Critical","Nhiet do dau sac vuot nguong, tam dung phien sac de kiem tra","2025-05-09T22:27:39.3645313","2025-05-11T22:27:39.3645313",12,0
1293,"ERR-01293",36,174,"Medium","Dong dien dao dong bat thuong trong gio cao diem","2025-05-20T22:27:39.3645313","2025-05-22T23:27:39.3645313",13,0
1294,"ERR-01294",36,175,"Low","Can hieu chuan lai cam bien trang thai dau sac","2025-05-31T22:27:39.3645313","2025-06-03T00:27:39.3645313",14,0
1295,"ERR-01295",33,176,"High","Mat ket noi voi bo dieu khien cong sac","2025-06-11T22:27:39.3645313","2025-06-14T01:27:39.3645313",15,0
1296,"ERR-01296",33,177,"Medium","Dong dien dao dong bat thuong trong gio cao diem","2025-06-22T22:27:39.3645313",,,1
1297,"ERR-01297",33,178,"Low","Can hieu chuan lai cam bien trang thai dau sac","2025-07-03T22:27:39.3645313","2025-07-04T03:27:39.3645313",17,0
1298,"ERR-01298",31,179,"Low","Can hieu chuan lai cam bien trang thai dau sac","2025-07-14T22:27:39.3645313","2025-07-15T04:27:39.3645313",18,0
1299,"ERR-01299",31,180,"Medium","Dong dien dao dong bat thuong trong gio cao diem","2025-07-25T22:27:39.3645313","2025-07-26T05:27:39.3645313",19,0
1300,"ERR-01300",31,181,"Low","Can hieu chuan lai cam bien trang thai dau sac","2025-08-05T22:27:39.3645313","2025-08-06T06:27:39.3645313",20,0
1301,"ERR-01301",9,182,"Low","Can hieu chuan lai cam bien trang thai dau sac","2025-08-16T22:27:39.3645313","2025-08-17T07:27:39.3645313",21,0
1302,"ERR-01302",9,183,"High","Mat ket noi voi bo dieu khien cong sac","2025-08-27T22:27:39.3645313","2025-08-28T08:27:39.3645313",22,0
1303,"ERR-01303",9,184,"Low","Can hieu chuan lai cam bien trang thai dau sac","2025-09-07T22:27:39.3645313","2025-09-08T09:27:39.3645313",23,0
1304,"ERR-01304",29,185,"Low","Can hieu chuan lai cam bien trang thai dau sac","2025-09-18T22:27:39.3645313","2025-09-19T10:27:39.3645313",24,0
1305,"ERR-01305",29,186,"Medium","Dong dien dao dong bat thuong trong gio cao diem","2025-09-29T22:27:39.3645313",,,1
1306,"ERR-01306",29,187,"Low","Can hieu chuan lai cam bien trang thai dau sac","2025-10-10T22:27:39.3645313","2025-10-11T12:27:39.3645313",26,0
1307,"ERR-01307",27,188,"Low","Can hieu chuan lai cam bien trang thai dau sac","2025-10-21T22:27:39.3645313","2025-10-22T13:27:39.3645313",27,0
1308,"ERR-01308",27,189,"Medium","Dong dien dao dong bat thuong trong gio cao diem","2025-11-01T22:27:39.3645313","2025-11-02T14:27:39.3645313",28,0
1309,"ERR-01309",27,190,"Critical","Nhiet do dau sac vuot nguong, tam dung phien sac de kiem tra","2025-11-12T22:27:39.3645313","2025-11-13T15:27:39.3645313",29,0
1310,"ERR-01310",25,191,"Low","Can hieu chuan lai cam bien trang thai dau sac","2025-11-23T22:27:39.3645313","2025-11-24T16:27:39.3645313",30,0
1311,"ERR-01311",25,192,"Medium","Dong dien dao dong bat thuong trong gio cao diem","2025-12-04T22:27:39.3645313","2025-12-05T17:27:39.3645313",31,0
1312,"ERR-01312",25,193,"Low","Can hieu chuan lai cam bien trang thai dau sac","2025-12-15T22:27:39.3645313","2025-12-16T18:27:39.3645313",32,0
1313,"ERR-01313",22,194,"Low","Can hieu chuan lai cam bien trang thai dau sac","2025-12-26T22:27:39.3645313","2025-12-27T19:27:39.3645313",33,0
1314,"ERR-01314",22,195,"Medium","Dong dien dao dong bat thuong trong gio cao diem","2026-01-06T22:27:39.3645313",,,1
1315,"ERR-01315",22,196,"Low","Can hieu chuan lai cam bien trang thai dau sac","2026-01-17T22:27:39.3645313","2026-01-18T21:27:39.3645313",35,0
1316,"ERR-01316",19,197,"High","Mat ket noi voi bo dieu khien cong sac","2026-01-28T22:27:39.3645313","2026-01-29T22:27:39.3645313",36,0
1317,"ERR-01317",19,198,"Medium","Dong dien dao dong bat thuong trong gio cao diem","2026-02-08T22:27:39.3645313","2026-02-09T23:27:39.3645313",9,0
1318,"ERR-01318",19,199,"Low","Can hieu chuan lai cam bien trang thai dau sac","2026-02-19T22:27:39.3645313","2026-02-21T00:27:39.3645313",10,0
1319,"ERR-01319",20,200,"Low","Can hieu chuan lai cam bien trang thai dau sac","2026-03-02T22:27:39.3645313","2026-03-04T01:27:39.3645313",11,0
1320,"ERR-01320",20,201,"Medium","Dong dien dao dong bat thuong trong gio cao diem","2026-03-13T22:27:39.3645313","2026-03-15T02:27:39.3645313",12,0
1321,"ERR-01321",20,202,"Low","Can hieu chuan lai cam bien trang thai dau sac","2026-03-24T22:27:39.3645313","2026-03-26T03:27:39.3645313",13,0
1322,"ERR-01322",15,203,"Low","Can hieu chuan lai cam bien trang thai dau sac","2026-04-04T22:27:39.3645313","2026-04-06T04:27:39.3645313",14,0
1323,"ERR-01323",15,204,"High","Mat ket noi voi bo dieu khien cong sac","2026-04-15T22:27:39.3645313",,,1
1324,"ERR-01324",15,205,"Low","Can hieu chuan lai cam bien trang thai dau sac","2026-04-26T22:27:39.3645313","2026-04-28T06:27:39.3645313",16,0
1325,"ERR-01325",13,206,"Low","Can hieu chuan lai cam bien trang thai dau sac","2026-05-07T22:27:39.3645313","2026-05-09T07:27:39.3645313",17,0
1326,"ERR-01326",13,207,"Critical","Nhiet do dau sac vuot nguong, tam dung phien sac de kiem tra","2026-05-18T22:27:39.3645313","2026-05-20T08:27:39.3645313",18,0
1327,"ERR-01327",13,208,"Low","Can hieu chuan lai cam bien trang thai dau sac","2026-05-29T22:27:39.3645313","2026-05-31T09:27:39.3645313",19,0
1328,"ERR-01328",11,209,"Low","Can hieu chuan lai cam bien trang thai dau sac","2024-06-09T22:27:39.3645313","2024-06-11T10:27:39.3645313",20,0
1329,"ERR-01329",11,210,"Medium","Dong dien dao dong bat thuong trong gio cao diem","2024-06-20T22:27:39.3645313","2024-06-22T11:27:39.3645313",21,0
1330,"ERR-01330",11,211,"High","Mat ket noi voi bo dieu khien cong sac","2024-07-01T22:27:39.3645313","2024-07-03T12:27:39.3645313",22,0
1331,"ERR-01331",7,212,"Low","Can hieu chuan lai cam bien trang thai dau sac","2024-07-12T22:27:39.3645313","2024-07-14T13:27:39.3645313",23,0
1332,"ERR-01332",7,213,"Medium","Dong dien dao dong bat thuong trong gio cao diem","2024-07-23T22:27:39.3645313",,,1
1333,"ERR-01333",7,214,"Low","Can hieu chuan lai cam bien trang thai dau sac","2024-08-03T22:27:39.3645313","2024-08-05T15:27:39.3645313",25,0
1334,"ERR-01334",4,215,"Low","Can hieu chuan lai cam bien trang thai dau sac","2024-08-14T22:27:39.3645313","2024-08-16T16:27:39.3645313",26,0
1335,"ERR-01335",4,216,"Medium","Dong dien dao dong bat thuong trong gio cao diem","2024-08-25T22:27:39.3645313","2024-08-27T17:27:39.3645313",27,0
1336,"ERR-01336",4,217,"Low","Can hieu chuan lai cam bien trang thai dau sac","2024-09-05T22:27:39.3645313","2024-09-07T18:27:39.3645313",28,0
1337,"ERR-01337",2,218,"High","Mat ket noi voi bo dieu khien cong sac","2024-09-16T22:27:39.3645313","2024-09-18T19:27:39.3645313",29,0
1338,"ERR-01338",2,219,"Medium","Dong dien dao dong bat thuong trong gio cao diem","2024-09-27T22:27:39.3645313","2024-09-29T20:27:39.3645313",30,0
1339,"ERR-01339",2,220,"Low","Can hieu chuan lai cam bien trang thai dau sac","2024-10-08T22:27:39.3645313","2024-10-10T21:27:39.3645313",31,0
1340,"ERR-01340",8,221,"Low","Can hieu chuan lai cam bien trang thai dau sac","2024-10-19T22:27:39.3645313","2024-10-21T22:27:39.3645313",32,0
1341,"ERR-01341",8,222,"Medium","Dong dien dao dong bat thuong trong gio cao diem","2024-10-30T22:27:39.3645313",,,1
1342,"ERR-01342",8,223,"Low","Can hieu chuan lai cam bien trang thai dau sac","2024-11-10T22:27:39.3645313","2024-11-13T00:27:39.3645313",34,0
1343,"ERR-01343",8,224,"Critical","Nhiet do dau sac vuot nguong, tam dung phien sac de kiem tra","2024-11-21T22:27:39.3645313","2024-11-24T01:27:39.3645313",35,0
1344,"ERR-01344",8,225,"High","Mat ket noi voi bo dieu khien cong sac","2024-12-02T22:27:39.3645313","2024-12-03T02:27:39.3645313",36,0
1345,"ERR-01345",17,226,"Low","Can hieu chuan lai cam bien trang thai dau sac","2024-12-13T22:27:39.3645313","2024-12-14T03:27:39.3645313",9,0
1346,"ERR-01346",17,227,"Low","Can hieu chuan lai cam bien trang thai dau sac","2024-12-24T22:27:39.3645313","2024-12-25T04:27:39.3645313",10,0
1347,"ERR-01347",17,228,"Medium","Dong dien dao dong bat thuong trong gio cao diem","2025-01-04T22:27:39.3645313","2025-01-05T05:27:39.3645313",11,0
1348,"ERR-01348",17,229,"Low","Can hieu chuan lai cam bien trang thai dau sac","2025-01-15T22:27:39.3645313","2025-01-16T06:27:39.3645313",12,0
1349,"ERR-01349",17,230,"Low","Can hieu chuan lai cam bien trang thai dau sac","2025-01-26T22:27:39.3645313","2025-01-27T07:27:39.3645313",13,0
1350,"ERR-01350",28,231,"Medium","Dong dien dao dong bat thuong trong gio cao diem","2025-02-06T22:27:39.3645313",,,1
1351,"ERR-01351",28,232,"High","Mat ket noi voi bo dieu khien cong sac","2025-02-17T22:27:39.3645313","2025-02-18T09:27:39.3645313",15,0
1352,"ERR-01352",28,233,"Low","Can hieu chuan lai cam bien trang thai dau sac","2025-02-28T22:27:39.3645313","2025-03-01T10:27:39.3645313",16,0
1353,"ERR-01353",28,234,"Medium","Dong dien dao dong bat thuong trong gio cao diem","2025-03-11T22:27:39.3645313","2025-03-12T11:27:39.3645313",17,0
1354,"ERR-01354",28,235,"Low","Can hieu chuan lai cam bien trang thai dau sac","2025-03-22T22:27:39.3645313","2025-03-23T12:27:39.3645313",18,0
1355,"ERR-01355",38,236,"Low","Can hieu chuan lai cam bien trang thai dau sac","2025-04-02T22:27:39.3645313","2025-04-03T13:27:39.3645313",19,0
1356,"ERR-01356",38,237,"Medium","Dong dien dao dong bat thuong trong gio cao diem","2025-04-13T22:27:39.3645313","2025-04-14T14:27:39.3645313",20,0
1357,"ERR-01357",38,238,"Low","Can hieu chuan lai cam bien trang thai dau sac","2025-04-24T22:27:39.3645313","2025-04-25T15:27:39.3645313",21,0
1358,"ERR-01358",38,239,"High","Mat ket noi voi bo dieu khien cong sac","2025-05-05T22:27:39.3645313","2025-05-06T16:27:39.3645313",22,0
1359,"ERR-01359",38,240,"Medium","Dong dien dao dong bat thuong trong gio cao diem","2025-05-16T22:27:39.3645313",,,1
1360,"ERR-01360",48,241,"Critical","Nhiet do dau sac vuot nguong, tam dung phien sac de kiem tra","2025-05-27T22:27:39.3645313","2025-05-28T18:27:39.3645313",24,0
1361,"ERR-01361",48,242,"Low","Can hieu chuan lai cam bien trang thai dau sac","2025-06-07T22:27:39.3645313","2025-06-08T19:27:39.3645313",25,0
1362,"ERR-01362",48,243,"Medium","Dong dien dao dong bat thuong trong gio cao diem","2025-06-18T22:27:39.3645313","2025-06-19T20:27:39.3645313",26,0
1363,"ERR-01363",48,244,"Low","Can hieu chuan lai cam bien trang thai dau sac","2025-06-29T22:27:39.3645313","2025-06-30T21:27:39.3645313",27,0
1364,"ERR-01364",48,245,"Low","Can hieu chuan lai cam bien trang thai dau sac","2025-07-10T22:27:39.3645313","2025-07-11T22:27:39.3645313",28,0
1365,"ERR-01365",53,246,"High","Mat ket noi voi bo dieu khien cong sac","2025-07-21T22:27:39.3645313","2025-07-22T23:27:39.3645313",29,0
1366,"ERR-01366",53,247,"Low","Can hieu chuan lai cam bien trang thai dau sac","2025-08-01T22:27:39.3645313","2025-08-03T00:27:39.3645313",30,0
1367,"ERR-01367",53,248,"Low","Can hieu chuan lai cam bien trang thai dau sac","2025-08-12T22:27:39.3645313","2025-08-14T01:27:39.3645313",31,0
1368,"ERR-01368",53,249,"Medium","Dong dien dao dong bat thuong trong gio cao diem","2025-08-23T22:27:39.3645313",,,1
1369,"ERR-01369",53,250,"Low","Can hieu chuan lai cam bien trang thai dau sac","2025-09-03T22:27:39.3645313","2025-09-05T03:27:39.3645313",33,0
1370,"ERR-01370",59,251,"Low","Can hieu chuan lai cam bien trang thai dau sac","2025-09-14T22:27:39.3645313","2025-09-16T04:27:39.3645313",34,0
1371,"ERR-01371",59,252,"Medium","Dong dien dao dong bat thuong trong gio cao diem","2025-09-25T22:27:39.3645313","2025-09-27T05:27:39.3645313",35,0
1372,"ERR-01372",59,253,"High","Mat ket noi voi bo dieu khien cong sac","2025-10-06T22:27:39.3645313","2025-10-08T06:27:39.3645313",36,0
1373,"ERR-01373",59,254,"Low","Can hieu chuan lai cam bien trang thai dau sac","2025-10-17T22:27:39.3645313","2025-10-19T07:27:39.3645313",9,0
1374,"ERR-01374",59,255,"Medium","Dong dien dao dong bat thuong trong gio cao diem","2025-10-28T22:27:39.3645313","2025-10-30T08:27:39.3645313",10,0
1375,"ERR-01375",68,256,"Low","Can hieu chuan lai cam bien trang thai dau sac","2025-11-08T22:27:39.3645313","2025-11-10T09:27:39.3645313",11,0
1376,"ERR-01376",68,257,"Low","Can hieu chuan lai cam bien trang thai dau sac","2025-11-19T22:27:39.3645313","2025-11-21T10:27:39.3645313",12,0
1377,"ERR-01377",68,258,"Critical","Nhiet do dau sac vuot nguong, tam dung phien sac de kiem tra","2025-11-30T22:27:39.3645313",,,1
1378,"ERR-01378",68,259,"Low","Can hieu chuan lai cam bien trang thai dau sac","2025-12-11T22:27:39.3645313","2025-12-13T12:27:39.3645313",14,0
1379,"ERR-01379",68,260,"High","Mat ket noi voi bo dieu khien cong sac","2025-12-22T22:27:39.3645313","2025-12-24T13:27:39.3645313",15,0
1380,"ERR-01380",74,261,"Medium","Dong dien dao dong bat thuong trong gio cao diem","2026-01-02T22:27:39.3645313","2026-01-04T14:27:39.3645313",16,0
1381,"ERR-01381",74,262,"Low","Can hieu chuan lai cam bien trang thai dau sac","2026-01-13T22:27:39.3645313","2026-01-15T15:27:39.3645313",17,0
1382,"ERR-01382",74,263,"Low","Can hieu chuan lai cam bien trang thai dau sac","2026-01-24T22:27:39.3645313","2026-01-26T16:27:39.3645313",18,0
1383,"ERR-01383",74,264,"Medium","Dong dien dao dong bat thuong trong gio cao diem","2026-02-04T22:27:39.3645313","2026-02-06T17:27:39.3645313",19,0
1384,"ERR-01384",74,265,"Low","Can hieu chuan lai cam bien trang thai dau sac","2026-02-15T22:27:39.3645313","2026-02-17T18:27:39.3645313",20,0
1385,"ERR-01385",80,266,"Low","Can hieu chuan lai cam bien trang thai dau sac","2026-02-26T22:27:39.3645313","2026-02-28T19:27:39.3645313",21,0
1386,"ERR-01386",80,267,"High","Mat ket noi voi bo dieu khien cong sac","2026-03-09T22:27:39.3645313",,,1
1387,"ERR-01387",80,268,"Low","Can hieu chuan lai cam bien trang thai dau sac","2026-03-20T22:27:39.3645313","2026-03-22T21:27:39.3645313",23,0
1388,"ERR-01388",80,269,"Low","Can hieu chuan lai cam bien trang thai dau sac","2026-03-31T22:27:39.3645313","2026-04-02T22:27:39.3645313",24,0
1389,"ERR-01389",80,270,"Medium","Dong dien dao dong bat thuong trong gio cao diem","2026-04-11T22:27:39.3645313","2026-04-13T23:27:39.3645313",25,0
1390,"ERR-01390",89,271,"Low","Can hieu chuan lai cam bien trang thai dau sac","2026-04-22T22:27:39.3645313","2026-04-25T00:27:39.3645313",26,0
1391,"ERR-01391",89,272,"Low","Can hieu chuan lai cam bien trang thai dau sac","2026-05-03T22:27:39.3645313","2026-05-06T01:27:39.3645313",27,0
1392,"ERR-01392",89,273,"Medium","Dong dien dao dong bat thuong trong gio cao diem","2026-05-14T22:27:39.3645313","2026-05-15T02:27:39.3645313",28,0
1393,"ERR-01393",89,274,"High","Mat ket noi voi bo dieu khien cong sac","2026-05-25T22:27:39.3645313","2026-05-26T03:27:39.3645313",29,0
1394,"ERR-01394",89,275,"Critical","Nhiet do dau sac vuot nguong, tam dung phien sac de kiem tra","2024-06-05T22:27:39.3645313","2024-06-06T04:27:39.3645313",30,0
1395,"ERR-01395",98,276,"Medium","Dong dien dao dong bat thuong trong gio cao diem","2024-06-16T22:27:39.3645313",,,1
1396,"ERR-01396",98,277,"Low","Can hieu chuan lai cam bien trang thai dau sac","2024-06-27T22:27:39.3645313","2024-06-28T06:27:39.3645313",32,0
1397,"ERR-01397",98,278,"Low","Can hieu chuan lai cam bien trang thai dau sac","2024-07-08T22:27:39.3645313","2024-07-09T07:27:39.3645313",33,0
1398,"ERR-01398",98,279,"Medium","Dong dien dao dong bat thuong trong gio cao diem","2024-07-19T22:27:39.3645313","2024-07-20T08:27:39.3645313",34,0
1399,"ERR-01399",98,280,"Low","Can hieu chuan lai cam bien trang thai dau sac","2024-07-30T22:27:39.3645313","2024-07-31T09:27:39.3645313",35,0
1400,"ERR-01400",1,1,"High","Mat ket noi voi bo dieu khien cong sac","2024-08-10T22:27:39.3645313","2024-08-11T10:27:39.3645313",36,0
1401,"ERR-01401",1,2,"Medium","Dong dien dao dong bat thuong trong gio cao diem","2024-08-21T22:27:39.3645313","2024-08-22T11:27:39.3645313",9,0
1402,"ERR-01402",3,3,"Low","Can hieu chuan lai cam bien trang thai dau sac","2024-09-01T22:27:39.3645313","2024-09-02T12:27:39.3645313",10,0
1403,"ERR-01403",3,4,"Low","Can hieu chuan lai cam bien trang thai dau sac","2024-09-12T22:27:39.3645313","2024-09-13T13:27:39.3645313",11,0
1404,"ERR-01404",5,5,"Medium","Dong dien dao dong bat thuong trong gio cao diem","2024-09-23T22:27:39.3645313",,,1
1405,"ERR-01405",5,6,"Low","Can hieu chuan lai cam bien trang thai dau sac","2024-10-04T22:27:39.3645313","2024-10-05T15:27:39.3645313",13,0
1406,"ERR-01406",6,7,"Low","Can hieu chuan lai cam bien trang thai dau sac","2024-10-15T22:27:39.3645313","2024-10-16T16:27:39.3645313",14,0
1407,"ERR-01407",6,8,"High","Mat ket noi voi bo dieu khien cong sac","2024-10-26T22:27:39.3645313","2024-10-27T17:27:39.3645313",15,0
1408,"ERR-01408",10,9,"Low","Can hieu chuan lai cam bien trang thai dau sac","2024-11-06T22:27:39.3645313","2024-11-07T18:27:39.3645313",16,0
1409,"ERR-01409",10,10,"Low","Can hieu chuan lai cam bien trang thai dau sac","2024-11-17T22:27:39.3645313","2024-11-18T19:27:39.3645313",17,0
1410,"ERR-01410",12,11,"Medium","Dong dien dao dong bat thuong trong gio cao diem","2024-11-28T22:27:39.3645313","2024-11-29T20:27:39.3645313",18,0
1411,"ERR-01411",12,12,"Critical","Nhiet do dau sac vuot nguong, tam dung phien sac de kiem tra","2024-12-09T22:27:39.3645313","2024-12-10T21:27:39.3645313",19,0
1412,"ERR-01412",14,13,"Low","Can hieu chuan lai cam bien trang thai dau sac","2024-12-20T22:27:39.3645313","2024-12-21T22:27:39.3645313",20,0
1413,"ERR-01413",14,14,"Medium","Dong dien dao dong bat thuong trong gio cao diem","2024-12-31T22:27:39.3645313",,,1
1414,"ERR-01414",16,15,"High","Mat ket noi voi bo dieu khien cong sac","2025-01-11T22:27:39.3645313","2025-01-13T00:27:39.3645313",22,0
1415,"ERR-01415",16,16,"Low","Can hieu chuan lai cam bien trang thai dau sac","2025-01-22T22:27:39.3645313","2025-01-24T01:27:39.3645313",23,0
1416,"ERR-01416",18,17,"Medium","Dong dien dao dong bat thuong trong gio cao diem","2025-02-02T22:27:39.3645313","2025-02-04T02:27:39.3645313",24,0
1417,"ERR-01417",18,18,"Low","Can hieu chuan lai cam bien trang thai dau sac","2025-02-13T22:27:39.3645313","2025-02-15T03:27:39.3645313",25,0
1418,"ERR-01418",21,19,"Low","Can hieu chuan lai cam bien trang thai dau sac","2025-02-24T22:27:39.3645313","2025-02-26T04:27:39.3645313",26,0
1419,"ERR-01419",21,20,"Medium","Dong dien dao dong bat thuong trong gio cao diem","2025-03-07T22:27:39.3645313","2025-03-09T05:27:39.3645313",27,0
1420,"ERR-01420",23,21,"Low","Can hieu chuan lai cam bien trang thai dau sac","2025-03-18T22:27:39.3645313","2025-03-20T06:27:39.3645313",28,0
1421,"ERR-01421",23,22,"High","Mat ket noi voi bo dieu khien cong sac","2025-03-29T22:27:39.3645313","2025-03-31T07:27:39.3645313",29,0
1422,"ERR-01422",24,23,"Medium","Dong dien dao dong bat thuong trong gio cao diem","2025-04-09T22:27:39.3645313",,,1
1423,"ERR-01423",24,24,"Low","Can hieu chuan lai cam bien trang thai dau sac","2025-04-20T22:27:39.3645313","2025-04-22T09:27:39.3645313",31,0
1424,"ERR-01424",26,25,"Low","Can hieu chuan lai cam bien trang thai dau sac","2025-05-01T22:27:39.3645313","2025-05-03T10:27:39.3645313",32,0
1425,"ERR-01425",26,26,"Medium","Dong dien dao dong bat thuong trong gio cao diem","2025-05-12T22:27:39.3645313","2025-05-14T11:27:39.3645313",33,0
1426,"ERR-01426",30,27,"Low","Can hieu chuan lai cam bien trang thai dau sac","2025-05-23T22:27:39.3645313","2025-05-25T12:27:39.3645313",34,0
1427,"ERR-01427",30,28,"Low","Can hieu chuan lai cam bien trang thai dau sac","2025-06-03T22:27:39.3645313","2025-06-05T13:27:39.3645313",35,0
1428,"ERR-01428",32,29,"Critical","Nhiet do dau sac vuot nguong, tam dung phien sac de kiem tra","2025-06-14T22:27:39.3645313","2025-06-16T14:27:39.3645313",36,0
1429,"ERR-01429",32,30,"Low","Can hieu chuan lai cam bien trang thai dau sac","2025-06-25T22:27:39.3645313","2025-06-27T15:27:39.3645313",9,0
1430,"ERR-01430",34,31,"Low","Can hieu chuan lai cam bien trang thai dau sac","2025-07-06T22:27:39.3645313","2025-07-08T16:27:39.3645313",10,0
1431,"ERR-01431",34,32,"Medium","Dong dien dao dong bat thuong trong gio cao diem","2025-07-17T22:27:39.3645313",,,1
1432,"ERR-01432",35,33,"Low","Can hieu chuan lai cam bien trang thai dau sac","2025-07-28T22:27:39.3645313","2025-07-30T18:27:39.3645313",12,0
1433,"ERR-01433",35,34,"Low","Can hieu chuan lai cam bien trang thai dau sac","2025-08-08T22:27:39.3645313","2025-08-10T19:27:39.3645313",13,0
1434,"ERR-01434",37,35,"Medium","Dong dien dao dong bat thuong trong gio cao diem","2025-08-19T22:27:39.3645313","2025-08-21T20:27:39.3645313",14,0
1435,"ERR-01435",37,36,"High","Mat ket noi voi bo dieu khien cong sac","2025-08-30T22:27:39.3645313","2025-09-01T21:27:39.3645313",15,0
1436,"ERR-01436",39,37,"Low","Can hieu chuan lai cam bien trang thai dau sac","2025-09-10T22:27:39.3645313","2025-09-12T22:27:39.3645313",16,0
1437,"ERR-01437",39,38,"Medium","Dong dien dao dong bat thuong trong gio cao diem","2025-09-21T22:27:39.3645313","2025-09-23T23:27:39.3645313",17,0
1438,"ERR-01438",42,39,"Low","Can hieu chuan lai cam bien trang thai dau sac","2025-10-02T22:27:39.3645313","2025-10-05T00:27:39.3645313",18,0
1439,"ERR-01439",42,40,"Low","Can hieu chuan lai cam bien trang thai dau sac","2025-10-13T22:27:39.3645313","2025-10-16T01:27:39.3645313",19,0
1440,"ERR-01440",44,41,"Medium","Dong dien dao dong bat thuong trong gio cao diem","2025-10-24T22:27:39.3645313",,,1
1441,"ERR-01441",44,42,"Low","Can hieu chuan lai cam bien trang thai dau sac","2025-11-04T22:27:39.3645313","2025-11-05T03:27:39.3645313",21,0
1442,"ERR-01442",46,43,"High","Mat ket noi voi bo dieu khien cong sac","2025-11-15T22:27:39.3645313","2025-11-16T04:27:39.3645313",22,0
1443,"ERR-01443",46,44,"Medium","Dong dien dao dong bat thuong trong gio cao diem","2025-11-26T22:27:39.3645313","2025-11-27T05:27:39.3645313",23,0
1444,"ERR-01444",50,45,"Low","Can hieu chuan lai cam bien trang thai dau sac","2025-12-07T22:27:39.3645313","2025-12-08T06:27:39.3645313",24,0
1445,"ERR-01445",50,46,"Critical","Nhiet do dau sac vuot nguong, tam dung phien sac de kiem tra","2025-12-18T22:27:39.3645313","2025-12-19T07:27:39.3645313",25,0
1446,"ERR-01446",52,47,"Medium","Dong dien dao dong bat thuong trong gio cao diem","2025-12-29T22:27:39.3645313","2025-12-30T08:27:39.3645313",26,0
1447,"ERR-01447",52,48,"Low","Can hieu chuan lai cam bien trang thai dau sac","2026-01-09T22:27:39.3645313","2026-01-10T09:27:39.3645313",27,0
1448,"ERR-01448",55,49,"Low","Can hieu chuan lai cam bien trang thai dau sac","2026-01-20T22:27:39.3645313","2026-01-21T10:27:39.3645313",28,0
1449,"ERR-01449",55,50,"High","Mat ket noi voi bo dieu khien cong sac","2026-01-31T22:27:39.3645313",,,1
1450,"ERR-01450",57,51,"Low","Can hieu chuan lai cam bien trang thai dau sac","2026-02-11T22:27:39.3645313","2026-02-12T12:27:39.3645313",30,0
1451,"ERR-01451",57,52,"Low","Can hieu chuan lai cam bien trang thai dau sac","2026-02-22T22:27:39.3645313","2026-02-23T13:27:39.3645313",31,0
1452,"ERR-01452",60,53,"Medium","Dong dien dao dong bat thuong trong gio cao diem","2026-03-05T22:27:39.3645313","2026-03-06T14:27:39.3645313",32,0
1453,"ERR-01453",60,54,"Low","Can hieu chuan lai cam bien trang thai dau sac","2026-03-16T22:27:39.3645313","2026-03-17T15:27:39.3645313",33,0
1454,"ERR-01454",62,55,"Low","Can hieu chuan lai cam bien trang thai dau sac","2026-03-27T22:27:39.3645313","2026-03-28T16:27:39.3645313",34,0
1455,"ERR-01455",62,56,"Medium","Dong dien dao dong bat thuong trong gio cao diem","2026-04-07T22:27:39.3645313","2026-04-08T17:27:39.3645313",35,0
1456,"ERR-01456",65,57,"High","Mat ket noi voi bo dieu khien cong sac","2026-04-18T22:27:39.3645313","2026-04-19T18:27:39.3645313",36,0
1457,"ERR-01457",65,58,"Low","Can hieu chuan lai cam bien trang thai dau sac","2026-04-29T22:27:39.3645313","2026-04-30T19:27:39.3645313",9,0
1458,"ERR-01458",67,59,"Medium","Dong dien dao dong bat thuong trong gio cao diem","2026-05-10T22:27:39.3645313",,,1
1459,"ERR-01459",67,60,"Low","Can hieu chuan lai cam bien trang thai dau sac","2026-05-21T22:27:39.3645313","2026-05-22T21:27:39.3645313",11,0
1460,"ERR-01460",70,61,"Low","Can hieu chuan lai cam bien trang thai dau sac","2024-06-01T22:27:39.3645313","2024-06-02T22:27:39.3645313",12,0
1461,"ERR-01461",70,62,"Medium","Dong dien dao dong bat thuong trong gio cao diem","2024-06-12T22:27:39.3645313","2024-06-13T23:27:39.3645313",13,0
1462,"ERR-01462",73,63,"Critical","Nhiet do dau sac vuot nguong, tam dung phien sac de kiem tra","2024-06-23T22:27:39.3645313","2024-06-25T00:27:39.3645313",14,0
1463,"ERR-01463",73,64,"High","Mat ket noi voi bo dieu khien cong sac","2024-07-04T22:27:39.3645313","2024-07-06T01:27:39.3645313",15,0
1464,"ERR-01464",75,65,"Medium","Dong dien dao dong bat thuong trong gio cao diem","2024-07-15T22:27:39.3645313","2024-07-17T02:27:39.3645313",16,0
1465,"ERR-01465",75,66,"Low","Can hieu chuan lai cam bien trang thai dau sac","2024-07-26T22:27:39.3645313","2024-07-28T03:27:39.3645313",17,0
1466,"ERR-01466",76,67,"Low","Can hieu chuan lai cam bien trang thai dau sac","2024-08-06T22:27:39.3645313","2024-08-08T04:27:39.3645313",18,0
1467,"ERR-01467",76,68,"Medium","Dong dien dao dong bat thuong trong gio cao diem","2024-08-17T22:27:39.3645313",,,1
1468,"ERR-01468",78,69,"Low","Can hieu chuan lai cam bien trang thai dau sac","2024-08-28T22:27:39.3645313","2024-08-30T06:27:39.3645313",20,0
1469,"ERR-01469",78,70,"Low","Can hieu chuan lai cam bien trang thai dau sac","2024-09-08T22:27:39.3645313","2024-09-10T07:27:39.3645313",21,0
1470,"ERR-01470",81,71,"High","Mat ket noi voi bo dieu khien cong sac","2024-09-19T22:27:39.3645313","2024-09-21T08:27:39.3645313",22,0
1471,"ERR-01471",81,72,"Low","Can hieu chuan lai cam bien trang thai dau sac","2024-09-30T22:27:39.3645313","2024-10-02T09:27:39.3645313",23,0
1472,"ERR-01472",83,73,"Low","Can hieu chuan lai cam bien trang thai dau sac","2024-10-11T22:27:39.3645313","2024-10-13T10:27:39.3645313",24,0
1473,"ERR-01473",83,74,"Medium","Dong dien dao dong bat thuong trong gio cao diem","2024-10-22T22:27:39.3645313","2024-10-24T11:27:39.3645313",25,0
1474,"ERR-01474",85,75,"Low","Can hieu chuan lai cam bien trang thai dau sac","2024-11-02T22:27:39.3645313","2024-11-04T12:27:39.3645313",26,0
1475,"ERR-01475",85,76,"Low","Can hieu chuan lai cam bien trang thai dau sac","2024-11-13T22:27:39.3645313","2024-11-15T13:27:39.3645313",27,0
1476,"ERR-01476",87,77,"Medium","Dong dien dao dong bat thuong trong gio cao diem","2024-11-24T22:27:39.3645313",,,1
1477,"ERR-01477",87,78,"High","Mat ket noi voi bo dieu khien cong sac","2024-12-05T22:27:39.3645313","2024-12-07T15:27:39.3645313",29,0
1478,"ERR-01478",91,79,"Low","Can hieu chuan lai cam bien trang thai dau sac","2024-12-16T22:27:39.3645313","2024-12-18T16:27:39.3645313",30,0
1479,"ERR-01479",91,80,"Critical","Nhiet do dau sac vuot nguong, tam dung phien sac de kiem tra","2024-12-27T22:27:39.3645313","2024-12-29T17:27:39.3645313",31,0
1480,"ERR-01480",93,81,"Low","Can hieu chuan lai cam bien trang thai dau sac","2025-01-07T22:27:39.3645313","2025-01-09T18:27:39.3645313",32,0
1481,"ERR-01481",93,82,"Low","Can hieu chuan lai cam bien trang thai dau sac","2025-01-18T22:27:39.3645313","2025-01-20T19:27:39.3645313",33,0
1482,"ERR-01482",95,83,"Medium","Dong dien dao dong bat thuong trong gio cao diem","2025-01-29T22:27:39.3645313","2025-01-31T20:27:39.3645313",34,0
1483,"ERR-01483",95,84,"Low","Can hieu chuan lai cam bien trang thai dau sac","2025-02-09T22:27:39.3645313","2025-02-11T21:27:39.3645313",35,0
1484,"ERR-01484",97,85,"High","Mat ket noi voi bo dieu khien cong sac","2025-02-20T22:27:39.3645313","2025-02-22T22:27:39.3645313",36,0
1485,"ERR-01485",97,86,"Medium","Dong dien dao dong bat thuong trong gio cao diem","2025-03-03T22:27:39.3645313",,,1
1486,"ERR-01486",99,87,"Low","Can hieu chuan lai cam bien trang thai dau sac","2025-03-14T22:27:39.3645313","2025-03-17T00:27:39.3645313",10,0
1487,"ERR-01487",99,88,"Low","Can hieu chuan lai cam bien trang thai dau sac","2025-03-25T22:27:39.3645313","2025-03-28T01:27:39.3645313",11,0
1488,"ERR-01488",100,89,"Medium","Dong dien dao dong bat thuong trong gio cao diem","2025-04-05T22:27:39.3645313","2025-04-06T02:27:39.3645313",12,0
1489,"ERR-01489",100,90,"Low","Can hieu chuan lai cam bien trang thai dau sac","2025-04-16T22:27:39.3645313","2025-04-17T03:27:39.3645313",13,0
1490,"ERR-01490",100,91,"Low","Can hieu chuan lai cam bien trang thai dau sac","2025-04-27T22:27:39.3645313","2025-04-28T04:27:39.3645313",14,0
1491,"ERR-01491",96,92,"High","Mat ket noi voi bo dieu khien cong sac","2025-05-08T22:27:39.3645313","2025-05-09T05:27:39.3645313",15,0
1492,"ERR-01492",96,93,"Low","Can hieu chuan lai cam bien trang thai dau sac","2025-05-19T22:27:39.3645313","2025-05-20T06:27:39.3645313",16,0
1493,"ERR-01493",96,94,"Low","Can hieu chuan lai cam bien trang thai dau sac","2025-05-30T22:27:39.3645313","2025-05-31T07:27:39.3645313",17,0
1494,"ERR-01494",94,95,"Medium","Dong dien dao dong bat thuong trong gio cao diem","2025-06-10T22:27:39.3645313",,,1
1495,"ERR-01495",94,96,"Low","Can hieu chuan lai cam bien trang thai dau sac","2025-06-21T22:27:39.3645313","2025-06-22T09:27:39.3645313",19,0
1496,"ERR-01496",94,97,"Critical","Nhiet do dau sac vuot nguong, tam dung phien sac de kiem tra","2025-07-02T22:27:39.3645313","2025-07-03T10:27:39.3645313",20,0
1497,"ERR-01497",92,98,"Medium","Dong dien dao dong bat thuong trong gio cao diem","2025-07-13T22:27:39.3645313","2025-07-14T11:27:39.3645313",21,0
1498,"ERR-01498",92,99,"High","Mat ket noi voi bo dieu khien cong sac","2025-07-24T22:27:39.3645313","2025-07-25T12:27:39.3645313",22,0
1499,"ERR-01499",92,100,"Low","Can hieu chuan lai cam bien trang thai dau sac","2025-08-04T22:27:39.3645313","2025-08-05T13:27:39.3645313",23,0
1500,"ERR-01500",69,101,"Medium","Dong dien dao dong bat thuong trong gio cao diem","2025-08-15T22:27:39.3645313","2025-08-16T14:27:39.3645313",24,0
1501,"ERR-01501",69,102,"Low","Can hieu chuan lai cam bien trang thai dau sac","2025-08-26T22:27:39.3645313","2025-08-27T15:27:39.3645313",25,0
1502,"ERR-01502",69,103,"Low","Can hieu chuan lai cam bien trang thai dau sac","2025-09-06T22:27:39.3645313","2025-09-07T16:27:39.3645313",26,0
1503,"ERR-01503",90,104,"Medium","Dong dien dao dong bat thuong trong gio cao diem","2025-09-17T22:27:39.3645313",,,1
1504,"ERR-01504",90,105,"Low","Can hieu chuan lai cam bien trang thai dau sac","2025-09-28T22:27:39.3645313","2025-09-29T18:27:39.3645313",28,0
1505,"ERR-01505",90,106,"High","Mat ket noi voi bo dieu khien cong sac","2025-10-09T22:27:39.3645313","2025-10-10T19:27:39.3645313",29,0
1506,"ERR-01506",88,107,"Medium","Dong dien dao dong bat thuong trong gio cao diem","2025-10-20T22:27:39.3645313","2025-10-21T20:27:39.3645313",30,0
1507,"ERR-01507",88,108,"Low","Can hieu chuan lai cam bien trang thai dau sac","2025-10-31T22:27:39.3645313","2025-11-01T21:27:39.3645313",31,0
1508,"ERR-01508",88,109,"Low","Can hieu chuan lai cam bien trang thai dau sac","2025-11-11T22:27:39.3645313","2025-11-12T22:27:39.3645313",32,0
1509,"ERR-01509",86,110,"Medium","Dong dien dao dong bat thuong trong gio cao diem","2025-11-22T22:27:39.3645313","2025-11-23T23:27:39.3645313",33,0
1510,"ERR-01510",86,111,"Low","Can hieu chuan lai cam bien trang thai dau sac","2025-12-03T22:27:39.3645313","2025-12-05T00:27:39.3645313",34,0
1511,"ERR-01511",86,112,"Low","Can hieu chuan lai cam bien trang thai dau sac","2025-12-14T22:27:39.3645313","2025-12-16T01:27:39.3645313",35,0
1512,"ERR-01512",84,113,"High","Mat ket noi voi bo dieu khien cong sac","2025-12-25T22:27:39.3645313",,,1
1513,"ERR-01513",84,114,"Critical","Nhiet do dau sac vuot nguong, tam dung phien sac de kiem tra","2026-01-05T22:27:39.3645313","2026-01-07T03:27:39.3645313",9,0
1514,"ERR-01514",84,115,"Low","Can hieu chuan lai cam bien trang thai dau sac","2026-01-16T22:27:39.3645313","2026-01-18T04:27:39.3645313",10,0
1515,"ERR-01515",82,116,"Medium","Dong dien dao dong bat thuong trong gio cao diem","2026-01-27T22:27:39.3645313","2026-01-29T05:27:39.3645313",11,0
1516,"ERR-01516",82,117,"Low","Can hieu chuan lai cam bien trang thai dau sac","2026-02-07T22:27:39.3645313","2026-02-09T06:27:39.3645313",12,0
1517,"ERR-01517",82,118,"Low","Can hieu chuan lai cam bien trang thai dau sac","2026-02-18T22:27:39.3645313","2026-02-20T07:27:39.3645313",13,0
1518,"ERR-01518",79,119,"Medium","Dong dien dao dong bat thuong trong gio cao diem","2026-03-01T22:27:39.3645313","2026-03-03T08:27:39.3645313",14,0
1519,"ERR-01519",79,120,"High","Mat ket noi voi bo dieu khien cong sac","2026-03-12T22:27:39.3645313","2026-03-14T09:27:39.3645313",15,0
1520,"ERR-01520",79,121,"Low","Can hieu chuan lai cam bien trang thai dau sac","2026-03-23T22:27:39.3645313","2026-03-25T10:27:39.3645313",16,0
1521,"ERR-01521",77,122,"Medium","Dong dien dao dong bat thuong trong gio cao diem","2026-04-03T22:27:39.3645313",,,1
1522,"ERR-01522",77,123,"Low","Can hieu chuan lai cam bien trang thai dau sac","2026-04-14T22:27:39.3645313","2026-04-16T12:27:39.3645313",18,0
1523,"ERR-01523",77,124,"Low","Can hieu chuan lai cam bien trang thai dau sac","2026-04-25T22:27:39.3645313","2026-04-27T13:27:39.3645313",19,0
1524,"ERR-01524",71,125,"Medium","Dong dien dao dong bat thuong trong gio cao diem","2026-05-06T22:27:39.3645313","2026-05-08T14:27:39.3645313",20,0
1525,"ERR-01525",71,126,"Low","Can hieu chuan lai cam bien trang thai dau sac","2026-05-17T22:27:39.3645313","2026-05-19T15:27:39.3645313",21,0
1526,"ERR-01526",71,127,"High","Mat ket noi voi bo dieu khien cong sac","2026-05-28T22:27:39.3645313","2026-05-30T16:27:39.3645313",22,0
1527,"ERR-01527",72,128,"Medium","Dong dien dao dong bat thuong trong gio cao diem","2024-06-08T22:27:39.3645313","2024-06-10T17:27:39.3645313",23,0
1528,"ERR-01528",72,129,"Low","Can hieu chuan lai cam bien trang thai dau sac","2024-06-19T22:27:39.3645313","2024-06-21T18:27:39.3645313",24,0
1529,"ERR-01529",72,130,"Low","Can hieu chuan lai cam bien trang thai dau sac","2024-06-30T22:27:39.3645313","2024-07-02T19:27:39.3645313",25,0
1530,"ERR-01530",66,131,"Critical","Nhiet do dau sac vuot nguong, tam dung phien sac de kiem tra","2024-07-11T22:27:39.3645313",,,1
1531,"ERR-01531",66,132,"Low","Can hieu chuan lai cam bien trang thai dau sac","2024-07-22T22:27:39.3645313","2024-07-24T21:27:39.3645313",27,0
1532,"ERR-01532",66,133,"Low","Can hieu chuan lai cam bien trang thai dau sac","2024-08-02T22:27:39.3645313","2024-08-04T22:27:39.3645313",28,0
1533,"ERR-01533",63,134,"High","Mat ket noi voi bo dieu khien cong sac","2024-08-13T22:27:39.3645313","2024-08-15T23:27:39.3645313",29,0
1534,"ERR-01534",63,135,"Low","Can hieu chuan lai cam bien trang thai dau sac","2024-08-24T22:27:39.3645313","2024-08-27T00:27:39.3645313",30,0
1535,"ERR-01535",63,136,"Low","Can hieu chuan lai cam bien trang thai dau sac","2024-09-04T22:27:39.3645313","2024-09-07T01:27:39.3645313",31,0
1536,"ERR-01536",64,137,"Medium","Dong dien dao dong bat thuong trong gio cao diem","2024-09-15T22:27:39.3645313","2024-09-16T02:27:39.3645313",32,0
1537,"ERR-01537",64,138,"Low","Can hieu chuan lai cam bien trang thai dau sac","2024-09-26T22:27:39.3645313","2024-09-27T03:27:39.3645313",33,0
1538,"ERR-01538",64,139,"Low","Can hieu chuan lai cam bien trang thai dau sac","2024-10-07T22:27:39.3645313","2024-10-08T04:27:39.3645313",34,0
1539,"ERR-01539",61,140,"Medium","Dong dien dao dong bat thuong trong gio cao diem","2024-10-18T22:27:39.3645313",,,1
1540,"ERR-01540",61,141,"High","Mat ket noi voi bo dieu khien cong sac","2024-10-29T22:27:39.3645313","2024-10-30T06:27:39.3645313",36,0
1541,"ERR-01541",61,142,"Low","Can hieu chuan lai cam bien trang thai dau sac","2024-11-09T22:27:39.3645313","2024-11-10T07:27:39.3645313",9,0
1542,"ERR-01542",58,143,"Medium","Dong dien dao dong bat thuong trong gio cao diem","2024-11-20T22:27:39.3645313","2024-11-21T08:27:39.3645313",10,0
1543,"ERR-01543",58,144,"Low","Can hieu chuan lai cam bien trang thai dau sac","2024-12-01T22:27:39.3645313","2024-12-02T09:27:39.3645313",11,0
1544,"ERR-01544",58,145,"Low","Can hieu chuan lai cam bien trang thai dau sac","2024-12-12T22:27:39.3645313","2024-12-13T10:27:39.3645313",12,0
1545,"ERR-01545",56,146,"Medium","Dong dien dao dong bat thuong trong gio cao diem","2024-12-23T22:27:39.3645313","2024-12-24T11:27:39.3645313",13,0
1546,"ERR-01546",56,147,"Low","Can hieu chuan lai cam bien trang thai dau sac","2025-01-03T22:27:39.3645313","2025-01-04T12:27:39.3645313",14,0
1547,"ERR-01547",56,148,"Critical","Nhiet do dau sac vuot nguong, tam dung phien sac de kiem tra","2025-01-14T22:27:39.3645313","2025-01-15T13:27:39.3645313",15,0
1548,"ERR-01548",49,149,"Medium","Dong dien dao dong bat thuong trong gio cao diem","2025-01-25T22:27:39.3645313",,,1
1549,"ERR-01549",49,150,"Low","Can hieu chuan lai cam bien trang thai dau sac","2025-02-05T22:27:39.3645313","2025-02-06T15:27:39.3645313",17,0
1550,"ERR-01550",49,151,"Low","Can hieu chuan lai cam bien trang thai dau sac","2025-02-16T22:27:39.3645313","2025-02-17T16:27:39.3645313",18,0
1551,"ERR-01551",54,152,"Medium","Dong dien dao dong bat thuong trong gio cao diem","2025-02-27T22:27:39.3645313","2025-02-28T17:27:39.3645313",19,0
1552,"ERR-01552",54,153,"Low","Can hieu chuan lai cam bien trang thai dau sac","2025-03-10T22:27:39.3645313","2025-03-11T18:27:39.3645313",20,0
1553,"ERR-01553",54,154,"Low","Can hieu chuan lai cam bien trang thai dau sac","2025-03-21T22:27:39.3645313","2025-03-22T19:27:39.3645313",21,0
1554,"ERR-01554",51,155,"High","Mat ket noi voi bo dieu khien cong sac","2025-04-01T22:27:39.3645313","2025-04-02T20:27:39.3645313",22,0
1555,"ERR-01555",51,156,"Low","Can hieu chuan lai cam bien trang thai dau sac","2025-04-12T22:27:39.3645313","2025-04-13T21:27:39.3645313",23,0
1556,"ERR-01556",51,157,"Low","Can hieu chuan lai cam bien trang thai dau sac","2025-04-23T22:27:39.3645313","2025-04-24T22:27:39.3645313",24,0
1557,"ERR-01557",47,158,"Medium","Dong dien dao dong bat thuong trong gio cao diem","2025-05-04T22:27:39.3645313",,,1
1558,"ERR-01558",47,159,"Low","Can hieu chuan lai cam bien trang thai dau sac","2025-05-15T22:27:39.3645313","2025-05-17T00:27:39.3645313",26,0
1559,"ERR-01559",47,160,"Low","Can hieu chuan lai cam bien trang thai dau sac","2025-05-26T22:27:39.3645313","2025-05-28T01:27:39.3645313",27,0
1560,"ERR-01560",45,161,"Medium","Dong dien dao dong bat thuong trong gio cao diem","2025-06-06T22:27:39.3645313","2025-06-08T02:27:39.3645313",28,0
1561,"ERR-01561",45,162,"High","Mat ket noi voi bo dieu khien cong sac","2025-06-17T22:27:39.3645313","2025-06-19T03:27:39.3645313",29,0
1562,"ERR-01562",45,163,"Low","Can hieu chuan lai cam bien trang thai dau sac","2025-06-28T22:27:39.3645313","2025-06-30T04:27:39.3645313",30,0
1563,"ERR-01563",43,164,"Medium","Dong dien dao dong bat thuong trong gio cao diem","2025-07-09T22:27:39.3645313","2025-07-11T05:27:39.3645313",31,0
1564,"ERR-01564",43,165,"Critical","Nhiet do dau sac vuot nguong, tam dung phien sac de kiem tra","2025-07-20T22:27:39.3645313","2025-07-22T06:27:39.3645313",32,0
1565,"ERR-01565",43,166,"Low","Can hieu chuan lai cam bien trang thai dau sac","2025-07-31T22:27:39.3645313","2025-08-02T07:27:39.3645313",33,0
1566,"ERR-01566",40,167,"Medium","Dong dien dao dong bat thuong trong gio cao diem","2025-08-11T22:27:39.3645313",,,1
1567,"ERR-01567",40,168,"Low","Can hieu chuan lai cam bien trang thai dau sac","2025-08-22T22:27:39.3645313","2025-08-24T09:27:39.3645313",35,0
1568,"ERR-01568",40,169,"High","Mat ket noi voi bo dieu khien cong sac","2025-09-02T22:27:39.3645313","2025-09-04T10:27:39.3645313",36,0
1569,"ERR-01569",41,170,"Medium","Dong dien dao dong bat thuong trong gio cao diem","2025-09-13T22:27:39.3645313","2025-09-15T11:27:39.3645313",9,0
1570,"ERR-01570",41,171,"Low","Can hieu chuan lai cam bien trang thai dau sac","2025-09-24T22:27:39.3645313","2025-09-26T12:27:39.3645313",10,0
1571,"ERR-01571",41,172,"Low","Can hieu chuan lai cam bien trang thai dau sac","2025-10-05T22:27:39.3645313","2025-10-07T13:27:39.3645313",11,0
1572,"ERR-01572",36,173,"Medium","Dong dien dao dong bat thuong trong gio cao diem","2025-10-16T22:27:39.3645313","2025-10-18T14:27:39.3645313",12,0
1573,"ERR-01573",36,174,"Low","Can hieu chuan lai cam bien trang thai dau sac","2025-10-27T22:27:39.3645313","2025-10-29T15:27:39.3645313",13,0
1574,"ERR-01574",36,175,"Low","Can hieu chuan lai cam bien trang thai dau sac","2025-11-07T22:27:39.3645313","2025-11-09T16:27:39.3645313",14,0
1575,"ERR-01575",33,176,"High","Mat ket noi voi bo dieu khien cong sac","2025-11-18T22:27:39.3645313",,,1
1576,"ERR-01576",33,177,"Low","Can hieu chuan lai cam bien trang thai dau sac","2025-11-29T22:27:39.3645313","2025-12-01T18:27:39.3645313",16,0
1577,"ERR-01577",33,178,"Low","Can hieu chuan lai cam bien trang thai dau sac","2025-12-10T22:27:39.3645313","2025-12-12T19:27:39.3645313",17,0
1578,"ERR-01578",31,179,"Medium","Dong dien dao dong bat thuong trong gio cao diem","2025-12-21T22:27:39.3645313","2025-12-23T20:27:39.3645313",18,0
1579,"ERR-01579",31,180,"Low","Can hieu chuan lai cam bien trang thai dau sac","2026-01-01T22:27:39.3645313","2026-01-03T21:27:39.3645313",19,0
1580,"ERR-01580",31,181,"Low","Can hieu chuan lai cam bien trang thai dau sac","2026-01-12T22:27:39.3645313","2026-01-14T22:27:39.3645313",20,0
1581,"ERR-01581",9,182,"Critical","Nhiet do dau sac vuot nguong, tam dung phien sac de kiem tra","2026-01-23T22:27:39.3645313","2026-01-25T23:27:39.3645313",21,0
1582,"ERR-01582",9,183,"High","Mat ket noi voi bo dieu khien cong sac","2026-02-03T22:27:39.3645313","2026-02-06T00:27:39.3645313",22,0
1583,"ERR-01583",9,184,"Low","Can hieu chuan lai cam bien trang thai dau sac","2026-02-14T22:27:39.3645313","2026-02-17T01:27:39.3645313",23,0
1584,"ERR-01584",29,185,"Medium","Dong dien dao dong bat thuong trong gio cao diem","2026-02-25T22:27:39.3645313",,,1
1585,"ERR-01585",29,186,"Low","Can hieu chuan lai cam bien trang thai dau sac","2026-03-08T22:27:39.3645313","2026-03-09T03:27:39.3645313",25,0
1586,"ERR-01586",29,187,"Low","Can hieu chuan lai cam bien trang thai dau sac","2026-03-19T22:27:39.3645313","2026-03-20T04:27:39.3645313",26,0
1587,"ERR-01587",27,188,"Medium","Dong dien dao dong bat thuong trong gio cao diem","2026-03-30T22:27:39.3645313","2026-03-31T05:27:39.3645313",27,0
1588,"ERR-01588",27,189,"Low","Can hieu chuan lai cam bien trang thai dau sac","2026-04-10T22:27:39.3645313","2026-04-11T06:27:39.3645313",28,0
1589,"ERR-01589",27,190,"High","Mat ket noi voi bo dieu khien cong sac","2026-04-21T22:27:39.3645313","2026-04-22T07:27:39.3645313",29,0
1590,"ERR-01590",25,191,"Medium","Dong dien dao dong bat thuong trong gio cao diem","2026-05-02T22:27:39.3645313","2026-05-03T08:27:39.3645313",30,0
1591,"ERR-01591",25,192,"Low","Can hieu chuan lai cam bien trang thai dau sac","2026-05-13T22:27:39.3645313","2026-05-14T09:27:39.3645313",31,0
1592,"ERR-01592",25,193,"Low","Can hieu chuan lai cam bien trang thai dau sac","2026-05-24T22:27:39.3645313","2026-05-25T10:27:39.3645313",32,0
1593,"ERR-01593",22,194,"Medium","Dong dien dao dong bat thuong trong gio cao diem","2024-06-04T22:27:39.3645313",,,1
1594,"ERR-01594",22,195,"Low","Can hieu chuan lai cam bien trang thai dau sac","2024-06-15T22:27:39.3645313","2024-06-16T12:27:39.3645313",34,0
1595,"ERR-01595",22,196,"Low","Can hieu chuan lai cam bien trang thai dau sac","2024-06-26T22:27:39.3645313","2024-06-27T13:27:39.3645313",35,0
1596,"ERR-01596",19,197,"High","Mat ket noi voi bo dieu khien cong sac","2024-07-07T22:27:39.3645313","2024-07-08T14:27:39.3645313",36,0
1597,"ERR-01597",19,198,"Low","Can hieu chuan lai cam bien trang thai dau sac","2024-07-18T22:27:39.3645313","2024-07-19T15:27:39.3645313",9,0
1598,"ERR-01598",19,199,"Critical","Nhiet do dau sac vuot nguong, tam dung phien sac de kiem tra","2024-07-29T22:27:39.3645313","2024-07-30T16:27:39.3645313",10,0
1599,"ERR-01599",20,200,"Medium","Dong dien dao dong bat thuong trong gio cao diem","2024-08-09T22:27:39.3645313","2024-08-10T17:27:39.3645313",11,0
1600,"ERR-01600",20,201,"Low","Can hieu chuan lai cam bien trang thai dau sac","2024-08-20T22:27:39.3645313","2024-08-21T18:27:39.3645313",12,0
1601,"ERR-01601",20,202,"Low","Can hieu chuan lai cam bien trang thai dau sac","2024-08-31T22:27:39.3645313","2024-09-01T19:27:39.3645313",13,0
1602,"ERR-01602",15,203,"Medium","Dong dien dao dong bat thuong trong gio cao diem","2024-09-11T22:27:39.3645313",,,1
1603,"ERR-01603",15,204,"High","Mat ket noi voi bo dieu khien cong sac","2024-09-22T22:27:39.3645313","2024-09-23T21:27:39.3645313",15,0
1604,"ERR-01604",15,205,"Low","Can hieu chuan lai cam bien trang thai dau sac","2024-10-03T22:27:39.3645313","2024-10-04T22:27:39.3645313",16,0
1605,"ERR-01605",13,206,"Medium","Dong dien dao dong bat thuong trong gio cao diem","2024-10-14T22:27:39.3645313","2024-10-15T23:27:39.3645313",17,0
1606,"ERR-01606",13,207,"Low","Can hieu chuan lai cam bien trang thai dau sac","2024-10-25T22:27:39.3645313","2024-10-27T00:27:39.3645313",18,0
1607,"ERR-01607",13,208,"Low","Can hieu chuan lai cam bien trang thai dau sac","2024-11-05T22:27:39.3645313","2024-11-07T01:27:39.3645313",19,0
1608,"ERR-01608",11,209,"Medium","Dong dien dao dong bat thuong trong gio cao diem","2024-11-16T22:27:39.3645313","2024-11-18T02:27:39.3645313",20,0
1609,"ERR-01609",11,210,"Low","Can hieu chuan lai cam bien trang thai dau sac","2024-11-27T22:27:39.3645313","2024-11-29T03:27:39.3645313",21,0
1610,"ERR-01610",11,211,"High","Mat ket noi voi bo dieu khien cong sac","2024-12-08T22:27:39.3645313","2024-12-10T04:27:39.3645313",22,0
1611,"ERR-01611",7,212,"Medium","Dong dien dao dong bat thuong trong gio cao diem","2024-12-19T22:27:39.3645313",,,1
1612,"ERR-01612",7,213,"Low","Can hieu chuan lai cam bien trang thai dau sac","2024-12-30T22:27:39.3645313","2025-01-01T06:27:39.3645313",24,0
1613,"ERR-01613",7,214,"Low","Can hieu chuan lai cam bien trang thai dau sac","2025-01-10T22:27:39.3645313","2025-01-12T07:27:39.3645313",25,0
1614,"ERR-01614",4,215,"Medium","Dong dien dao dong bat thuong trong gio cao diem","2025-01-21T22:27:39.3645313","2025-01-23T08:27:39.3645313",26,0
1615,"ERR-01615",4,216,"Critical","Nhiet do dau sac vuot nguong, tam dung phien sac de kiem tra","2025-02-01T22:27:39.3645313","2025-02-03T09:27:39.3645313",27,0
1616,"ERR-01616",4,217,"Low","Can hieu chuan lai cam bien trang thai dau sac","2025-02-12T22:27:39.3645313","2025-02-14T10:27:39.3645313",28,0
1617,"ERR-01617",2,218,"High","Mat ket noi voi bo dieu khien cong sac","2025-02-23T22:27:39.3645313","2025-02-25T11:27:39.3645313",29,0
1618,"ERR-01618",2,219,"Low","Can hieu chuan lai cam bien trang thai dau sac","2025-03-06T22:27:39.3645313","2025-03-08T12:27:39.3645313",30,0
1619,"ERR-01619",2,220,"Low","Can hieu chuan lai cam bien trang thai dau sac","2025-03-17T22:27:39.3645313","2025-03-19T13:27:39.3645313",31,0
1620,"ERR-01620",8,221,"Medium","Dong dien dao dong bat thuong trong gio cao diem","2025-03-28T22:27:39.3645313",,,1
1621,"ERR-01621",8,222,"Low","Can hieu chuan lai cam bien trang thai dau sac","2025-04-08T22:27:39.3645313","2025-04-10T15:27:39.3645313",33,0
1622,"ERR-01622",8,223,"Low","Can hieu chuan lai cam bien trang thai dau sac","2025-04-19T22:27:39.3645313","2025-04-21T16:27:39.3645313",34,0
1623,"ERR-01623",8,224,"Medium","Dong dien dao dong bat thuong trong gio cao diem","2025-04-30T22:27:39.3645313","2025-05-02T17:27:39.3645313",35,0
1624,"ERR-01624",8,225,"High","Mat ket noi voi bo dieu khien cong sac","2025-05-11T22:27:39.3645313","2025-05-13T18:27:39.3645313",36,0
1625,"ERR-01625",17,226,"Low","Can hieu chuan lai cam bien trang thai dau sac","2025-05-22T22:27:39.3645313","2025-05-24T19:27:39.3645313",9,0
1626,"ERR-01626",17,227,"Medium","Dong dien dao dong bat thuong trong gio cao diem","2025-06-02T22:27:39.3645313","2025-06-04T20:27:39.3645313",10,0
1627,"ERR-01627",17,228,"Low","Can hieu chuan lai cam bien trang thai dau sac","2025-06-13T22:27:39.3645313","2025-06-15T21:27:39.3645313",11,0
1628,"ERR-01628",17,229,"Low","Can hieu chuan lai cam bien trang thai dau sac","2025-06-24T22:27:39.3645313","2025-06-26T22:27:39.3645313",12,0
1629,"ERR-01629",17,230,"Medium","Dong dien dao dong bat thuong trong gio cao diem","2025-07-05T22:27:39.3645313",,,1
1630,"ERR-01630",28,231,"Low","Can hieu chuan lai cam bien trang thai dau sac","2025-07-16T22:27:39.3645313","2025-07-19T00:27:39.3645313",14,0
1631,"ERR-01631",28,232,"High","Mat ket noi voi bo dieu khien cong sac","2025-07-27T22:27:39.3645313","2025-07-30T01:27:39.3645313",15,0
1632,"ERR-01632",28,233,"Critical","Nhiet do dau sac vuot nguong, tam dung phien sac de kiem tra","2025-08-07T22:27:39.3645313","2025-08-08T02:27:39.3645313",16,0
1633,"ERR-01633",28,234,"Low","Can hieu chuan lai cam bien trang thai dau sac","2025-08-18T22:27:39.3645313","2025-08-19T03:27:39.3645313",17,0
1634,"ERR-01634",28,235,"Low","Can hieu chuan lai cam bien trang thai dau sac","2025-08-29T22:27:39.3645313","2025-08-30T04:27:39.3645313",18,0
1635,"ERR-01635",38,236,"Medium","Dong dien dao dong bat thuong trong gio cao diem","2025-09-09T22:27:39.3645313","2025-09-10T05:27:39.3645313",19,0
1636,"ERR-01636",38,237,"Low","Can hieu chuan lai cam bien trang thai dau sac","2025-09-20T22:27:39.3645313","2025-09-21T06:27:39.3645313",20,0
1637,"ERR-01637",38,238,"Low","Can hieu chuan lai cam bien trang thai dau sac","2025-10-01T22:27:39.3645313","2025-10-02T07:27:39.3645313",21,0
1638,"ERR-01638",38,239,"High","Mat ket noi voi bo dieu khien cong sac","2025-10-12T22:27:39.3645313",,,1
1639,"ERR-01639",38,240,"Low","Can hieu chuan lai cam bien trang thai dau sac","2025-10-23T22:27:39.3645313","2025-10-24T09:27:39.3645313",23,0
1640,"ERR-01640",48,241,"Low","Can hieu chuan lai cam bien trang thai dau sac","2025-11-03T22:27:39.3645313","2025-11-04T10:27:39.3645313",24,0
1641,"ERR-01641",48,242,"Medium","Dong dien dao dong bat thuong trong gio cao diem","2025-11-14T22:27:39.3645313","2025-11-15T11:27:39.3645313",25,0
1642,"ERR-01642",48,243,"Low","Can hieu chuan lai cam bien trang thai dau sac","2025-11-25T22:27:39.3645313","2025-11-26T12:27:39.3645313",26,0
1643,"ERR-01643",48,244,"Low","Can hieu chuan lai cam bien trang thai dau sac","2025-12-06T22:27:39.3645313","2025-12-07T13:27:39.3645313",27,0
1644,"ERR-01644",48,245,"Medium","Dong dien dao dong bat thuong trong gio cao diem","2025-12-17T22:27:39.3645313","2025-12-18T14:27:39.3645313",28,0
1645,"ERR-01645",53,246,"High","Mat ket noi voi bo dieu khien cong sac","2025-12-28T22:27:39.3645313","2025-12-29T15:27:39.3645313",29,0
1646,"ERR-01646",53,247,"Low","Can hieu chuan lai cam bien trang thai dau sac","2026-01-08T22:27:39.3645313","2026-01-09T16:27:39.3645313",30,0
1647,"ERR-01647",53,248,"Medium","Dong dien dao dong bat thuong trong gio cao diem","2026-01-19T22:27:39.3645313",,,1
1648,"ERR-01648",53,249,"Low","Can hieu chuan lai cam bien trang thai dau sac","2026-01-30T22:27:39.3645313","2026-01-31T18:27:39.3645313",32,0
1649,"ERR-01649",53,250,"Critical","Nhiet do dau sac vuot nguong, tam dung phien sac de kiem tra","2026-02-10T22:27:39.3645313","2026-02-11T19:27:39.3645313",33,0
1650,"ERR-01650",59,251,"Medium","Dong dien dao dong bat thuong trong gio cao diem","2026-02-21T22:27:39.3645313","2026-02-22T20:27:39.3645313",34,0
1651,"ERR-01651",59,252,"Low","Can hieu chuan lai cam bien trang thai dau sac","2026-03-04T22:27:39.3645313","2026-03-05T21:27:39.3645313",35,0
1652,"ERR-01652",59,253,"High","Mat ket noi voi bo dieu khien cong sac","2026-03-15T22:27:39.3645313","2026-03-16T22:27:39.3645313",36,0
1653,"ERR-01653",59,254,"Medium","Dong dien dao dong bat thuong trong gio cao diem","2026-03-26T22:27:39.3645313","2026-03-27T23:27:39.3645313",9,0
1654,"ERR-01654",59,255,"Low","Can hieu chuan lai cam bien trang thai dau sac","2026-04-06T22:27:39.3645313","2026-04-08T00:27:39.3645313",10,0
1655,"ERR-01655",68,256,"Low","Can hieu chuan lai cam bien trang thai dau sac","2026-04-17T22:27:39.3645313","2026-04-19T01:27:39.3645313",11,0
1656,"ERR-01656",68,257,"Medium","Dong dien dao dong bat thuong trong gio cao diem","2026-04-28T22:27:39.3645313",,,1
1657,"ERR-01657",68,258,"Low","Can hieu chuan lai cam bien trang thai dau sac","2026-05-09T22:27:39.3645313","2026-05-11T03:27:39.3645313",13,0
1658,"ERR-01658",68,259,"Low","Can hieu chuan lai cam bien trang thai dau sac","2026-05-20T22:27:39.3645313","2026-05-22T04:27:39.3645313",14,0
1659,"ERR-01659",68,260,"High","Mat ket noi voi bo dieu khien cong sac","2026-05-31T22:27:39.3645313","2026-06-02T05:27:39.3645313",15,0
1660,"ERR-01660",74,261,"Low","Can hieu chuan lai cam bien trang thai dau sac","2024-06-11T22:27:39.3645313","2024-06-13T06:27:39.3645313",16,0
1661,"ERR-01661",74,262,"Low","Can hieu chuan lai cam bien trang thai dau sac","2024-06-22T22:27:39.3645313","2024-06-24T07:27:39.3645313",17,0
1662,"ERR-01662",74,263,"Medium","Dong dien dao dong bat thuong trong gio cao diem","2024-07-03T22:27:39.3645313","2024-07-05T08:27:39.3645313",18,0
1663,"ERR-01663",74,264,"Low","Can hieu chuan lai cam bien trang thai dau sac","2024-07-14T22:27:39.3645313","2024-07-16T09:27:39.3645313",19,0
1664,"ERR-01664",74,265,"Low","Can hieu chuan lai cam bien trang thai dau sac","2024-07-25T22:27:39.3645313","2024-07-27T10:27:39.3645313",20,0
1665,"ERR-01665",80,266,"Medium","Dong dien dao dong bat thuong trong gio cao diem","2024-08-05T22:27:39.3645313",,,1
1666,"ERR-01666",80,267,"Critical","Nhiet do dau sac vuot nguong, tam dung phien sac de kiem tra","2024-08-16T22:27:39.3645313","2024-08-18T12:27:39.3645313",22,0
1667,"ERR-01667",80,268,"Low","Can hieu chuan lai cam bien trang thai dau sac","2024-08-27T22:27:39.3645313","2024-08-29T13:27:39.3645313",23,0
1668,"ERR-01668",80,269,"Medium","Dong dien dao dong bat thuong trong gio cao diem","2024-09-07T22:27:39.3645313","2024-09-09T14:27:39.3645313",24,0
1669,"ERR-01669",80,270,"Low","Can hieu chuan lai cam bien trang thai dau sac","2024-09-18T22:27:39.3645313","2024-09-20T15:27:39.3645313",25,0
1670,"ERR-01670",89,271,"Low","Can hieu chuan lai cam bien trang thai dau sac","2024-09-29T22:27:39.3645313","2024-10-01T16:27:39.3645313",26,0
1671,"ERR-01671",89,272,"Medium","Dong dien dao dong bat thuong trong gio cao diem","2024-10-10T22:27:39.3645313","2024-10-12T17:27:39.3645313",27,0
1672,"ERR-01672",89,273,"Low","Can hieu chuan lai cam bien trang thai dau sac","2024-10-21T22:27:39.3645313","2024-10-23T18:27:39.3645313",28,0
1673,"ERR-01673",89,274,"High","Mat ket noi voi bo dieu khien cong sac","2024-11-01T22:27:39.3645313","2024-11-03T19:27:39.3645313",29,0
1674,"ERR-01674",89,275,"Medium","Dong dien dao dong bat thuong trong gio cao diem","2024-11-12T22:27:39.3645313",,,1
1675,"ERR-01675",98,276,"Low","Can hieu chuan lai cam bien trang thai dau sac","2024-11-23T22:27:39.3645313","2024-11-25T21:27:39.3645313",31,0
1676,"ERR-01676",98,277,"Low","Can hieu chuan lai cam bien trang thai dau sac","2024-12-04T22:27:39.3645313","2024-12-06T22:27:39.3645313",32,0
1677,"ERR-01677",98,278,"Medium","Dong dien dao dong bat thuong trong gio cao diem","2024-12-15T22:27:39.3645313","2024-12-17T23:27:39.3645313",33,0
1678,"ERR-01678",98,279,"Low","Can hieu chuan lai cam bien trang thai dau sac","2024-12-26T22:27:39.3645313","2024-12-29T00:27:39.3645313",34,0
1679,"ERR-01679",98,280,"Low","Can hieu chuan lai cam bien trang thai dau sac","2025-01-06T22:27:39.3645313","2025-01-09T01:27:39.3645313",35,0
1680,"ERR-01680",1,1,"High","Mat ket noi voi bo dieu khien cong sac","2025-01-17T22:27:39.3645313","2025-01-18T02:27:39.3645313",36,0
1681,"ERR-01681",1,2,"Low","Can hieu chuan lai cam bien trang thai dau sac","2025-01-28T22:27:39.3645313","2025-01-29T03:27:39.3645313",9,0
1682,"ERR-01682",3,3,"Low","Can hieu chuan lai cam bien trang thai dau sac","2025-02-08T22:27:39.3645313","2025-02-09T04:27:39.3645313",10,0
1683,"ERR-01683",3,4,"Critical","Nhiet do dau sac vuot nguong, tam dung phien sac de kiem tra","2025-02-19T22:27:39.3645313",,,1
1684,"ERR-01684",5,5,"Low","Can hieu chuan lai cam bien trang thai dau sac","2025-03-02T22:27:39.3645313","2025-03-03T06:27:39.3645313",12,0
1685,"ERR-01685",5,6,"Low","Can hieu chuan lai cam bien trang thai dau sac","2025-03-13T22:27:39.3645313","2025-03-14T07:27:39.3645313",13,0
1686,"ERR-01686",6,7,"Medium","Dong dien dao dong bat thuong trong gio cao diem","2025-03-24T22:27:39.3645313","2025-03-25T08:27:39.3645313",14,0
1687,"ERR-01687",6,8,"High","Mat ket noi voi bo dieu khien cong sac","2025-04-04T22:27:39.3645313","2025-04-05T09:27:39.3645313",15,0
1688,"ERR-01688",10,9,"Low","Can hieu chuan lai cam bien trang thai dau sac","2025-04-15T22:27:39.3645313","2025-04-16T10:27:39.3645313",16,0
1689,"ERR-01689",10,10,"Medium","Dong dien dao dong bat thuong trong gio cao diem","2025-04-26T22:27:39.3645313","2025-04-27T11:27:39.3645313",17,0
1690,"ERR-01690",12,11,"Low","Can hieu chuan lai cam bien trang thai dau sac","2025-05-07T22:27:39.3645313","2025-05-08T12:27:39.3645313",18,0
1691,"ERR-01691",12,12,"Low","Can hieu chuan lai cam bien trang thai dau sac","2025-05-18T22:27:39.3645313","2025-05-19T13:27:39.3645313",19,0
1692,"ERR-01692",14,13,"Medium","Dong dien dao dong bat thuong trong gio cao diem","2025-05-29T22:27:39.3645313",,,1
1693,"ERR-01693",14,14,"Low","Can hieu chuan lai cam bien trang thai dau sac","2025-06-09T22:27:39.3645313","2025-06-10T15:27:39.3645313",21,0
1694,"ERR-01694",16,15,"High","Mat ket noi voi bo dieu khien cong sac","2025-06-20T22:27:39.3645313","2025-06-21T16:27:39.3645313",22,0
1695,"ERR-01695",16,16,"Medium","Dong dien dao dong bat thuong trong gio cao diem","2025-07-01T22:27:39.3645313","2025-07-02T17:27:39.3645313",23,0
1696,"ERR-01696",18,17,"Low","Can hieu chuan lai cam bien trang thai dau sac","2025-07-12T22:27:39.3645313","2025-07-13T18:27:39.3645313",24,0
1697,"ERR-01697",18,18,"Low","Can hieu chuan lai cam bien trang thai dau sac","2025-07-23T22:27:39.3645313","2025-07-24T19:27:39.3645313",25,0
1698,"ERR-01698",21,19,"Medium","Dong dien dao dong bat thuong trong gio cao diem","2025-08-03T22:27:39.3645313","2025-08-04T20:27:39.3645313",26,0
1699,"ERR-01699",21,20,"Low","Can hieu chuan lai cam bien trang thai dau sac","2025-08-14T22:27:39.3645313","2025-08-15T21:27:39.3645313",27,0
1700,"ERR-01700",23,21,"Critical","Nhiet do dau sac vuot nguong, tam dung phien sac de kiem tra","2025-08-25T22:27:39.3645313","2025-08-26T22:27:39.3645313",28,0
1701,"ERR-01701",23,22,"High","Mat ket noi voi bo dieu khien cong sac","2025-09-05T22:27:39.3645313",,,1
1702,"ERR-01702",24,23,"Low","Can hieu chuan lai cam bien trang thai dau sac","2025-09-16T22:27:39.3645313","2025-09-18T00:27:39.3645313",30,0
1703,"ERR-01703",24,24,"Low","Can hieu chuan lai cam bien trang thai dau sac","2025-09-27T22:27:39.3645313","2025-09-29T01:27:39.3645313",31,0
1704,"ERR-01704",26,25,"Medium","Dong dien dao dong bat thuong trong gio cao diem","2025-10-08T22:27:39.3645313","2025-10-10T02:27:39.3645313",32,0
1705,"ERR-01705",26,26,"Low","Can hieu chuan lai cam bien trang thai dau sac","2025-10-19T22:27:39.3645313","2025-10-21T03:27:39.3645313",33,0
1706,"ERR-01706",30,27,"Low","Can hieu chuan lai cam bien trang thai dau sac","2025-10-30T22:27:39.3645313","2025-11-01T04:27:39.3645313",34,0
1707,"ERR-01707",30,28,"Medium","Dong dien dao dong bat thuong trong gio cao diem","2025-11-10T22:27:39.3645313","2025-11-12T05:27:39.3645313",35,0
1708,"ERR-01708",32,29,"High","Mat ket noi voi bo dieu khien cong sac","2025-11-21T22:27:39.3645313","2025-11-23T06:27:39.3645313",36,0
1709,"ERR-01709",32,30,"Low","Can hieu chuan lai cam bien trang thai dau sac","2025-12-02T22:27:39.3645313","2025-12-04T07:27:39.3645313",9,0
1710,"ERR-01710",34,31,"Medium","Dong dien dao dong bat thuong trong gio cao diem","2025-12-13T22:27:39.3645313",,,1
1711,"ERR-01711",34,32,"Low","Can hieu chuan lai cam bien trang thai dau sac","2025-12-24T22:27:39.3645313","2025-12-26T09:27:39.3645313",11,0
1712,"ERR-01712",35,33,"Low","Can hieu chuan lai cam bien trang thai dau sac","2026-01-04T22:27:39.3645313","2026-01-06T10:27:39.3645313",12,0
1713,"ERR-01713",35,34,"Medium","Dong dien dao dong bat thuong trong gio cao diem","2026-01-15T22:27:39.3645313","2026-01-17T11:27:39.3645313",13,0
1714,"ERR-01714",37,35,"Low","Can hieu chuan lai cam bien trang thai dau sac","2026-01-26T22:27:39.3645313","2026-01-28T12:27:39.3645313",14,0
1715,"ERR-01715",37,36,"High","Mat ket noi voi bo dieu khien cong sac","2026-02-06T22:27:39.3645313","2026-02-08T13:27:39.3645313",15,0
1716,"ERR-01716",39,37,"Medium","Dong dien dao dong bat thuong trong gio cao diem","2026-02-17T22:27:39.3645313","2026-02-19T14:27:39.3645313",16,0
1717,"ERR-01717",39,38,"Critical","Nhiet do dau sac vuot nguong, tam dung phien sac de kiem tra","2026-02-28T22:27:39.3645313","2026-03-02T15:27:39.3645313",17,0
1718,"ERR-01718",42,39,"Low","Can hieu chuan lai cam bien trang thai dau sac","2026-03-11T22:27:39.3645313","2026-03-13T16:27:39.3645313",18,0
1719,"ERR-01719",42,40,"Medium","Dong dien dao dong bat thuong trong gio cao diem","2026-03-22T22:27:39.3645313",,,1
1720,"ERR-01720",44,41,"Low","Can hieu chuan lai cam bien trang thai dau sac","2026-04-02T22:27:39.3645313","2026-04-04T18:27:39.3645313",20,0
1721,"ERR-01721",44,42,"Low","Can hieu chuan lai cam bien trang thai dau sac","2026-04-13T22:27:39.3645313","2026-04-15T19:27:39.3645313",21,0
1722,"ERR-01722",46,43,"High","Mat ket noi voi bo dieu khien cong sac","2026-04-24T22:27:39.3645313","2026-04-26T20:27:39.3645313",22,0
1723,"ERR-01723",46,44,"Low","Can hieu chuan lai cam bien trang thai dau sac","2026-05-05T22:27:39.3645313","2026-05-07T21:27:39.3645313",23,0
1724,"ERR-01724",50,45,"Low","Can hieu chuan lai cam bien trang thai dau sac","2026-05-16T22:27:39.3645313","2026-05-18T22:27:39.3645313",24,0
1725,"ERR-01725",50,46,"Medium","Dong dien dao dong bat thuong trong gio cao diem","2026-05-27T22:27:39.3645313","2026-05-29T23:27:39.3645313",25,0
1726,"ERR-01726",52,47,"Low","Can hieu chuan lai cam bien trang thai dau sac","2024-06-07T22:27:39.3645313","2024-06-10T00:27:39.3645313",26,0
1727,"ERR-01727",52,48,"Low","Can hieu chuan lai cam bien trang thai dau sac","2024-06-18T22:27:39.3645313","2024-06-21T01:27:39.3645313",27,0
1728,"ERR-01728",55,49,"Medium","Dong dien dao dong bat thuong trong gio cao diem","2024-06-29T22:27:39.3645313",,,1
1729,"ERR-01729",55,50,"High","Mat ket noi voi bo dieu khien cong sac","2024-07-10T22:27:39.3645313","2024-07-11T03:27:39.3645313",29,0
1730,"ERR-01730",57,51,"Low","Can hieu chuan lai cam bien trang thai dau sac","2024-07-21T22:27:39.3645313","2024-07-22T04:27:39.3645313",30,0
1731,"ERR-01731",57,52,"Medium","Dong dien dao dong bat thuong trong gio cao diem","2024-08-01T22:27:39.3645313","2024-08-02T05:27:39.3645313",31,0
1732,"ERR-01732",60,53,"Low","Can hieu chuan lai cam bien trang thai dau sac","2024-08-12T22:27:39.3645313","2024-08-13T06:27:39.3645313",32,0
1733,"ERR-01733",60,54,"Low","Can hieu chuan lai cam bien trang thai dau sac","2024-08-23T22:27:39.3645313","2024-08-24T07:27:39.3645313",33,0
1734,"ERR-01734",62,55,"Critical","Nhiet do dau sac vuot nguong, tam dung phien sac de kiem tra","2024-09-03T22:27:39.3645313","2024-09-04T08:27:39.3645313",34,0
1735,"ERR-01735",62,56,"Low","Can hieu chuan lai cam bien trang thai dau sac","2024-09-14T22:27:39.3645313","2024-09-15T09:27:39.3645313",35,0
1736,"ERR-01736",65,57,"High","Mat ket noi voi bo dieu khien cong sac","2024-09-25T22:27:39.3645313","2024-09-26T10:27:39.3645313",36,0
1737,"ERR-01737",65,58,"Medium","Dong dien dao dong bat thuong trong gio cao diem","2024-10-06T22:27:39.3645313",,,1
1738,"ERR-01738",67,59,"Low","Can hieu chuan lai cam bien trang thai dau sac","2024-10-17T22:27:39.3645313","2024-10-18T12:27:39.3645313",10,0
1739,"ERR-01739",67,60,"Low","Can hieu chuan lai cam bien trang thai dau sac","2024-10-28T22:27:39.3645313","2024-10-29T13:27:39.3645313",11,0
1740,"ERR-01740",70,61,"Medium","Dong dien dao dong bat thuong trong gio cao diem","2024-11-08T22:27:39.3645313","2024-11-09T14:27:39.3645313",12,0
1741,"ERR-01741",70,62,"Low","Can hieu chuan lai cam bien trang thai dau sac","2024-11-19T22:27:39.3645313","2024-11-20T15:27:39.3645313",13,0
1742,"ERR-01742",73,63,"Low","Can hieu chuan lai cam bien trang thai dau sac","2024-11-30T22:27:39.3645313","2024-12-01T16:27:39.3645313",14,0
1743,"ERR-01743",73,64,"High","Mat ket noi voi bo dieu khien cong sac","2024-12-11T22:27:39.3645313","2024-12-12T17:27:39.3645313",15,0
1744,"ERR-01744",75,65,"Low","Can hieu chuan lai cam bien trang thai dau sac","2024-12-22T22:27:39.3645313","2024-12-23T18:27:39.3645313",16,0
1745,"ERR-01745",75,66,"Low","Can hieu chuan lai cam bien trang thai dau sac","2025-01-02T22:27:39.3645313","2025-01-03T19:27:39.3645313",17,0
1746,"ERR-01746",76,67,"Medium","Dong dien dao dong bat thuong trong gio cao diem","2025-01-13T22:27:39.3645313",,,1
1747,"ERR-01747",76,68,"Low","Can hieu chuan lai cam bien trang thai dau sac","2025-01-24T22:27:39.3645313","2025-01-25T21:27:39.3645313",19,0
1748,"ERR-01748",78,69,"Low","Can hieu chuan lai cam bien trang thai dau sac","2025-02-04T22:27:39.3645313","2025-02-05T22:27:39.3645313",20,0
1749,"ERR-01749",78,70,"Medium","Dong dien dao dong bat thuong trong gio cao diem","2025-02-15T22:27:39.3645313","2025-02-16T23:27:39.3645313",21,0
1750,"ERR-01750",81,71,"High","Mat ket noi voi bo dieu khien cong sac","2025-02-26T22:27:39.3645313","2025-02-28T00:27:39.3645313",22,0
1751,"ERR-01751",81,72,"Critical","Nhiet do dau sac vuot nguong, tam dung phien sac de kiem tra","2025-03-09T22:27:39.3645313","2025-03-11T01:27:39.3645313",23,0
1752,"ERR-01752",83,73,"Medium","Dong dien dao dong bat thuong trong gio cao diem","2025-03-20T22:27:39.3645313","2025-03-22T02:27:39.3645313",24,0
1753,"ERR-01753",83,74,"Low","Can hieu chuan lai cam bien trang thai dau sac","2025-03-31T22:27:39.3645313","2025-04-02T03:27:39.3645313",25,0
1754,"ERR-01754",85,75,"Low","Can hieu chuan lai cam bien trang thai dau sac","2025-04-11T22:27:39.3645313","2025-04-13T04:27:39.3645313",26,0
1755,"ERR-01755",85,76,"Medium","Dong dien dao dong bat thuong trong gio cao diem","2025-04-22T22:27:39.3645313",,,1
1756,"ERR-01756",87,77,"Low","Can hieu chuan lai cam bien trang thai dau sac","2025-05-03T22:27:39.3645313","2025-05-05T06:27:39.3645313",28,0
1757,"ERR-01757",87,78,"High","Mat ket noi voi bo dieu khien cong sac","2025-05-14T22:27:39.3645313","2025-05-16T07:27:39.3645313",29,0
1758,"ERR-01758",91,79,"Medium","Dong dien dao dong bat thuong trong gio cao diem","2025-05-25T22:27:39.3645313","2025-05-27T08:27:39.3645313",30,0
1759,"ERR-01759",91,80,"Low","Can hieu chuan lai cam bien trang thai dau sac","2025-06-05T22:27:39.3645313","2025-06-07T09:27:39.3645313",31,0
1760,"ERR-01760",93,81,"Low","Can hieu chuan lai cam bien trang thai dau sac","2025-06-16T22:27:39.3645313","2025-06-18T10:27:39.3645313",32,0
1761,"ERR-01761",93,82,"Medium","Dong dien dao dong bat thuong trong gio cao diem","2025-06-27T22:27:39.3645313","2025-06-29T11:27:39.3645313",33,0
1762,"ERR-01762",95,83,"Low","Can hieu chuan lai cam bien trang thai dau sac","2025-07-08T22:27:39.3645313","2025-07-10T12:27:39.3645313",34,0
1763,"ERR-01763",95,84,"Low","Can hieu chuan lai cam bien trang thai dau sac","2025-07-19T22:27:39.3645313","2025-07-21T13:27:39.3645313",35,0
1764,"ERR-01764",97,85,"High","Mat ket noi voi bo dieu khien cong sac","2025-07-30T22:27:39.3645313",,,1
1765,"ERR-01765",97,86,"Low","Can hieu chuan lai cam bien trang thai dau sac","2025-08-10T22:27:39.3645313","2025-08-12T15:27:39.3645313",9,0
1766,"ERR-01766",99,87,"Low","Can hieu chuan lai cam bien trang thai dau sac","2025-08-21T22:27:39.3645313","2025-08-23T16:27:39.3645313",10,0
1767,"ERR-01767",99,88,"Medium","Dong dien dao dong bat thuong trong gio cao diem","2025-09-01T22:27:39.3645313","2025-09-03T17:27:39.3645313",11,0
1768,"ERR-01768",100,89,"Critical","Nhiet do dau sac vuot nguong, tam dung phien sac de kiem tra","2025-09-12T22:27:39.3645313","2025-09-14T18:27:39.3645313",12,0
1769,"ERR-01769",100,90,"Low","Can hieu chuan lai cam bien trang thai dau sac","2025-09-23T22:27:39.3645313","2025-09-25T19:27:39.3645313",13,0
1770,"ERR-01770",100,91,"Medium","Dong dien dao dong bat thuong trong gio cao diem","2025-10-04T22:27:39.3645313","2025-10-06T20:27:39.3645313",14,0
1771,"ERR-01771",96,92,"High","Mat ket noi voi bo dieu khien cong sac","2025-10-15T22:27:39.3645313","2025-10-17T21:27:39.3645313",15,0
1772,"ERR-01772",96,93,"Low","Can hieu chuan lai cam bien trang thai dau sac","2025-10-26T22:27:39.3645313","2025-10-28T22:27:39.3645313",16,0
1773,"ERR-01773",96,94,"Medium","Dong dien dao dong bat thuong trong gio cao diem","2025-11-06T22:27:39.3645313",,,1
1774,"ERR-01774",94,95,"Low","Can hieu chuan lai cam bien trang thai dau sac","2025-11-17T22:27:39.3645313","2025-11-20T00:27:39.3645313",18,0
1775,"ERR-01775",94,96,"Low","Can hieu chuan lai cam bien trang thai dau sac","2025-11-28T22:27:39.3645313","2025-12-01T01:27:39.3645313",19,0
1776,"ERR-01776",94,97,"Medium","Dong dien dao dong bat thuong trong gio cao diem","2025-12-09T22:27:39.3645313","2025-12-10T02:27:39.3645313",20,0
1777,"ERR-01777",92,98,"Low","Can hieu chuan lai cam bien trang thai dau sac","2025-12-20T22:27:39.3645313","2025-12-21T03:27:39.3645313",21,0
1778,"ERR-01778",92,99,"High","Mat ket noi voi bo dieu khien cong sac","2025-12-31T22:27:39.3645313","2026-01-01T04:27:39.3645313",22,0
1779,"ERR-01779",92,100,"Medium","Dong dien dao dong bat thuong trong gio cao diem","2026-01-11T22:27:39.3645313","2026-01-12T05:27:39.3645313",23,0
1780,"ERR-01780",69,101,"Low","Can hieu chuan lai cam bien trang thai dau sac","2026-01-22T22:27:39.3645313","2026-01-23T06:27:39.3645313",24,0
1781,"ERR-01781",69,102,"Low","Can hieu chuan lai cam bien trang thai dau sac","2026-02-02T22:27:39.3645313","2026-02-03T07:27:39.3645313",25,0
1782,"ERR-01782",69,103,"Medium","Dong dien dao dong bat thuong trong gio cao diem","2026-02-13T22:27:39.3645313",,,1
1783,"ERR-01783",90,104,"Low","Can hieu chuan lai cam bien trang thai dau sac","2026-02-24T22:27:39.3645313","2026-02-25T09:27:39.3645313",27,0
1784,"ERR-01784",90,105,"Low","Can hieu chuan lai cam bien trang thai dau sac","2026-03-07T22:27:39.3645313","2026-03-08T10:27:39.3645313",28,0
1785,"ERR-01785",90,106,"Critical","Nhiet do dau sac vuot nguong, tam dung phien sac de kiem tra","2026-03-18T22:27:39.3645313","2026-03-19T11:27:39.3645313",29,0
1786,"ERR-01786",88,107,"Low","Can hieu chuan lai cam bien trang thai dau sac","2026-03-29T22:27:39.3645313","2026-03-30T12:27:39.3645313",30,0
1787,"ERR-01787",88,108,"Low","Can hieu chuan lai cam bien trang thai dau sac","2026-04-09T22:27:39.3645313","2026-04-10T13:27:39.3645313",31,0
1788,"ERR-01788",88,109,"Medium","Dong dien dao dong bat thuong trong gio cao diem","2026-04-20T22:27:39.3645313","2026-04-21T14:27:39.3645313",32,0
1789,"ERR-01789",86,110,"Low","Can hieu chuan lai cam bien trang thai dau sac","2026-05-01T22:27:39.3645313","2026-05-02T15:27:39.3645313",33,0
1790,"ERR-01790",86,111,"Low","Can hieu chuan lai cam bien trang thai dau sac","2026-05-12T22:27:39.3645313","2026-05-13T16:27:39.3645313",34,0
1791,"ERR-01791",86,112,"Medium","Dong dien dao dong bat thuong trong gio cao diem","2026-05-23T22:27:39.3645313",,,1
1792,"ERR-01792",84,113,"High","Mat ket noi voi bo dieu khien cong sac","2024-06-03T22:27:39.3645313","2024-06-04T18:27:39.3645313",36,0
1793,"ERR-01793",84,114,"Low","Can hieu chuan lai cam bien trang thai dau sac","2024-06-14T22:27:39.3645313","2024-06-15T19:27:39.3645313",9,0
1794,"ERR-01794",84,115,"Medium","Dong dien dao dong bat thuong trong gio cao diem","2024-06-25T22:27:39.3645313","2024-06-26T20:27:39.3645313",10,0
1795,"ERR-01795",82,116,"Low","Can hieu chuan lai cam bien trang thai dau sac","2024-07-06T22:27:39.3645313","2024-07-07T21:27:39.3645313",11,0
1796,"ERR-01796",82,117,"Low","Can hieu chuan lai cam bien trang thai dau sac","2024-07-17T22:27:39.3645313","2024-07-18T22:27:39.3645313",12,0
1797,"ERR-01797",82,118,"Medium","Dong dien dao dong bat thuong trong gio cao diem","2024-07-28T22:27:39.3645313","2024-07-29T23:27:39.3645313",13,0
1798,"ERR-01798",79,119,"Low","Can hieu chuan lai cam bien trang thai dau sac","2024-08-08T22:27:39.3645313","2024-08-10T00:27:39.3645313",14,0
1799,"ERR-01799",79,120,"High","Mat ket noi voi bo dieu khien cong sac","2024-08-19T22:27:39.3645313","2024-08-21T01:27:39.3645313",15,0
1800,"ERR-01800",79,121,"Medium","Dong dien dao dong bat thuong trong gio cao diem","2024-08-30T22:27:39.3645313",,,1
