"AuditID","SchemaName","TableName","RecordID","ActionType","OldValues","NewValues","ChangedBy","ChangedAt"
"1","Franchise","RevenueShareSettlement","1","INSERT","","Approved","MicrosoftAccount\hocvienbimat@gmail.com","6/1/2026 10:28:56 PM"
"2","Franchise","RevenueShareSettlement","1","SETTLEMENT","","66803481.0500","MicrosoftAccount\hocvienbimat@gmail.com","6/1/2026 10:28:56 PM"
"3","Franchise","RevenueShareSettlement","2","INSERT","","Approved","MicrosoftAccount\hocvienbimat@gmail.com","6/1/2026 10:28:56 PM"
"4","Franchise","RevenueShareSettlement","2","SETTLEMENT","","214839204.3500","MicrosoftAccount\hocvienbimat@gmail.com","6/1/2026 10:28:56 PM"
"5","Franchise","RevenueShareSettlement","3","INSERT","","Approved","MicrosoftAccount\hocvienbimat@gmail.com","6/1/2026 10:28:56 PM"
"6","Franchise","RevenueShareSettlement","3","SETTLEMENT","","221439387.7000","MicrosoftAccount\hocvienbimat@gmail.com","6/1/2026 10:28:56 PM"
"7","Franchise","RevenueShareSettlement","4","INSERT","","Approved","MicrosoftAccount\hocvienbimat@gmail.com","6/1/2026 10:28:56 PM"
"8","Franchise","RevenueShareSettlement","4","SETTLEMENT","","49317418.5000","MicrosoftAccount\hocvienbimat@gmail.com","6/1/2026 10:28:56 PM"
"9","Franchise","RevenueShareSettlement","5","INSERT","","Approved","MicrosoftAccount\hocvienbimat@gmail.com","6/1/2026 10:28:56 PM"
"10","Franchise","RevenueShareSettlement","5","SETTLEMENT","","47631687.8000","MicrosoftAccount\hocvienbimat@gmail.com","6/1/2026 10:28:56 PM"
"11","Franchise","RevenueShareSettlement","6","INSERT","","Approved","MicrosoftAccount\hocvienbimat@gmail.com","6/1/2026 10:28:56 PM"
"12","Franchise","RevenueShareSettlement","6","SETTLEMENT","","42968458.0500","MicrosoftAccount\hocvienbimat@gmail.com","6/1/2026 10:28:56 PM"
"13","Franchise","RevenueShareSettlement","7","INSERT","","Approved","MicrosoftAccount\hocvienbimat@gmail.com","6/1/2026 10:28:56 PM"
"14","Franchise","RevenueShareSettlement","7","SETTLEMENT","","54061592.8500","MicrosoftAccount\hocvienbimat@gmail.com","6/1/2026 10:28:56 PM"
"15","Franchise","RevenueShareSettlement","8","INSERT","","Approved","MicrosoftAccount\hocvienbimat@gmail.com","6/1/2026 10:28:56 PM"
"16","Franchise","RevenueShareSettlement","8","SETTLEMENT","","87260619.0000","MicrosoftAccount\hocvienbimat@gmail.com","6/1/2026 10:28:56 PM"
"17","Franchise","RevenueShareSettlement","9","INSERT","","Approved","MicrosoftAccount\hocvienbimat@gmail.com","6/1/2026 10:28:56 PM"
"18","Franchise","RevenueShareSettlement","9","SETTLEMENT","","58388118.8000","MicrosoftAccount\hocvienbimat@gmail.com","6/1/2026 10:28:56 PM"
"19","Franchise","RevenueShareSettlement","10","INSERT","","Approved","MicrosoftAccount\hocvienbimat@gmail.com","6/1/2026 10:28:56 PM"
"20","Franchise","RevenueShareSettlement","10","SETTLEMENT","","91637717.0000","MicrosoftAccount\hocvienbimat@gmail.com","6/1/2026 10:28:56 PM"
"21","Franchise","RevenueShareSettlement","11","INSERT","","Approved","MicrosoftAccount\hocvienbimat@gmail.com","6/1/2026 10:28:56 PM"
"22","Franchise","RevenueShareSettlement","11","SETTLEMENT","","57395103.0000","MicrosoftAccount\hocvienbimat@gmail.com","6/1/2026 10:28:56 PM"
"23","Franchise","RevenueShareSettlement","12","INSERT","","Approved","MicrosoftAccount\hocvienbimat@gmail.com","6/1/2026 10:28:56 PM"
"24","Franchise","RevenueShareSettlement","12","SETTLEMENT","","74308363.5000","MicrosoftAccount\hocvienbimat@gmail.com","6/1/2026 10:28:56 PM"
"25","Franchise","RevenueShareSettlement","13","INSERT","","Approved","MicrosoftAccount\hocvienbimat@gmail.com","6/1/2026 10:28:56 PM"
"26","Franchise","RevenueShareSettlement","13","SETTLEMENT","","77133917.3000","MicrosoftAccount\hocvienbimat@gmail.com","6/1/2026 10:28:56 PM"
"27","Franchise","RevenueShareSettlement","14","INSERT","","Approved","MicrosoftAccount\hocvienbimat@gmail.com","6/1/2026 10:28:56 PM"
"28","Franchise","RevenueShareSettlement","14","SETTLEMENT","","76714413.7500","MicrosoftAccount\hocvienbimat@gmail.com","6/1/2026 10:28:56 PM"
"29","Franchise","RevenueShareSettlement","15","INSERT","","Approved","MicrosoftAccount\hocvienbimat@gmail.com","6/1/2026 10:28:56 PM"
"30","Franchise","RevenueShareSettlement","15","SETTLEMENT","","103346217.5000","MicrosoftAccount\hocvienbimat@gmail.com","6/1/2026 10:28:56 PM"
"31","Franchise","RevenueShareSettlement","16","INSERT","","Approved","MicrosoftAccount\hocvienbimat@gmail.com","6/1/2026 10:28:56 PM"
"32","Franchise","RevenueShareSettlement","16","SETTLEMENT","","66860206.4500","MicrosoftAccount\hocvienbimat@gmail.com","6/1/2026 10:28:56 PM"
"33","Franchise","RevenueShareSettlement","17","INSERT","","Approved","MicrosoftAccount\hocvienbimat@gmail.com","6/1/2026 10:28:56 PM"
"34","Franchise","RevenueShareSettlement","17","SETTLEMENT","","214354000.6500","MicrosoftAccount\hocvienbimat@gmail.com","6/1/2026 10:28:56 PM"
"35","Franchise","RevenueShareSettlement","18","INSERT","","Approved","MicrosoftAccount\hocvienbimat@gmail.com","6/1/2026 10:28:56 PM"
"36","Franchise","RevenueShareSettlement","18","SETTLEMENT","","223110383.9000","MicrosoftAccount\hocvienbimat@gmail.com","6/1/2026 10:28:56 PM"
"37","Franchise","RevenueShareSettlement","19","INSERT","","Approved","MicrosoftAccount\hocvienbimat@gmail.com","6/1/2026 10:28:56 PM"
"38","Franchise","RevenueShareSettlement","19","SETTLEMENT","","48994001.0000","MicrosoftAccount\hocvienbimat@gmail.com","6/1/2026 10:28:56 PM"
"39","Franchise","RevenueShareSettlement","20","INSERT","","Approved","MicrosoftAccount\hocvienbimat@gmail.com","6/1/2026 10:28:56 PM"
"40","Franchise","RevenueShareSettlement","20","SETTLEMENT","","47618817.3500","MicrosoftAccount\hocvienbimat@gmail.com","6/1/2026 10:28:56 PM"
"41","Franchise","RevenueShareSettlement","21","INSERT","","Approved","MicrosoftAccount\hocvienbimat@gmail.com","6/1/2026 10:28:56 PM"
"42","Franchise","RevenueShareSettlement","21","SETTLEMENT","","43174610.2500","MicrosoftAccount\hocvienbimat@gmail.com","6/1/2026 10:28:56 PM"
"43","Franchise","RevenueShareSettlement","22","INSERT","","Approved","MicrosoftAccount\hocvienbimat@gmail.com","6/1/2026 10:28:56 PM"
"44","Franchise","RevenueShareSettlement","22","SETTLEMENT","","54063201.3000","MicrosoftAccount\hocvienbimat@gmail.com","6/1/2026 10:28:56 PM"
"45","Franchise","RevenueShareSettlement","23","INSERT","","Approved","MicrosoftAccount\hocvienbimat@gmail.com","6/1/2026 10:28:56 PM"
"46","Franchise","RevenueShareSettlement","23","SETTLEMENT","","87152614.2500","MicrosoftAccount\hocvienbimat@gmail.com","6/1/2026 10:28:56 PM"
"47","Franchise","RevenueShareSettlement","24","INSERT","","Approved","MicrosoftAccount\hocvienbimat@gmail.com","6/1/2026 10:28:56 PM"
"48","Franchise","RevenueShareSettlement","24","SETTLEMENT","","58631523.7000","MicrosoftAccount\hocvienbimat@gmail.com","6/1/2026 10:28:56 PM"
"49","Franchise","RevenueShareSettlement","25","INSERT","","Approved","MicrosoftAccount\hocvienbimat@gmail.com","6/1/2026 10:28:56 PM"
"50","Franchise","RevenueShareSettlement","25","SETTLEMENT","","91660512.0000","MicrosoftAccount\hocvienbimat@gmail.com","6/1/2026 10:28:56 PM"
"51","Franchise","RevenueShareSettlement","26","INSERT","","Approved","MicrosoftAccount\hocvienbimat@gmail.com","6/1/2026 10:28:56 PM"
"52","Franchise","RevenueShareSettlement","26","SETTLEMENT","","57528044.3000","MicrosoftAccount\hocvienbimat@gmail.com","6/1/2026 10:28:56 PM"
"53","Franchise","RevenueShareSettlement","27","INSERT","","Approved","MicrosoftAccount\hocvienbimat@gmail.com","6/1/2026 10:28:56 PM"
"54","Franchise","RevenueShareSettlement","27","SETTLEMENT","","74053138.5000","MicrosoftAccount\hocvienbimat@gmail.com","6/1/2026 10:28:56 PM"
"55","Franchise","RevenueShareSettlement","28","INSERT","","Approved","MicrosoftAccount\hocvienbimat@gmail.com","6/1/2026 10:28:56 PM"
"56","Franchise","RevenueShareSettlement","28","SETTLEMENT","","77764672.8000","MicrosoftAccount\hocvienbimat@gmail.com","6/1/2026 10:28:56 PM"
"57","Franchise","RevenueShareSettlement","29","INSERT","","Approved","MicrosoftAccount\hocvienbimat@gmail.com","6/1/2026 10:28:56 PM"
"58","Franchise","RevenueShareSettlement","29","SETTLEMENT","","76226944.5000","MicrosoftAccount\hocvienbimat@gmail.com","6/1/2026 10:28:56 PM"
"59","Franchise","RevenueShareSettlement","30","INSERT","","Approved","MicrosoftAccount\hocvienbimat@gmail.com","6/1/2026 10:28:56 PM"
"60","Franchise","RevenueShareSettlement","30","SETTLEMENT","","102348180.0000","MicrosoftAccount\hocvienbimat@gmail.com","6/1/2026 10:28:56 PM"
"61","Franchise","RevenueShareSettlement","31","INSERT","","Approved","MicrosoftAccount\hocvienbimat@gmail.com","6/1/2026 10:28:56 PM"
"62","Franchise","RevenueShareSettlement","31","SETTLEMENT","","66710203.8000","MicrosoftAccount\hocvienbimat@gmail.com","6/1/2026 10:28:56 PM"
"63","Franchise","RevenueShareSettlement","32","INSERT","","Approved","MicrosoftAccount\hocvienbimat@gmail.com","6/1/2026 10:28:56 PM"
"64","Franchise","RevenueShareSettlement","32","SETTLEMENT","","214436817.5000","MicrosoftAccount\hocvienbimat@gmail.com","6/1/2026 10:28:56 PM"
"65","Franchise","RevenueShareSettlement","33","INSERT","","Approved","MicrosoftAccount\hocvienbimat@gmail.com","6/1/2026 10:28:56 PM"
"66","Franchise","RevenueShareSettlement","33","SETTLEMENT","","222641510.4500","MicrosoftAccount\hocvienbimat@gmail.com","6/1/2026 10:28:56 PM"
"67","Franchise","RevenueShareSettlement","34","INSERT","","Approved","MicrosoftAccount\hocvienbimat@gmail.com","6/1/2026 10:28:56 PM"
"68","Franchise","RevenueShareSettlement","34","SETTLEMENT","","49116565.8000","MicrosoftAccount\hocvienbimat@gmail.com","6/1/2026 10:28:56 PM"
"69","Franchise","RevenueShareSettlement","35","INSERT","","Approved","MicrosoftAccount\hocvienbimat@gmail.com","6/1/2026 10:28:56 PM"
"70","Franchise","RevenueShareSettlement","35","SETTLEMENT","","47339206.3000","MicrosoftAccount\hocvienbimat@gmail.com","6/1/2026 10:28:56 PM"
"71","Franchise","RevenueShareSettlement","36","INSERT","","Approved","MicrosoftAccount\hocvienbimat@gmail.com","6/1/2026 10:28:56 PM"
"72","Franchise","RevenueShareSettlement","36","SETTLEMENT","","43236129.0000","MicrosoftAccount\hocvienbimat@gmail.com","6/1/2026 10:28:56 PM"
"73","Franchise","RevenueShareSettlement","37","INSERT","","Approved","MicrosoftAccount\hocvienbimat@gmail.com","6/1/2026 10:28:56 PM"
"74","Franchise","RevenueShareSettlement","37","SETTLEMENT","","54019563.7500","MicrosoftAccount\hocvienbimat@gmail.com","6/1/2026 10:28:56 PM"
"75","Franchise","RevenueShareSettlement","38","INSERT","","Approved","MicrosoftAccount\hocvienbimat@gmail.com","6/1/2026 10:28:56 PM"
"76","Franchise","RevenueShareSettlement","38","SETTLEMENT","","87721028.2500","MicrosoftAccount\hocvienbimat@gmail.com","6/1/2026 10:28:56 PM"
"77","Franchise","RevenueShareSettlement","39","INSERT","","Approved","MicrosoftAccount\hocvienbimat@gmail.com","6/1/2026 10:28:56 PM"
"78","Franchise","RevenueShareSettlement","39","SETTLEMENT","","58862595.1000","MicrosoftAccount\hocvienbimat@gmail.com","6/1/2026 10:28:56 PM"
"79","Franchise","RevenueShareSettlement","40","INSERT","","Approved","MicrosoftAccount\hocvienbimat@gmail.com","6/1/2026 10:28:56 PM"
"80","Franchise","RevenueShareSettlement","40","SETTLEMENT","","92133030.7500","MicrosoftAccount\hocvienbimat@gmail.com","6/1/2026 10:28:56 PM"
"81","Franchise","RevenueShareSettlement","41","INSERT","","Approved","MicrosoftAccount\hocvienbimat@gmail.com","6/1/2026 10:28:56 PM"
"82","Franchise","RevenueShareSettlement","41","SETTLEMENT","","57824451.1000","MicrosoftAccount\hocvienbimat@gmail.com","6/1/2026 10:28:56 PM"
"83","Franchise","RevenueShareSettlement","42","INSERT","","Approved","MicrosoftAccount\hocvienbimat@gmail.com","6/1/2026 10:28:56 PM"
"84","Franchise","RevenueShareSettlement","42","SETTLEMENT","","74382238.0000","MicrosoftAccount\hocvienbimat@gmail.com","6/1/2026 10:28:56 PM"
"85","Franchise","RevenueShareSettlement","43","INSERT","","Approved","MicrosoftAccount\hocvienbimat@gmail.com","6/1/2026 10:28:56 PM"
"86","Franchise","RevenueShareSettlement","43","SETTLEMENT","","77619482.0000","MicrosoftAccount\hocvienbimat@gmail.com","6/1/2026 10:28:56 PM"
"87","Franchise","RevenueShareSettlement","44","INSERT","","Approved","MicrosoftAccount\hocvienbimat@gmail.com","6/1/2026 10:28:56 PM"
"88","Franchise","RevenueShareSettlement","44","SETTLEMENT","","76062503.0000","MicrosoftAccount\hocvienbimat@gmail.com","6/1/2026 10:28:56 PM"
"89","Franchise","RevenueShareSettlement","45","INSERT","","Approved","MicrosoftAccount\hocvienbimat@gmail.com","6/1/2026 10:28:56 PM"
"90","Franchise","RevenueShareSettlement","45","SETTLEMENT","","102482160.0000","MicrosoftAccount\hocvienbimat@gmail.com","6/1/2026 10:28:56 PM"
"91","Franchise","RevenueShareSettlement","46","INSERT","","Approved","MicrosoftAccount\hocvienbimat@gmail.com","6/1/2026 10:28:56 PM"
"92","Franchise","RevenueShareSettlement","46","SETTLEMENT","","66145635.5500","MicrosoftAccount\hocvienbimat@gmail.com","6/1/2026 10:28:56 PM"
"93","Franchise","RevenueShareSettlement","47","INSERT","","Approved","MicrosoftAccount\hocvienbimat@gmail.com","6/1/2026 10:28:56 PM"
"94","Franchise","RevenueShareSettlement","47","SETTLEMENT","","214651526.1000","MicrosoftAccount\hocvienbimat@gmail.com","6/1/2026 10:28:56 PM"
"95","Franchise","RevenueShareSettlement","48","INSERT","","Approved","MicrosoftAccount\hocvienbimat@gmail.com","6/1/2026 10:28:56 PM"
"96","Franchise","RevenueShareSettlement","48","SETTLEMENT","","223376980.7500","MicrosoftAccount\hocvienbimat@gmail.com","6/1/2026 10:28:56 PM"
"97","Franchise","RevenueShareSettlement","49","INSERT","","Approved","MicrosoftAccount\hocvienbimat@gmail.com","6/1/2026 10:28:56 PM"
"98","Franchise","RevenueShareSettlement","49","SETTLEMENT","","49086186.5500","MicrosoftAccount\hocvienbimat@gmail.com","6/1/2026 10:28:56 PM"
"99","Franchise","RevenueShareSettlement","50","INSERT","","Approved","MicrosoftAccount\hocvienbimat@gmail.com","6/1/2026 10:28:56 PM"
"100","Franchise","RevenueShareSettlement","50","SETTLEMENT","","47778653.0000","MicrosoftAccount\hocvienbimat@gmail.com","6/1/2026 10:28:56 PM"
"101","Franchise","RevenueShareSettlement","51","INSERT","","Approved","MicrosoftAccount\hocvienbimat@gmail.com","6/1/2026 10:28:56 PM"
"102","Franchise","RevenueShareSettlement","51","SETTLEMENT","","42929696.0500","MicrosoftAccount\hocvienbimat@gmail.com","6/1/2026 10:28:56 PM"
"103","Franchise","RevenueShareSettlement","52","INSERT","","Approved","MicrosoftAccount\hocvienbimat@gmail.com","6/1/2026 10:28:56 PM"
"104","Franchise","RevenueShareSettlement","52","SETTLEMENT","","53422258.5500","MicrosoftAccount\hocvienbimat@gmail.com","6/1/2026 10:28:56 PM"
"105","Franchise","RevenueShareSettlement","53","INSERT","","Approved","MicrosoftAccount\hocvienbimat@gmail.com","6/1/2026 10:28:56 PM"
"106","Franchise","RevenueShareSettlement","53","SETTLEMENT","","87667383.7500","MicrosoftAccount\hocvienbimat@gmail.com","6/1/2026 10:28:56 PM"
"107","Franchise","RevenueShareSettlement","54","INSERT","","Approved","MicrosoftAccount\hocvienbimat@gmail.com","6/1/2026 10:28:56 PM"
"108","Franchise","RevenueShareSettlement","54","SETTLEMENT","","58522749.6000","MicrosoftAccount\hocvienbimat@gmail.com","6/1/2026 10:28:56 PM"
"109","Franchise","RevenueShareSettlement","55","INSERT","","Approved","MicrosoftAccount\hocvienbimat@gmail.com","6/1/2026 10:28:56 PM"
"110","Franchise","RevenueShareSettlement","55","SETTLEMENT","","91612582.7500","MicrosoftAccount\hocvienbimat@gmail.com","6/1/2026 10:28:56 PM"
"111","Franchise","RevenueShareSettlement","56","INSERT","","Approved","MicrosoftAccount\hocvienbimat@gmail.com","6/1/2026 10:28:56 PM"
"112","Franchise","RevenueShareSettlement","56","SETTLEMENT","","57488841.5000","MicrosoftAccount\hocvienbimat@gmail.com","6/1/2026 10:28:56 PM"
"113","Franchise","RevenueShareSettlement","57","INSERT","","Approved","MicrosoftAccount\hocvienbimat@gmail.com","6/1/2026 10:28:56 PM"
"114","Franchise","RevenueShareSettlement","57","SETTLEMENT","","74046432.0000","MicrosoftAccount\hocvienbimat@gmail.com","6/1/2026 10:28:56 PM"
"115","Franchise","RevenueShareSettlement","58","INSERT","","Approved","MicrosoftAccount\hocvienbimat@gmail.com","6/1/2026 10:28:56 PM"
"116","Franchise","RevenueShareSettlement","58","SETTLEMENT","","77469332.0000","MicrosoftAccount\hocvienbimat@gmail.com","6/1/2026 10:28:56 PM"
"117","Franchise","RevenueShareSettlement","59","INSERT","","Approved","MicrosoftAccount\hocvienbimat@gmail.com","6/1/2026 10:28:56 PM"
"118","Franchise","RevenueShareSettlement","59","SETTLEMENT","","76463700.2500","MicrosoftAccount\hocvienbimat@gmail.com","6/1/2026 10:28:56 PM"
"119","Franchise","RevenueShareSettlement","60","INSERT","","Approved","MicrosoftAccount\hocvienbimat@gmail.com","6/1/2026 10:28:56 PM"
"120","Franchise","RevenueShareSettlement","60","SETTLEMENT","","103041552.5000","MicrosoftAccount\hocvienbimat@gmail.com","6/1/2026 10:28:56 PM"
"121","Franchise","RevenueShareSettlement","61","INSERT","","Approved","MicrosoftAccount\hocvienbimat@gmail.com","6/1/2026 10:28:56 PM"
"122","Franchise","RevenueShareSettlement","61","SETTLEMENT","","66972295.5000","MicrosoftAccount\hocvienbimat@gmail.com","6/1/2026 10:28:56 PM"
"123","Franchise","RevenueShareSettlement","62","INSERT","","Approved","MicrosoftAccount\hocvienbimat@gmail.com","6/1/2026 10:28:56 PM"
"124","Franchise","RevenueShareSettlement","62","SETTLEMENT","","214802661.6500","MicrosoftAccount\hocvienbimat@gmail.com","6/1/2026 10:28:56 PM"
"125","Franchise","RevenueShareSettlement","63","INSERT","","Approved","MicrosoftAccount\hocvienbimat@gmail.com","6/1/2026 10:28:56 PM"
"126","Franchise","RevenueShareSettlement","63","SETTLEMENT","","222639359.8000","MicrosoftAccount\hocvienbimat@gmail.com","6/1/2026 10:28:56 PM"
"127","Franchise","RevenueShareSettlement","64","INSERT","","Approved","MicrosoftAccount\hocvienbimat@gmail.com","6/1/2026 10:28:56 PM"
"128","Franchise","RevenueShareSettlement","64","SETTLEMENT","","49295189.2000","MicrosoftAccount\hocvienbimat@gmail.com","6/1/2026 10:28:56 PM"
"129","Franchise","RevenueShareSettlement","65","INSERT","","Approved","MicrosoftAccount\hocvienbimat@gmail.com","6/1/2026 10:28:56 PM"
"130","Franchise","RevenueShareSettlement","65","SETTLEMENT","","47470822.3000","MicrosoftAccount\hocvienbimat@gmail.com","6/1/2026 10:28:56 PM"
"131","Franchise","RevenueShareSettlement","66","INSERT","","Approved","MicrosoftAccount\hocvienbimat@gmail.com","6/1/2026 10:28:56 PM"
"132","Franchise","RevenueShareSettlement","66","SETTLEMENT","","42962604.0500","MicrosoftAccount\hocvienbimat@gmail.com","6/1/2026 10:28:56 PM"
"133","Franchise","RevenueShareSettlement","67","INSERT","","Approved","MicrosoftAccount\hocvienbimat@gmail.com","6/1/2026 10:28:56 PM"
"134","Franchise","RevenueShareSettlement","67","SETTLEMENT","","53958862.1000","MicrosoftAccount\hocvienbimat@gmail.com","6/1/2026 10:28:56 PM"
"135","Franchise","RevenueShareSettlement","68","INSERT","","Approved","MicrosoftAccount\hocvienbimat@gmail.com","6/1/2026 10:28:56 PM"
"136","Franchise","RevenueShareSettlement","68","SETTLEMENT","","86772276.0000","MicrosoftAccount\hocvienbimat@gmail.com","6/1/2026 10:28:56 PM"
"137","Franchise","RevenueShareSettlement","69","INSERT","","Approved","MicrosoftAccount\hocvienbimat@gmail.com","6/1/2026 10:28:56 PM"
"138","Franchise","RevenueShareSettlement","69","SETTLEMENT","","57907789.5000","MicrosoftAccount\hocvienbimat@gmail.com","6/1/2026 10:28:56 PM"
"139","Franchise","RevenueShareSettlement","70","INSERT","","Approved","MicrosoftAccount\hocvienbimat@gmail.com","6/1/2026 10:28:56 PM"
"140","Franchise","RevenueShareSettlement","70","SETTLEMENT","","91743039.0000","MicrosoftAccount\hocvienbimat@gmail.com","6/1/2026 10:28:56 PM"
"141","Franchise","RevenueShareSettlement","71","INSERT","","Approved","MicrosoftAccount\hocvienbimat@gmail.com","6/1/2026 10:28:56 PM"
"142","Franchise","RevenueShareSettlement","71","SETTLEMENT","","57429581.0000","MicrosoftAccount\hocvienbimat@gmail.com","6/1/2026 10:28:56 PM"
"143","Franchise","RevenueShareSettlement","72","INSERT","","Approved","MicrosoftAccount\hocvienbimat@gmail.com","6/1/2026 10:28:56 PM"
"144","Franchise","RevenueShareSettlement","72","SETTLEMENT","","74532304.7500","MicrosoftAccount\hocvienbimat@gmail.com","6/1/2026 10:28:56 PM"
"145","Franchise","RevenueShareSettlement","73","INSERT","","Approved","MicrosoftAccount\hocvienbimat@gmail.com","6/1/2026 10:28:56 PM"
"146","Franchise","RevenueShareSettlement","73","SETTLEMENT","","77622219.8000","MicrosoftAccount\hocvienbimat@gmail.com","6/1/2026 10:28:56 PM"
"147","Franchise","RevenueShareSettlement","74","INSERT","","Approved","MicrosoftAccount\hocvienbimat@gmail.com","6/1/2026 10:28:56 PM"
"148","Franchise","RevenueShareSettlement","74","SETTLEMENT","","76572192.5000","MicrosoftAccount\hocvienbimat@gmail.com","6/1/2026 10:28:56 PM"
"149","Franchise","RevenueShareSettlement","75","INSERT","","Approved","MicrosoftAccount\hocvienbimat@gmail.com","6/1/2026 10:28:56 PM"
"150","Franchise","RevenueShareSettlement","75","SETTLEMENT","","103259155.0000","MicrosoftAccount\hocvienbimat@gmail.com","6/1/2026 10:28:56 PM"
"151","Franchise","RevenueShareSettlement","76","INSERT","","Approved","MicrosoftAccount\hocvienbimat@gmail.com","6/1/2026 10:28:56 PM"
"152","Franchise","RevenueShareSettlement","76","SETTLEMENT","","66872389.5000","MicrosoftAccount\hocvienbimat@gmail.com","6/1/2026 10:28:56 PM"
"153","Franchise","RevenueShareSettlement","77","INSERT","","Approved","MicrosoftAccount\hocvienbimat@gmail.com","6/1/2026 10:28:56 PM"
"154","Franchise","RevenueShareSettlement","77","SETTLEMENT","","214818477.0500","MicrosoftAccount\hocvienbimat@gmail.com","6/1/2026 10:28:56 PM"
"155","Franchise","RevenueShareSettlement","78","INSERT","","Approved","MicrosoftAccount\hocvienbimat@gmail.com","6/1/2026 10:28:56 PM"
"156","Franchise","RevenueShareSettlement","78","SETTLEMENT","","222365883.9000","MicrosoftAccount\hocvienbimat@gmail.com","6/1/2026 10:28:56 PM"
"157","Franchise","RevenueShareSettlement","79","INSERT","","Approved","MicrosoftAccount\hocvienbimat@gmail.com","6/1/2026 10:28:56 PM"
"158","Franchise","RevenueShareSettlement","79","SETTLEMENT","","48912440.0500","MicrosoftAccount\hocvienbimat@gmail.com","6/1/2026 10:28:56 PM"
"159","Franchise","RevenueShareSettlement","80","INSERT","","Approved","MicrosoftAccount\hocvienbimat@gmail.com","6/1/2026 10:28:56 PM"
"160","Franchise","RevenueShareSettlement","80","SETTLEMENT","","47828225.8500","MicrosoftAccount\hocvienbimat@gmail.com","6/1/2026 10:28:56 PM"
"161","Franchise","RevenueShareSettlement","81","INSERT","","Approved","MicrosoftAccount\hocvienbimat@gmail.com","6/1/2026 10:28:56 PM"
"162","Franchise","RevenueShareSettlement","81","SETTLEMENT","","43003023.4500","MicrosoftAccount\hocvienbimat@gmail.com","6/1/2026 10:28:56 PM"
"163","Franchise","RevenueShareSettlement","82","INSERT","","Approved","MicrosoftAccount\hocvienbimat@gmail.com","6/1/2026 10:28:56 PM"
"164","Franchise","RevenueShareSettlement","82","SETTLEMENT","","54314645.0500","MicrosoftAccount\hocvienbimat@gmail.com","6/1/2026 10:28:56 PM"
"165","Franchise","RevenueShareSettlement","83","INSERT","","Approved","MicrosoftAccount\hocvienbimat@gmail.com","6/1/2026 10:28:56 PM"
"166","Franchise","RevenueShareSettlement","83","SETTLEMENT","","86988794.7500","MicrosoftAccount\hocvienbimat@gmail.com","6/1/2026 10:28:56 PM"
"167","Franchise","RevenueShareSettlement","84","INSERT","","Approved","MicrosoftAccount\hocvienbimat@gmail.com","6/1/2026 10:28:56 PM"
"168","Franchise","RevenueShareSettlement","84","SETTLEMENT","","58694118.5000","MicrosoftAccount\hocvienbimat@gmail.com","6/1/2026 10:28:56 PM"
"169","Franchise","RevenueShareSettlement","85","INSERT","","Approved","MicrosoftAccount\hocvienbimat@gmail.com","6/1/2026 10:28:56 PM"
"170","Franchise","RevenueShareSettlement","85","SETTLEMENT","","91833142.5000","MicrosoftAccount\hocvienbimat@gmail.com","6/1/2026 10:28:56 PM"
"171","Franchise","RevenueShareSettlement","86","INSERT","","Approved","MicrosoftAccount\hocvienbimat@gmail.com","6/1/2026 10:28:56 PM"
"172","Franchise","RevenueShareSettlement","86","SETTLEMENT","","57053082.1000","MicrosoftAccount\hocvienbimat@gmail.com","6/1/2026 10:28:56 PM"
"173","Franchise","RevenueShareSettlement","87","INSERT","","Approved","MicrosoftAccount\hocvienbimat@gmail.com","6/1/2026 10:28:56 PM"
"174","Franchise","RevenueShareSettlement","87","SETTLEMENT","","74331276.5000","MicrosoftAccount\hocvienbimat@gmail.com","6/1/2026 10:28:56 PM"
"175","Franchise","RevenueShareSettlement","88","INSERT","","Approved","MicrosoftAccount\hocvienbimat@gmail.com","6/1/2026 10:28:56 PM"
"176","Franchise","RevenueShareSettlement","88","SETTLEMENT","","77797215.8000","MicrosoftAccount\hocvienbimat@gmail.com","6/1/2026 10:28:56 PM"
"177","Franchise","RevenueShareSettlement","89","INSERT","","Approved","MicrosoftAccount\hocvienbimat@gmail.com","6/1/2026 10:28:57 PM"
"178","Franchise","RevenueShareSettlement","89","SETTLEMENT","","76354804.0000","MicrosoftAccount\hocvienbimat@gmail.com","6/1/2026 10:28:57 PM"
"179","Franchise","RevenueShareSettlement","90","INSERT","","Approved","MicrosoftAccount\hocvienbimat@gmail.com","6/1/2026 10:28:57 PM"
"180","Franchise","RevenueShareSettlement","90","SETTLEMENT","","102855600.0000","MicrosoftAccount\hocvienbimat@gmail.com","6/1/2026 10:28:57 PM"
"181","Franchise","RevenueShareSettlement","91","INSERT","","Approved","MicrosoftAccount\hocvienbimat@gmail.com","6/1/2026 10:28:57 PM"
"182","Franchise","RevenueShareSettlement","91","SETTLEMENT","","66747493.3000","MicrosoftAccount\hocvienbimat@gmail.com","6/1/2026 10:28:57 PM"
"183","Franchise","RevenueShareSettlement","92","INSERT","","Approved","MicrosoftAccount\hocvienbimat@gmail.com","6/1/2026 10:28:57 PM"
"184","Franchise","RevenueShareSettlement","92","SETTLEMENT","","214696597.8000","MicrosoftAccount\hocvienbimat@gmail.com","6/1/2026 10:28:57 PM"
"185","Franchise","RevenueShareSettlement","93","INSERT","","Approved","MicrosoftAccount\hocvienbimat@gmail.com","6/1/2026 10:28:57 PM"
"186","Franchise","RevenueShareSettlement","93","SETTLEMENT","","223125587.4000","MicrosoftAccount\hocvienbimat@gmail.com","6/1/2026 10:28:57 PM"
"187","Franchise","RevenueShareSettlement","94","INSERT","","Approved","MicrosoftAccount\hocvienbimat@gmail.com","6/1/2026 10:28:57 PM"
"188","Franchise","RevenueShareSettlement","94","SETTLEMENT","","48972998.0500","MicrosoftAccount\hocvienbimat@gmail.com","6/1/2026 10:28:57 PM"
"189","Franchise","RevenueShareSettlement","95","INSERT","","Approved","MicrosoftAccount\hocvienbimat@gmail.com","6/1/2026 10:28:57 PM"
"190","Franchise","RevenueShareSettlement","95","SETTLEMENT","","47639526.5500","MicrosoftAccount\hocvienbimat@gmail.com","6/1/2026 10:28:57 PM"
"191","Franchise","RevenueShareSettlement","96","INSERT","","Approved","MicrosoftAccount\hocvienbimat@gmail.com","6/1/2026 10:28:57 PM"
"192","Franchise","RevenueShareSettlement","96","SETTLEMENT","","43195433.3000","MicrosoftAccount\hocvienbimat@gmail.com","6/1/2026 10:28:57 PM"
"193","Franchise","RevenueShareSettlement","97","INSERT","","Approved","MicrosoftAccount\hocvienbimat@gmail.com","6/1/2026 10:28:57 PM"
"194","Franchise","RevenueShareSettlement","97","SETTLEMENT","","53759712.7000","MicrosoftAccount\hocvienbimat@gmail.com","6/1/2026 10:28:57 PM"
"195","Franchise","RevenueShareSettlement","98","INSERT","","Approved","MicrosoftAccount\hocvienbimat@gmail.com","6/1/2026 10:28:57 PM"
"196","Franchise","RevenueShareSettlement","98","SETTLEMENT","","87888646.2500","MicrosoftAccount\hocvienbimat@gmail.com","6/1/2026 10:28:57 PM"
"197","Franchise","RevenueShareSettlement","99","INSERT","","Approved","MicrosoftAccount\hocvienbimat@gmail.com","6/1/2026 10:28:57 PM"
"198","Franchise","RevenueShareSettlement","99","SETTLEMENT","","58810699.1000","MicrosoftAccount\hocvienbimat@gmail.com","6/1/2026 10:28:57 PM"
"199","Franchise","RevenueShareSettlement","100","INSERT","","Approved","MicrosoftAccount\hocvienbimat@gmail.com","6/1/2026 10:28:57 PM"
"200","Franchise","RevenueShareSettlement","100","SETTLEMENT","","91915751.5000","MicrosoftAccount\hocvienbimat@gmail.com","6/1/2026 10:28:57 PM"
"201","Franchise","RevenueShareSettlement","101","INSERT","","Approved","MicrosoftAccount\hocvienbimat@gmail.com","6/1/2026 10:28:57 PM"
"202","Franchise","RevenueShareSettlement","101","SETTLEMENT","","57582477.3000","MicrosoftAccount\hocvienbimat@gmail.com","6/1/2026 10:28:57 PM"
"203","Franchise","RevenueShareSettlement","102","INSERT","","Approved","MicrosoftAccount\hocvienbimat@gmail.com","6/1/2026 10:28:57 PM"
"204","Franchise","RevenueShareSettlement","102","SETTLEMENT","","74569724.2500","MicrosoftAccount\hocvienbimat@gmail.com","6/1/2026 10:28:57 PM"
"205","Franchise","RevenueShareSettlement","103","INSERT","","Approved","MicrosoftAccount\hocvienbimat@gmail.com","6/1/2026 10:28:57 PM"
"206","Franchise","RevenueShareSettlement","103","SETTLEMENT","","77367549.0000","MicrosoftAccount\hocvienbimat@gmail.com","6/1/2026 10:28:57 PM"
"207","Franchise","RevenueShareSettlement","104","INSERT","","Approved","MicrosoftAccount\hocvienbimat@gmail.com","6/1/2026 10:28:57 PM"
"208","Franchise","RevenueShareSettlement","104","SETTLEMENT","","76271609.2500","MicrosoftAccount\hocvienbimat@gmail.com","6/1/2026 10:28:57 PM"
"209","Franchise","RevenueShareSettlement","105","INSERT","","Approved","MicrosoftAccount\hocvienbimat@gmail.com","6/1/2026 10:28:57 PM"
"210","Franchise","RevenueShareSettlement","105","SETTLEMENT","","102660300.0000","MicrosoftAccount\hocvienbimat@gmail.com","6/1/2026 10:28:57 PM"
"211","Franchise","RevenueShareSettlement","106","INSERT","","Approved","MicrosoftAccount\hocvienbimat@gmail.com","6/1/2026 10:28:57 PM"
"212","Franchise","RevenueShareSettlement","106","SETTLEMENT","","66646299.8000","MicrosoftAccount\hocvienbimat@gmail.com","6/1/2026 10:28:57 PM"
"213","Franchise","RevenueShareSettlement","107","INSERT","","Approved","MicrosoftAccount\hocvienbimat@gmail.com","6/1/2026 10:28:57 PM"
"214","Franchise","RevenueShareSettlement","107","SETTLEMENT","","214935735.4000","MicrosoftAccount\hocvienbimat@gmail.com","6/1/2026 10:28:57 PM"
"215","Franchise","RevenueShareSettlement","108","INSERT","","Approved","MicrosoftAccount\hocvienbimat@gmail.com","6/1/2026 10:28:57 PM"
"216","Franchise","RevenueShareSettlement","108","SETTLEMENT","","223060709.7500","MicrosoftAccount\hocvienbimat@gmail.com","6/1/2026 10:28:57 PM"
"217","Franchise","RevenueShareSettlement","109","INSERT","","Approved","MicrosoftAccount\hocvienbimat@gmail.com","6/1/2026 10:28:57 PM"
"218","Franchise","RevenueShareSettlement","109","SETTLEMENT","","49078416.5000","MicrosoftAccount\hocvienbimat@gmail.com","6/1/2026 10:28:57 PM"
"219","Franchise","RevenueShareSettlement","110","INSERT","","Approved","MicrosoftAccount\hocvienbimat@gmail.com","6/1/2026 10:28:57 PM"
"220","Franchise","RevenueShareSettlement","110","SETTLEMENT","","47816710.4500","MicrosoftAccount\hocvienbimat@gmail.com","6/1/2026 10:28:57 PM"
"221","Franchise","RevenueShareSettlement","111","INSERT","","Approved","MicrosoftAccount\hocvienbimat@gmail.com","6/1/2026 10:28:57 PM"
"222","Franchise","RevenueShareSettlement","111","SETTLEMENT","","42908616.0500","MicrosoftAccount\hocvienbimat@gmail.com","6/1/2026 10:28:57 PM"
"223","Franchise","RevenueShareSettlement","112","INSERT","","Approved","MicrosoftAccount\hocvienbimat@gmail.com","6/1/2026 10:28:57 PM"
"224","Franchise","RevenueShareSettlement","112","SETTLEMENT","","53845289.1000","MicrosoftAccount\hocvienbimat@gmail.com","6/1/2026 10:28:57 PM"
"225","Franchise","RevenueShareSettlement","113","INSERT","","Approved","MicrosoftAccount\hocvienbimat@gmail.com","6/1/2026 10:28:57 PM"
"226","Franchise","RevenueShareSettlement","113","SETTLEMENT","","87507029.5000","MicrosoftAccount\hocvienbimat@gmail.com","6/1/2026 10:28:57 PM"
"227","Franchise","RevenueShareSettlement","114","INSERT","","Approved","MicrosoftAccount\hocvienbimat@gmail.com","6/1/2026 10:28:57 PM"
"228","Franchise","RevenueShareSettlement","114","SETTLEMENT","","58654622.6000","MicrosoftAccount\hocvienbimat@gmail.com","6/1/2026 10:28:57 PM"
"229","Franchise","RevenueShareSettlement","115","INSERT","","Approved","MicrosoftAccount\hocvienbimat@gmail.com","6/1/2026 10:28:57 PM"
"230","Franchise","RevenueShareSettlement","115","SETTLEMENT","","92078031.5000","MicrosoftAccount\hocvienbimat@gmail.com","6/1/2026 10:28:57 PM"
"231","Franchise","RevenueShareSettlement","116","INSERT","","Approved","MicrosoftAccount\hocvienbimat@gmail.com","6/1/2026 10:28:57 PM"
"232","Franchise","RevenueShareSettlement","116","SETTLEMENT","","57565199.5000","MicrosoftAccount\hocvienbimat@gmail.com","6/1/2026 10:28:57 PM"
"233","Franchise","RevenueShareSettlement","117","INSERT","","Approved","MicrosoftAccount\hocvienbimat@gmail.com","6/1/2026 10:28:57 PM"
"234","Franchise","RevenueShareSettlement","117","SETTLEMENT","","74297647.7500","MicrosoftAccount\hocvienbimat@gmail.com","6/1/2026 10:28:57 PM"
"235","Franchise","RevenueShareSettlement","118","INSERT","","Approved","MicrosoftAccount\hocvienbimat@gmail.com","6/1/2026 10:28:57 PM"
"236","Franchise","RevenueShareSettlement","118","SETTLEMENT","","77096511.5000","MicrosoftAccount\hocvienbimat@gmail.com","6/1/2026 10:28:57 PM"
"237","Franchise","RevenueShareSettlement","119","INSERT","","Approved","MicrosoftAccount\hocvienbimat@gmail.com","6/1/2026 10:28:57 PM"
"238","Franchise","RevenueShareSettlement","119","SETTLEMENT","","76437458.2500","MicrosoftAccount\hocvienbimat@gmail.com","6/1/2026 10:28:57 PM"
"239","Franchise","RevenueShareSettlement","120","INSERT","","Approved","MicrosoftAccount\hocvienbimat@gmail.com","6/1/2026 10:28:57 PM"
"240","Franchise","RevenueShareSettlement","120","SETTLEMENT","","102417320.0000","MicrosoftAccount\hocvienbimat@gmail.com","6/1/2026 10:28:57 PM"
"241","Franchise","RevenueShareSettlement","121","INSERT","","Approved","MicrosoftAccount\hocvienbimat@gmail.com","6/1/2026 10:28:57 PM"
"242","Franchise","RevenueShareSettlement","121","SETTLEMENT","","66996649.5000","MicrosoftAccount\hocvienbimat@gmail.com","6/1/2026 10:28:57 PM"
"243","Franchise","RevenueShareSettlement","122","INSERT","","Approved","MicrosoftAccount\hocvienbimat@gmail.com","6/1/2026 10:28:57 PM"
"244","Franchise","RevenueShareSettlement","122","SETTLEMENT","","214466945.1000","MicrosoftAccount\hocvienbimat@gmail.com","6/1/2026 10:28:57 PM"
"245","Franchise","RevenueShareSettlement","123","INSERT","","Approved","MicrosoftAccount\hocvienbimat@gmail.com","6/1/2026 10:28:57 PM"
"246","Franchise","RevenueShareSettlement","123","SETTLEMENT","","223157393.0500","MicrosoftAccount\hocvienbimat@gmail.com","6/1/2026 10:28:57 PM"
"247","Franchise","RevenueShareSettlement","124","INSERT","","Approved","MicrosoftAccount\hocvienbimat@gmail.com","6/1/2026 10:28:57 PM"
"248","Franchise","RevenueShareSettlement","124","SETTLEMENT","","49262058.2500","MicrosoftAccount\hocvienbimat@gmail.com","6/1/2026 10:28:57 PM"
"249","Franchise","RevenueShareSettlement","125","INSERT","","Approved","MicrosoftAccount\hocvienbimat@gmail.com","6/1/2026 10:28:57 PM"
"250","Franchise","RevenueShareSettlement","125","SETTLEMENT","","47577342.1000","MicrosoftAccount\hocvienbimat@gmail.com","6/1/2026 10:28:57 PM"
"251","Franchise","RevenueShareSettlement","126","INSERT","","Approved","MicrosoftAccount\hocvienbimat@gmail.com","6/1/2026 10:28:57 PM"
"252","Franchise","RevenueShareSettlement","126","SETTLEMENT","","42967861.7500","MicrosoftAccount\hocvienbimat@gmail.com","6/1/2026 10:28:57 PM"
"253","Franchise","RevenueShareSettlement","127","INSERT","","Approved","MicrosoftAccount\hocvienbimat@gmail.com","6/1/2026 10:28:57 PM"
"254","Franchise","RevenueShareSettlement","127","SETTLEMENT","","53977833.1000","MicrosoftAccount\hocvienbimat@gmail.com","6/1/2026 10:28:57 PM"
"255","Franchise","RevenueShareSettlement","128","INSERT","","Approved","MicrosoftAccount\hocvienbimat@gmail.com","6/1/2026 10:28:57 PM"
"256","Franchise","RevenueShareSettlement","128","SETTLEMENT","","87023345.5000","MicrosoftAccount\hocvienbimat@gmail.com","6/1/2026 10:28:57 PM"
"257","Franchise","RevenueShareSettlement","129","INSERT","","Approved","MicrosoftAccount\hocvienbimat@gmail.com","6/1/2026 10:28:57 PM"
"258","Franchise","RevenueShareSettlement","129","SETTLEMENT","","58258595.2000","MicrosoftAccount\hocvienbimat@gmail.com","6/1/2026 10:28:57 PM"
"259","Franchise","RevenueShareSettlement","130","INSERT","","Approved","MicrosoftAccount\hocvienbimat@gmail.com","6/1/2026 10:28:57 PM"
"260","Franchise","RevenueShareSettlement","130","SETTLEMENT","","91676719.5000","MicrosoftAccount\hocvienbimat@gmail.com","6/1/2026 10:28:57 PM"
"261","Franchise","RevenueShareSettlement","131","INSERT","","Approved","MicrosoftAccount\hocvienbimat@gmail.com","6/1/2026 10:28:57 PM"
"262","Franchise","RevenueShareSettlement","131","SETTLEMENT","","57195391.8000","MicrosoftAccount\hocvienbimat@gmail.com","6/1/2026 10:28:57 PM"
"263","Franchise","RevenueShareSettlement","132","INSERT","","Approved","MicrosoftAccount\hocvienbimat@gmail.com","6/1/2026 10:28:57 PM"
"264","Franchise","RevenueShareSettlement","132","SETTLEMENT","","74384933.5000","MicrosoftAccount\hocvienbimat@gmail.com","6/1/2026 10:28:57 PM"
"265","Franchise","RevenueShareSettlement","133","INSERT","","Approved","MicrosoftAccount\hocvienbimat@gmail.com","6/1/2026 10:28:57 PM"
"266","Franchise","RevenueShareSettlement","133","SETTLEMENT","","77720135.3000","MicrosoftAccount\hocvienbimat@gmail.com","6/1/2026 10:28:57 PM"
"267","Franchise","RevenueShareSettlement","134","INSERT","","Approved","MicrosoftAccount\hocvienbimat@gmail.com","6/1/2026 10:28:57 PM"
"268","Franchise","RevenueShareSettlement","134","SETTLEMENT","","76494296.2500","MicrosoftAccount\hocvienbimat@gmail.com","6/1/2026 10:28:57 PM"
"269","Franchise","RevenueShareSettlement","135","INSERT","","Approved","MicrosoftAccount\hocvienbimat@gmail.com","6/1/2026 10:28:57 PM"
"270","Franchise","RevenueShareSettlement","135","SETTLEMENT","","103024650.0000","MicrosoftAccount\hocvienbimat@gmail.com","6/1/2026 10:28:57 PM"
"271","Franchise","RevenueShareSettlement","136","INSERT","","Approved","MicrosoftAccount\hocvienbimat@gmail.com","6/1/2026 10:28:57 PM"
"272","Franchise","RevenueShareSettlement","136","SETTLEMENT","","66868436.7500","MicrosoftAccount\hocvienbimat@gmail.com","6/1/2026 10:28:57 PM"
"273","Franchise","RevenueShareSettlement","137","INSERT","","Approved","MicrosoftAccount\hocvienbimat@gmail.com","6/1/2026 10:28:57 PM"
"274","Franchise","RevenueShareSettlement","137","SETTLEMENT","","214363982.5500","MicrosoftAccount\hocvienbimat@gmail.com","6/1/2026 10:28:57 PM"
"275","Franchise","RevenueShareSettlement","138","INSERT","","Approved","MicrosoftAccount\hocvienbimat@gmail.com","6/1/2026 10:28:57 PM"
"276","Franchise","RevenueShareSettlement","138","SETTLEMENT","","222108398.4500","MicrosoftAccount\hocvienbimat@gmail.com","6/1/2026 10:28:57 PM"
"277","Franchise","RevenueShareSettlement","139","INSERT","","Approved","MicrosoftAccount\hocvienbimat@gmail.com","6/1/2026 10:28:57 PM"
"278","Franchise","RevenueShareSettlement","139","SETTLEMENT","","48849397.5500","MicrosoftAccount\hocvienbimat@gmail.com","6/1/2026 10:28:57 PM"
"279","Franchise","RevenueShareSettlement","140","INSERT","","Approved","MicrosoftAccount\hocvienbimat@gmail.com","6/1/2026 10:28:57 PM"
"280","Franchise","RevenueShareSettlement","140","SETTLEMENT","","47737965.3500","MicrosoftAccount\hocvienbimat@gmail.com","6/1/2026 10:28:57 PM"
"281","Franchise","RevenueShareSettlement","141","INSERT","","Approved","MicrosoftAccount\hocvienbimat@gmail.com","6/1/2026 10:28:57 PM"
"282","Franchise","RevenueShareSettlement","141","SETTLEMENT","","43259765.7500","MicrosoftAccount\hocvienbimat@gmail.com","6/1/2026 10:28:57 PM"
"283","Franchise","RevenueShareSettlement","142","INSERT","","Approved","MicrosoftAccount\hocvienbimat@gmail.com","6/1/2026 10:28:57 PM"
"284","Franchise","RevenueShareSettlement","142","SETTLEMENT","","54352655.9500","MicrosoftAccount\hocvienbimat@gmail.com","6/1/2026 10:28:57 PM"
"285","Franchise","RevenueShareSettlement","143","INSERT","","Approved","MicrosoftAccount\hocvienbimat@gmail.com","6/1/2026 10:28:57 PM"
"286","Franchise","RevenueShareSettlement","143","SETTLEMENT","","87421655.2500","MicrosoftAccount\hocvienbimat@gmail.com","6/1/2026 10:28:57 PM"
"287","Franchise","RevenueShareSettlement","144","INSERT","","Approved","MicrosoftAccount\hocvienbimat@gmail.com","6/1/2026 10:28:57 PM"
"288","Franchise","RevenueShareSettlement","144","SETTLEMENT","","58324848.3000","MicrosoftAccount\hocvienbimat@gmail.com","6/1/2026 10:28:57 PM"
"289","Franchise","RevenueShareSettlement","145","INSERT","","Approved","MicrosoftAccount\hocvienbimat@gmail.com","6/1/2026 10:28:57 PM"
"290","Franchise","RevenueShareSettlement","145","SETTLEMENT","","92066450.0000","MicrosoftAccount\hocvienbimat@gmail.com","6/1/2026 10:28:57 PM"
"291","Franchise","RevenueShareSettlement","146","INSERT","","Approved","MicrosoftAccount\hocvienbimat@gmail.com","6/1/2026 10:28:57 PM"
"292","Franchise","RevenueShareSettlement","146","SETTLEMENT","","57204990.1000","MicrosoftAccount\hocvienbimat@gmail.com","6/1/2026 10:28:57 PM"
"293","Franchise","RevenueShareSettlement","147","INSERT","","Approved","MicrosoftAccount\hocvienbimat@gmail.com","6/1/2026 10:28:57 PM"
"294","Franchise","RevenueShareSettlement","147","SETTLEMENT","","74266960.7500","MicrosoftAccount\hocvienbimat@gmail.com","6/1/2026 10:28:57 PM"
"295","Franchise","RevenueShareSettlement","148","INSERT","","Approved","MicrosoftAccount\hocvienbimat@gmail.com","6/1/2026 10:28:57 PM"
"296","Franchise","RevenueShareSettlement","148","SETTLEMENT","","77720235.8000","MicrosoftAccount\hocvienbimat@gmail.com","6/1/2026 10:28:57 PM"
"297","Franchise","RevenueShareSettlement","149","INSERT","","Approved","MicrosoftAccount\hocvienbimat@gmail.com","6/1/2026 10:28:57 PM"
"298","Franchise","RevenueShareSettlement","149","SETTLEMENT","","76263133.5000","MicrosoftAccount\hocvienbimat@gmail.com","6/1/2026 10:28:57 PM"
"299","Franchise","RevenueShareSettlement","150","INSERT","","Approved","MicrosoftAccount\hocvienbimat@gmail.com","6/1/2026 10:28:57 PM"
"300","Franchise","RevenueShareSettlement","150","SETTLEMENT","","102996912.5000","MicrosoftAccount\hocvienbimat@gmail.com","6/1/2026 10:28:57 PM"
"301","Franchise","RevenueShareSettlement","151","INSERT","","Approved","MicrosoftAccount\hocvienbimat@gmail.com","6/1/2026 10:28:57 PM"
"302","Franchise","RevenueShareSettlement","151","SETTLEMENT","","66643993.8000","MicrosoftAccount\hocvienbimat@gmail.com","6/1/2026 10:28:57 PM"
"303","Franchise","RevenueShareSettlement","152","INSERT","","Approved","MicrosoftAccount\hocvienbimat@gmail.com","6/1/2026 10:28:57 PM"
"304","Franchise","RevenueShareSettlement","152","SETTLEMENT","","215057427.3500","MicrosoftAccount\hocvienbimat@gmail.com","6/1/2026 10:28:57 PM"
"305","Franchise","RevenueShareSettlement","153","INSERT","","Approved","MicrosoftAccount\hocvienbimat@gmail.com","6/1/2026 10:28:57 PM"
"306","Franchise","RevenueShareSettlement","153","SETTLEMENT","","223524087.8500","MicrosoftAccount\hocvienbimat@gmail.com","6/1/2026 10:28:57 PM"
"307","Franchise","RevenueShareSettlement","154","INSERT","","Approved","MicrosoftAccount\hocvienbimat@gmail.com","6/1/2026 10:28:57 PM"
"308","Franchise","RevenueShareSettlement","154","SETTLEMENT","","49207023.0500","MicrosoftAccount\hocvienbimat@gmail.com","6/1/2026 10:28:57 PM"
"309","Franchise","RevenueShareSettlement","155","INSERT","","Approved","MicrosoftAccount\hocvienbimat@gmail.com","6/1/2026 10:28:57 PM"
"310","Franchise","RevenueShareSettlement","155","SETTLEMENT","","47538587.4500","MicrosoftAccount\hocvienbimat@gmail.com","6/1/2026 10:28:57 PM"
"311","Franchise","RevenueShareSettlement","156","INSERT","","Approved","MicrosoftAccount\hocvienbimat@gmail.com","6/1/2026 10:28:57 PM"
"312","Franchise","RevenueShareSettlement","156","SETTLEMENT","","42787120.8000","MicrosoftAccount\hocvienbimat@gmail.com","6/1/2026 10:28:57 PM"
"313","Franchise","RevenueShareSettlement","157","INSERT","","Approved","MicrosoftAccount\hocvienbimat@gmail.com","6/1/2026 10:28:57 PM"
"314","Franchise","RevenueShareSettlement","157","SETTLEMENT","","53745717.5500","MicrosoftAccount\hocvienbimat@gmail.com","6/1/2026 10:28:57 PM"
"315","Franchise","RevenueShareSettlement","158","INSERT","","Approved","MicrosoftAccount\hocvienbimat@gmail.com","6/1/2026 10:28:57 PM"
"316","Franchise","RevenueShareSettlement","158","SETTLEMENT","","87483620.0000","MicrosoftAccount\hocvienbimat@gmail.com","6/1/2026 10:28:57 PM"
"317","Franchise","RevenueShareSettlement","159","INSERT","","Approved","MicrosoftAccount\hocvienbimat@gmail.com","6/1/2026 10:28:57 PM"
"318","Franchise","RevenueShareSettlement","159","SETTLEMENT","","58849545.6000","MicrosoftAccount\hocvienbimat@gmail.com","6/1/2026 10:28:57 PM"
"319","Franchise","RevenueShareSettlement","160","INSERT","","Approved","MicrosoftAccount\hocvienbimat@gmail.com","6/1/2026 10:28:57 PM"
"320","Franchise","RevenueShareSettlement","160","SETTLEMENT","","91579809.7500","MicrosoftAccount\hocvienbimat@gmail.com","6/1/2026 10:28:57 PM"
"321","Franchise","RevenueShareSettlement","161","INSERT","","Approved","MicrosoftAccount\hocvienbimat@gmail.com","6/1/2026 10:28:57 PM"
"322","Franchise","RevenueShareSettlement","161","SETTLEMENT","","57861476.6000","MicrosoftAccount\hocvienbimat@gmail.com","6/1/2026 10:28:57 PM"
"323","Franchise","RevenueShareSettlement","162","INSERT","","Approved","MicrosoftAccount\hocvienbimat@gmail.com","6/1/2026 10:28:57 PM"
"324","Franchise","RevenueShareSettlement","162","SETTLEMENT","","74532221.7500","MicrosoftAccount\hocvienbimat@gmail.com","6/1/2026 10:28:57 PM"
"325","Franchise","RevenueShareSettlement","163","INSERT","","Approved","MicrosoftAccount\hocvienbimat@gmail.com","6/1/2026 10:28:57 PM"
"326","Franchise","RevenueShareSettlement","163","SETTLEMENT","","77423012.7000","MicrosoftAccount\hocvienbimat@gmail.com","6/1/2026 10:28:57 PM"
"327","Franchise","RevenueShareSettlement","164","INSERT","","Approved","MicrosoftAccount\hocvienbimat@gmail.com","6/1/2026 10:28:57 PM"
"328","Franchise","RevenueShareSettlement","164","SETTLEMENT","","76371252.2500","MicrosoftAccount\hocvienbimat@gmail.com","6/1/2026 10:28:57 PM"
"329","Franchise","RevenueShareSettlement","165","INSERT","","Approved","MicrosoftAccount\hocvienbimat@gmail.com","6/1/2026 10:28:57 PM"
"330","Franchise","RevenueShareSettlement","165","SETTLEMENT","","102684175.0000","MicrosoftAccount\hocvienbimat@gmail.com","6/1/2026 10:28:57 PM"
"331","Franchise","RevenueShareSettlement","166","INSERT","","Approved","MicrosoftAccount\hocvienbimat@gmail.com","6/1/2026 10:28:57 PM"
"332","Franchise","RevenueShareSettlement","166","SETTLEMENT","","66677816.5500","MicrosoftAccount\hocvienbimat@gmail.com","6/1/2026 10:28:57 PM"
"333","Franchise","RevenueShareSettlement","167","INSERT","","Approved","MicrosoftAccount\hocvienbimat@gmail.com","6/1/2026 10:28:57 PM"
"334","Franchise","RevenueShareSettlement","167","SETTLEMENT","","215166937.3500","MicrosoftAccount\hocvienbimat@gmail.com","6/1/2026 10:28:57 PM"
"335","Franchise","RevenueShareSettlement","168","INSERT","","Approved","MicrosoftAccount\hocvienbimat@gmail.com","6/1/2026 10:28:57 PM"
"336","Franchise","RevenueShareSettlement","168","SETTLEMENT","","222876730.7000","MicrosoftAccount\hocvienbimat@gmail.com","6/1/2026 10:28:57 PM"
"337","Franchise","RevenueShareSettlement","169","INSERT","","Approved","MicrosoftAccount\hocvienbimat@gmail.com","6/1/2026 10:28:57 PM"
"338","Franchise","RevenueShareSettlement","169","SETTLEMENT","","49123664.0000","MicrosoftAccount\hocvienbimat@gmail.com","6/1/2026 10:28:57 PM"
"339","Franchise","RevenueShareSettlement","170","INSERT","","Approved","MicrosoftAccount\hocvienbimat@gmail.com","6/1/2026 10:28:57 PM"
"340","Franchise","RevenueShareSettlement","170","SETTLEMENT","","47518373.3000","MicrosoftAccount\hocvienbimat@gmail.com","6/1/2026 10:28:57 PM"
"341","Franchise","RevenueShareSettlement","171","INSERT","","Approved","MicrosoftAccount\hocvienbimat@gmail.com","6/1/2026 10:28:57 PM"
"342","Franchise","RevenueShareSettlement","171","SETTLEMENT","","42852392.5500","MicrosoftAccount\hocvienbimat@gmail.com","6/1/2026 10:28:57 PM"
"343","Franchise","RevenueShareSettlement","172","INSERT","","Approved","MicrosoftAccount\hocvienbimat@gmail.com","6/1/2026 10:28:57 PM"
"344","Franchise","RevenueShareSettlement","172","SETTLEMENT","","53637126.8500","MicrosoftAccount\hocvienbimat@gmail.com","6/1/2026 10:28:57 PM"
"345","Franchise","RevenueShareSettlement","173","INSERT","","Approved","MicrosoftAccount\hocvienbimat@gmail.com","6/1/2026 10:28:57 PM"
"346","Franchise","RevenueShareSettlement","173","SETTLEMENT","","87604869.0000","MicrosoftAccount\hocvienbimat@gmail.com","6/1/2026 10:28:57 PM"
"347","Franchise","RevenueShareSettlement","174","INSERT","","Approved","MicrosoftAccount\hocvienbimat@gmail.com","6/1/2026 10:28:57 PM"
"348","Franchise","RevenueShareSettlement","174","SETTLEMENT","","58585173.3000","MicrosoftAccount\hocvienbimat@gmail.com","6/1/2026 10:28:57 PM"
"349","Franchise","RevenueShareSettlement","175","INSERT","","Approved","MicrosoftAccount\hocvienbimat@gmail.com","6/1/2026 10:28:57 PM"
"350","Franchise","RevenueShareSettlement","175","SETTLEMENT","","92312185.7500","MicrosoftAccount\hocvienbimat@gmail.com","6/1/2026 10:28:57 PM"
"351","Franchise","RevenueShareSettlement","176","INSERT","","Approved","MicrosoftAccount\hocvienbimat@gmail.com","6/1/2026 10:28:57 PM"
"352","Franchise","RevenueShareSettlement","176","SETTLEMENT","","57495518.0000","MicrosoftAccount\hocvienbimat@gmail.com","6/1/2026 10:28:57 PM"
"353","Franchise","RevenueShareSettlement","177","INSERT","","Approved","MicrosoftAccount\hocvienbimat@gmail.com","6/1/2026 10:28:57 PM"
"354","Franchise","RevenueShareSettlement","177","SETTLEMENT","","74395863.5000","MicrosoftAccount\hocvienbimat@gmail.com","6/1/2026 10:28:57 PM"
"355","Franchise","RevenueShareSettlement","178","INSERT","","Approved","MicrosoftAccount\hocvienbimat@gmail.com","6/1/2026 10:28:57 PM"
"356","Franchise","RevenueShareSettlement","178","SETTLEMENT","","77332407.8000","MicrosoftAccount\hocvienbimat@gmail.com","6/1/2026 10:28:57 PM"
"357","Franchise","RevenueShareSettlement","179","INSERT","","Approved","MicrosoftAccount\hocvienbimat@gmail.com","6/1/2026 10:28:57 PM"
"358","Franchise","RevenueShareSettlement","179","SETTLEMENT","","76551913.7500","MicrosoftAccount\hocvienbimat@gmail.com","6/1/2026 10:28:57 PM"
"359","Franchise","RevenueShareSettlement","180","INSERT","","Approved","MicrosoftAccount\hocvienbimat@gmail.com","6/1/2026 10:28:57 PM"
"360","Franchise","RevenueShareSettlement","180","SETTLEMENT","","102869792.5000","MicrosoftAccount\hocvienbimat@gmail.com","6/1/2026 10:28:57 PM"
"361","Franchise","RevenueShareSettlement","181","INSERT","","Approved","MicrosoftAccount\hocvienbimat@gmail.com","6/1/2026 10:28:57 PM"
"362","Franchise","RevenueShareSettlement","181","SETTLEMENT","","74445957.7000","MicrosoftAccount\hocvienbimat@gmail.com","6/1/2026 10:28:57 PM"
"363","Franchise","RevenueShareSettlement","182","INSERT","","Approved","MicrosoftAccount\hocvienbimat@gmail.com","6/1/2026 10:28:57 PM"
"364","Franchise","RevenueShareSettlement","182","SETTLEMENT","","237909224.6500","MicrosoftAccount\hocvienbimat@gmail.com","6/1/2026 10:28:57 PM"
"365","Franchise","RevenueShareSettlement","183","INSERT","","Approved","MicrosoftAccount\hocvienbimat@gmail.com","6/1/2026 10:28:57 PM"
"366","Franchise","RevenueShareSettlement","183","SETTLEMENT","","246904906.7000","MicrosoftAccount\hocvienbimat@gmail.com","6/1/2026 10:28:57 PM"
"367","Franchise","RevenueShareSettlement","184","INSERT","","Approved","MicrosoftAccount\hocvienbimat@gmail.com","6/1/2026 10:28:57 PM"
"368","Franchise","RevenueShareSettlement","184","SETTLEMENT","","54104878.2500","MicrosoftAccount\hocvienbimat@gmail.com","6/1/2026 10:28:57 PM"
"369","Franchise","RevenueShareSettlement","185","INSERT","","Approved","MicrosoftAccount\hocvienbimat@gmail.com","6/1/2026 10:28:57 PM"
"370","Franchise","RevenueShareSettlement","185","SETTLEMENT","","52906370.3500","MicrosoftAccount\hocvienbimat@gmail.com","6/1/2026 10:28:57 PM"
"371","Franchise","RevenueShareSettlement","186","INSERT","","Approved","MicrosoftAccount\hocvienbimat@gmail.com","6/1/2026 10:28:57 PM"
"372","Franchise","RevenueShareSettlement","186","SETTLEMENT","","47653173.0000","MicrosoftAccount\hocvienbimat@gmail.com","6/1/2026 10:28:57 PM"
"373","Franchise","RevenueShareSettlement","187","INSERT","","Approved","MicrosoftAccount\hocvienbimat@gmail.com","6/1/2026 10:28:57 PM"
"374","Franchise","RevenueShareSettlement","187","SETTLEMENT","","59903829.0500","MicrosoftAccount\hocvienbimat@gmail.com","6/1/2026 10:28:57 PM"
"375","Franchise","RevenueShareSettlement","188","INSERT","","Approved","MicrosoftAccount\hocvienbimat@gmail.com","6/1/2026 10:28:57 PM"
"376","Franchise","RevenueShareSettlement","188","SETTLEMENT","","96913659.2500","MicrosoftAccount\hocvienbimat@gmail.com","6/1/2026 10:28:57 PM"
"377","Franchise","RevenueShareSettlement","189","INSERT","","Approved","MicrosoftAccount\hocvienbimat@gmail.com","6/1/2026 10:28:57 PM"
"378","Franchise","RevenueShareSettlement","189","SETTLEMENT","","64767563.7000","MicrosoftAccount\hocvienbimat@gmail.com","6/1/2026 10:28:57 PM"
"379","Franchise","RevenueShareSettlement","190","INSERT","","Approved","MicrosoftAccount\hocvienbimat@gmail.com","6/1/2026 10:28:57 PM"
"380","Franchise","RevenueShareSettlement","190","SETTLEMENT","","101976324.5000","MicrosoftAccount\hocvienbimat@gmail.com","6/1/2026 10:28:57 PM"
"381","Franchise","RevenueShareSettlement","191","INSERT","","Approved","MicrosoftAccount\hocvienbimat@gmail.com","6/1/2026 10:28:57 PM"
"382","Franchise","RevenueShareSettlement","191","SETTLEMENT","","63600910.3000","MicrosoftAccount\hocvienbimat@gmail.com","6/1/2026 10:28:57 PM"
"383","Franchise","RevenueShareSettlement","192","INSERT","","Approved","MicrosoftAccount\hocvienbimat@gmail.com","6/1/2026 10:28:57 PM"
"384","Franchise","RevenueShareSettlement","192","SETTLEMENT","","82699102.2500","MicrosoftAccount\hocvienbimat@gmail.com","6/1/2026 10:28:57 PM"
"385","Franchise","RevenueShareSettlement","193","INSERT","","Approved","MicrosoftAccount\hocvienbimat@gmail.com","6/1/2026 10:28:57 PM"
"386","Franchise","RevenueShareSettlement","193","SETTLEMENT","","86422727.3000","MicrosoftAccount\hocvienbimat@gmail.com","6/1/2026 10:28:57 PM"
"387","Franchise","RevenueShareSettlement","194","INSERT","","Approved","MicrosoftAccount\hocvienbimat@gmail.com","6/1/2026 10:28:57 PM"
"388","Franchise","RevenueShareSettlement","194","SETTLEMENT","","84968082.0000","MicrosoftAccount\hocvienbimat@gmail.com","6/1/2026 10:28:57 PM"
"389","Franchise","RevenueShareSettlement","195","INSERT","","Approved","MicrosoftAccount\hocvienbimat@gmail.com","6/1/2026 10:28:57 PM"
"390","Franchise","RevenueShareSettlement","195","SETTLEMENT","","114299072.5000","MicrosoftAccount\hocvienbimat@gmail.com","6/1/2026 10:28:57 PM"
"391","Franchise","RevenueShareSettlement","196","INSERT","","Approved","MicrosoftAccount\hocvienbimat@gmail.com","6/1/2026 10:28:57 PM"
"392","Franchise","RevenueShareSettlement","196","SETTLEMENT","","74276296.3000","MicrosoftAccount\hocvienbimat@gmail.com","6/1/2026 10:28:57 PM"
"393","Franchise","RevenueShareSettlement","197","INSERT","","Approved","MicrosoftAccount\hocvienbimat@gmail.com","6/1/2026 10:28:57 PM"
"394","Franchise","RevenueShareSettlement","197","SETTLEMENT","","238694315.2500","MicrosoftAccount\hocvienbimat@gmail.com","6/1/2026 10:28:57 PM"
"395","Franchise","RevenueShareSettlement","198","INSERT","","Approved","MicrosoftAccount\hocvienbimat@gmail.com","6/1/2026 10:28:57 PM"
"396","Franchise","RevenueShareSettlement","198","SETTLEMENT","","248450496.4500","MicrosoftAccount\hocvienbimat@gmail.com","6/1/2026 10:28:57 PM"
"397","Franchise","RevenueShareSettlement","199","INSERT","","Approved","MicrosoftAccount\hocvienbimat@gmail.com","6/1/2026 10:28:57 PM"
"398","Franchise","RevenueShareSettlement","199","SETTLEMENT","","54738466.0500","MicrosoftAccount\hocvienbimat@gmail.com","6/1/2026 10:28:57 PM"
"399","Franchise","RevenueShareSettlement","200","INSERT","","Approved","MicrosoftAccount\hocvienbimat@gmail.com","6/1/2026 10:28:57 PM"
"400","Franchise","RevenueShareSettlement","200","SETTLEMENT","","52975408.3000","MicrosoftAccount\hocvienbimat@gmail.com","6/1/2026 10:28:57 PM"
"401","Franchise","RevenueShareSettlement","201","INSERT","","Approved","MicrosoftAccount\hocvienbimat@gmail.com","6/1/2026 10:28:57 PM"
"402","Franchise","RevenueShareSettlement","201","SETTLEMENT","","47823000.0000","MicrosoftAccount\hocvienbimat@gmail.com","6/1/2026 10:28:57 PM"
"403","Franchise","RevenueShareSettlement","202","INSERT","","Approved","MicrosoftAccount\hocvienbimat@gmail.com","6/1/2026 10:28:57 PM"
"404","Franchise","RevenueShareSettlement","202","SETTLEMENT","","60375931.0000","MicrosoftAccount\hocvienbimat@gmail.com","6/1/2026 10:28:57 PM"
"405","Franchise","RevenueShareSettlement","203","INSERT","","Approved","MicrosoftAccount\hocvienbimat@gmail.com","6/1/2026 10:28:57 PM"
"406","Franchise","RevenueShareSettlement","203","SETTLEMENT","","96868025.7500","MicrosoftAccount\hocvienbimat@gmail.com","6/1/2026 10:28:57 PM"
"407","Franchise","RevenueShareSettlement","204","INSERT","","Approved","MicrosoftAccount\hocvienbimat@gmail.com","6/1/2026 10:28:57 PM"
"408","Franchise","RevenueShareSettlement","204","SETTLEMENT","","64977211.6000","MicrosoftAccount\hocvienbimat@gmail.com","6/1/2026 10:28:57 PM"
"409","Franchise","RevenueShareSettlement","205","INSERT","","Approved","MicrosoftAccount\hocvienbimat@gmail.com","6/1/2026 10:28:57 PM"
"410","Franchise","RevenueShareSettlement","205","SETTLEMENT","","102300674.5000","MicrosoftAccount\hocvienbimat@gmail.com","6/1/2026 10:28:57 PM"
"411","Franchise","RevenueShareSettlement","206","INSERT","","Approved","MicrosoftAccount\hocvienbimat@gmail.com","6/1/2026 10:28:58 PM"
"412","Franchise","RevenueShareSettlement","206","SETTLEMENT","","64056567.6000","MicrosoftAccount\hocvienbimat@gmail.com","6/1/2026 10:28:58 PM"
"413","Franchise","RevenueShareSettlement","207","INSERT","","Approved","MicrosoftAccount\hocvienbimat@gmail.com","6/1/2026 10:28:58 PM"
"414","Franchise","RevenueShareSettlement","207","SETTLEMENT","","83005040.5000","MicrosoftAccount\hocvienbimat@gmail.com","6/1/2026 10:28:58 PM"
"415","Franchise","RevenueShareSettlement","208","INSERT","","Approved","MicrosoftAccount\hocvienbimat@gmail.com","6/1/2026 10:28:58 PM"
"416","Franchise","RevenueShareSettlement","208","SETTLEMENT","","86356637.5000","MicrosoftAccount\hocvienbimat@gmail.com","6/1/2026 10:28:58 PM"
"417","Franchise","RevenueShareSettlement","209","INSERT","","Approved","MicrosoftAccount\hocvienbimat@gmail.com","6/1/2026 10:28:58 PM"
"418","Franchise","RevenueShareSettlement","209","SETTLEMENT","","85063840.5000","MicrosoftAccount\hocvienbimat@gmail.com","6/1/2026 10:28:58 PM"
"419","Franchise","RevenueShareSettlement","210","INSERT","","Approved","MicrosoftAccount\hocvienbimat@gmail.com","6/1/2026 10:28:58 PM"
"420","Franchise","RevenueShareSettlement","210","SETTLEMENT","","114815222.5000","MicrosoftAccount\hocvienbimat@gmail.com","6/1/2026 10:28:58 PM"
"421","Franchise","RevenueShareSettlement","211","INSERT","","Approved","MicrosoftAccount\hocvienbimat@gmail.com","6/1/2026 10:28:58 PM"
"422","Franchise","RevenueShareSettlement","211","SETTLEMENT","","73913905.8000","MicrosoftAccount\hocvienbimat@gmail.com","6/1/2026 10:28:58 PM"
"423","Franchise","RevenueShareSettlement","212","INSERT","","Approved","MicrosoftAccount\hocvienbimat@gmail.com","6/1/2026 10:28:58 PM"
"424","Franchise","RevenueShareSettlement","212","SETTLEMENT","","239696148.3500","MicrosoftAccount\hocvienbimat@gmail.com","6/1/2026 10:28:58 PM"
"425","Franchise","RevenueShareSettlement","213","INSERT","","Approved","MicrosoftAccount\hocvienbimat@gmail.com","6/1/2026 10:28:58 PM"
"426","Franchise","RevenueShareSettlement","213","SETTLEMENT","","248993450.5000","MicrosoftAccount\hocvienbimat@gmail.com","6/1/2026 10:28:58 PM"
"427","Franchise","RevenueShareSettlement","214","INSERT","","Approved","MicrosoftAccount\hocvienbimat@gmail.com","6/1/2026 10:28:58 PM"
"428","Franchise","RevenueShareSettlement","214","SETTLEMENT","","54386442.0500","MicrosoftAccount\hocvienbimat@gmail.com","6/1/2026 10:28:58 PM"
"429","Franchise","RevenueShareSettlement","215","INSERT","","Approved","MicrosoftAccount\hocvienbimat@gmail.com","6/1/2026 10:28:58 PM"
"430","Franchise","RevenueShareSettlement","215","SETTLEMENT","","53192986.5000","MicrosoftAccount\hocvienbimat@gmail.com","6/1/2026 10:28:58 PM"
"431","Franchise","RevenueShareSettlement","216","INSERT","","Approved","MicrosoftAccount\hocvienbimat@gmail.com","6/1/2026 10:28:58 PM"
"432","Franchise","RevenueShareSettlement","216","SETTLEMENT","","48100230.5500","MicrosoftAccount\hocvienbimat@gmail.com","6/1/2026 10:28:58 PM"
"433","Franchise","RevenueShareSettlement","217","INSERT","","Approved","MicrosoftAccount\hocvienbimat@gmail.com","6/1/2026 10:28:58 PM"
"434","Franchise","RevenueShareSettlement","217","SETTLEMENT","","60261029.3000","MicrosoftAccount\hocvienbimat@gmail.com","6/1/2026 10:28:58 PM"
"435","Franchise","RevenueShareSettlement","218","INSERT","","Approved","MicrosoftAccount\hocvienbimat@gmail.com","6/1/2026 10:28:58 PM"
"436","Franchise","RevenueShareSettlement","218","SETTLEMENT","","96953265.0000","MicrosoftAccount\hocvienbimat@gmail.com","6/1/2026 10:28:58 PM"
"437","Franchise","RevenueShareSettlement","219","INSERT","","Approved","MicrosoftAccount\hocvienbimat@gmail.com","6/1/2026 10:28:58 PM"
"438","Franchise","RevenueShareSettlement","219","SETTLEMENT","","65766240.6000","MicrosoftAccount\hocvienbimat@gmail.com","6/1/2026 10:28:58 PM"
"439","Franchise","RevenueShareSettlement","220","INSERT","","Approved","MicrosoftAccount\hocvienbimat@gmail.com","6/1/2026 10:28:58 PM"
"440","Franchise","RevenueShareSettlement","220","SETTLEMENT","","102030715.2500","MicrosoftAccount\hocvienbimat@gmail.com","6/1/2026 10:28:58 PM"
"441","Franchise","RevenueShareSettlement","221","INSERT","","Approved","MicrosoftAccount\hocvienbimat@gmail.com","6/1/2026 10:28:58 PM"
"442","Franchise","RevenueShareSettlement","221","SETTLEMENT","","64392744.0000","MicrosoftAccount\hocvienbimat@gmail.com","6/1/2026 10:28:58 PM"
"443","Franchise","RevenueShareSettlement","222","INSERT","","Approved","MicrosoftAccount\hocvienbimat@gmail.com","6/1/2026 10:28:58 PM"
"444","Franchise","RevenueShareSettlement","222","SETTLEMENT","","82822272.0000","MicrosoftAccount\hocvienbimat@gmail.com","6/1/2026 10:28:58 PM"
"445","Franchise","RevenueShareSettlement","223","INSERT","","Approved","MicrosoftAccount\hocvienbimat@gmail.com","6/1/2026 10:28:58 PM"
"446","Franchise","RevenueShareSettlement","223","SETTLEMENT","","86290866.5000","MicrosoftAccount\hocvienbimat@gmail.com","6/1/2026 10:28:58 PM"
"447","Franchise","RevenueShareSettlement","224","INSERT","","Approved","MicrosoftAccount\hocvienbimat@gmail.com","6/1/2026 10:28:58 PM"
"448","Franchise","RevenueShareSettlement","224","SETTLEMENT","","85020652.7500","MicrosoftAccount\hocvienbimat@gmail.com","6/1/2026 10:28:58 PM"
"449","Franchise","RevenueShareSettlement","225","INSERT","","Approved","MicrosoftAccount\hocvienbimat@gmail.com","6/1/2026 10:28:58 PM"
"450","Franchise","RevenueShareSettlement","225","SETTLEMENT","","113884005.0000","MicrosoftAccount\hocvienbimat@gmail.com","6/1/2026 10:28:58 PM"
"451","Franchise","RevenueShareSettlement","226","INSERT","","Approved","MicrosoftAccount\hocvienbimat@gmail.com","6/1/2026 10:28:58 PM"
"452","Franchise","RevenueShareSettlement","226","SETTLEMENT","","74546999.0000","MicrosoftAccount\hocvienbimat@gmail.com","6/1/2026 10:28:58 PM"
"453","Franchise","RevenueShareSettlement","227","INSERT","","Approved","MicrosoftAccount\hocvienbimat@gmail.com","6/1/2026 10:28:58 PM"
"454","Franchise","RevenueShareSettlement","227","SETTLEMENT","","239805424.6500","MicrosoftAccount\hocvienbimat@gmail.com","6/1/2026 10:28:58 PM"
"455","Franchise","RevenueShareSettlement","228","INSERT","","Approved","MicrosoftAccount\hocvienbimat@gmail.com","6/1/2026 10:28:58 PM"
"456","Franchise","RevenueShareSettlement","228","SETTLEMENT","","248273713.0500","MicrosoftAccount\hocvienbimat@gmail.com","6/1/2026 10:28:58 PM"
"457","Franchise","RevenueShareSettlement","229","INSERT","","Approved","MicrosoftAccount\hocvienbimat@gmail.com","6/1/2026 10:28:58 PM"
"458","Franchise","RevenueShareSettlement","229","SETTLEMENT","","54770067.4500","MicrosoftAccount\hocvienbimat@gmail.com","6/1/2026 10:28:58 PM"
"459","Franchise","RevenueShareSettlement","230","INSERT","","Approved","MicrosoftAccount\hocvienbimat@gmail.com","6/1/2026 10:28:58 PM"
"460","Franchise","RevenueShareSettlement","230","SETTLEMENT","","52993117.3000","MicrosoftAccount\hocvienbimat@gmail.com","6/1/2026 10:28:58 PM"
"461","Franchise","RevenueShareSettlement","231","INSERT","","Approved","MicrosoftAccount\hocvienbimat@gmail.com","6/1/2026 10:28:58 PM"
"462","Franchise","RevenueShareSettlement","231","SETTLEMENT","","47954683.5500","MicrosoftAccount\hocvienbimat@gmail.com","6/1/2026 10:28:58 PM"
"463","Franchise","RevenueShareSettlement","232","INSERT","","Approved","MicrosoftAccount\hocvienbimat@gmail.com","6/1/2026 10:28:58 PM"
"464","Franchise","RevenueShareSettlement","232","SETTLEMENT","","59886365.3500","MicrosoftAccount\hocvienbimat@gmail.com","6/1/2026 10:28:58 PM"
"465","Franchise","RevenueShareSettlement","233","INSERT","","Approved","MicrosoftAccount\hocvienbimat@gmail.com","6/1/2026 10:28:58 PM"
"466","Franchise","RevenueShareSettlement","233","SETTLEMENT","","97670511.0000","MicrosoftAccount\hocvienbimat@gmail.com","6/1/2026 10:28:58 PM"
"467","Franchise","RevenueShareSettlement","234","INSERT","","Approved","MicrosoftAccount\hocvienbimat@gmail.com","6/1/2026 10:28:58 PM"
"468","Franchise","RevenueShareSettlement","234","SETTLEMENT","","65319472.0000","MicrosoftAccount\hocvienbimat@gmail.com","6/1/2026 10:28:58 PM"
"469","Franchise","RevenueShareSettlement","235","INSERT","","Approved","MicrosoftAccount\hocvienbimat@gmail.com","6/1/2026 10:28:58 PM"
"470","Franchise","RevenueShareSettlement","235","SETTLEMENT","","102715341.5000","MicrosoftAccount\hocvienbimat@gmail.com","6/1/2026 10:28:58 PM"
"471","Franchise","RevenueShareSettlement","236","INSERT","","Approved","MicrosoftAccount\hocvienbimat@gmail.com","6/1/2026 10:28:58 PM"
"472","Franchise","RevenueShareSettlement","236","SETTLEMENT","","64207856.0000","MicrosoftAccount\hocvienbimat@gmail.com","6/1/2026 10:28:58 PM"
"473","Franchise","RevenueShareSettlement","237","INSERT","","Approved","MicrosoftAccount\hocvienbimat@gmail.com","6/1/2026 10:28:58 PM"
"474","Franchise","RevenueShareSettlement","237","SETTLEMENT","","82398465.5000","MicrosoftAccount\hocvienbimat@gmail.com","6/1/2026 10:28:58 PM"
"475","Franchise","RevenueShareSettlement","238","INSERT","","Approved","MicrosoftAccount\hocvienbimat@gmail.com","6/1/2026 10:28:58 PM"
"476","Franchise","RevenueShareSettlement","238","SETTLEMENT","","86272289.3000","MicrosoftAccount\hocvienbimat@gmail.com","6/1/2026 10:28:58 PM"
"477","Franchise","RevenueShareSettlement","239","INSERT","","Approved","MicrosoftAccount\hocvienbimat@gmail.com","6/1/2026 10:28:58 PM"
"478","Franchise","RevenueShareSettlement","239","SETTLEMENT","","84237967.5000","MicrosoftAccount\hocvienbimat@gmail.com","6/1/2026 10:28:58 PM"
"479","Franchise","RevenueShareSettlement","240","INSERT","","Approved","MicrosoftAccount\hocvienbimat@gmail.com","6/1/2026 10:28:58 PM"
"480","Franchise","RevenueShareSettlement","240","SETTLEMENT","","114549072.5000","MicrosoftAccount\hocvienbimat@gmail.com","6/1/2026 10:28:58 PM"
"481","Franchise","RevenueShareSettlement","241","INSERT","","Approved","MicrosoftAccount\hocvienbimat@gmail.com","6/1/2026 10:28:58 PM"
"482","Franchise","RevenueShareSettlement","241","SETTLEMENT","","74117812.2500","MicrosoftAccount\hocvienbimat@gmail.com","6/1/2026 10:28:58 PM"
"483","Franchise","RevenueShareSettlement","242","INSERT","","Approved","MicrosoftAccount\hocvienbimat@gmail.com","6/1/2026 10:28:58 PM"
"484","Franchise","RevenueShareSettlement","242","SETTLEMENT","","239017107.8000","MicrosoftAccount\hocvienbimat@gmail.com","6/1/2026 10:28:58 PM"
"485","Franchise","RevenueShareSettlement","243","INSERT","","Approved","MicrosoftAccount\hocvienbimat@gmail.com","6/1/2026 10:28:58 PM"
"486","Franchise","RevenueShareSettlement","243","SETTLEMENT","","247925549.4000","MicrosoftAccount\hocvienbimat@gmail.com","6/1/2026 10:28:58 PM"
"487","Franchise","RevenueShareSettlement","244","INSERT","","Approved","MicrosoftAccount\hocvienbimat@gmail.com","6/1/2026 10:28:58 PM"
"488","Franchise","RevenueShareSettlement","244","SETTLEMENT","","54394993.3000","MicrosoftAccount\hocvienbimat@gmail.com","6/1/2026 10:28:58 PM"
"489","Franchise","RevenueShareSettlement","245","INSERT","","Approved","MicrosoftAccount\hocvienbimat@gmail.com","6/1/2026 10:28:58 PM"
"490","Franchise","RevenueShareSettlement","245","SETTLEMENT","","53476567.1000","MicrosoftAccount\hocvienbimat@gmail.com","6/1/2026 10:28:58 PM"
"491","Franchise","RevenueShareSettlement","246","INSERT","","Approved","MicrosoftAccount\hocvienbimat@gmail.com","6/1/2026 10:28:58 PM"
"492","Franchise","RevenueShareSettlement","246","SETTLEMENT","","47895696.4500","MicrosoftAccount\hocvienbimat@gmail.com","6/1/2026 10:28:58 PM"
"493","Franchise","RevenueShareSettlement","247","INSERT","","Approved","MicrosoftAccount\hocvienbimat@gmail.com","6/1/2026 10:28:58 PM"
"494","Franchise","RevenueShareSettlement","247","SETTLEMENT","","60254394.0500","MicrosoftAccount\hocvienbimat@gmail.com","6/1/2026 10:28:58 PM"
"495","Franchise","RevenueShareSettlement","248","INSERT","","Approved","MicrosoftAccount\hocvienbimat@gmail.com","6/1/2026 10:28:58 PM"
"496","Franchise","RevenueShareSettlement","248","SETTLEMENT","","97394613.5000","MicrosoftAccount\hocvienbimat@gmail.com","6/1/2026 10:28:58 PM"
"497","Franchise","RevenueShareSettlement","249","INSERT","","Approved","MicrosoftAccount\hocvienbimat@gmail.com","6/1/2026 10:28:58 PM"
"498","Franchise","RevenueShareSettlement","249","SETTLEMENT","","65007786.0000","MicrosoftAccount\hocvienbimat@gmail.com","6/1/2026 10:28:58 PM"
"499","Franchise","RevenueShareSettlement","250","INSERT","","Approved","MicrosoftAccount\hocvienbimat@gmail.com","6/1/2026 10:28:58 PM"
"500","Franchise","RevenueShareSettlement","250","SETTLEMENT","","102207277.5000","MicrosoftAccount\hocvienbimat@gmail.com","6/1/2026 10:28:58 PM"
"501","Franchise","RevenueShareSettlement","251","INSERT","","Approved","MicrosoftAccount\hocvienbimat@gmail.com","6/1/2026 10:28:58 PM"
"502","Franchise","RevenueShareSettlement","251","SETTLEMENT","","63903228.6000","MicrosoftAccount\hocvienbimat@gmail.com","6/1/2026 10:28:58 PM"
"503","Franchise","RevenueShareSettlement","252","INSERT","","Approved","MicrosoftAccount\hocvienbimat@gmail.com","6/1/2026 10:28:58 PM"
"504","Franchise","RevenueShareSettlement","252","SETTLEMENT","","82621352.7500","MicrosoftAccount\hocvienbimat@gmail.com","6/1/2026 10:28:58 PM"
"505","Franchise","RevenueShareSettlement","253","INSERT","","Approved","MicrosoftAccount\hocvienbimat@gmail.com","6/1/2026 10:28:58 PM"
"506","Franchise","RevenueShareSettlement","253","SETTLEMENT","","86604817.3000","MicrosoftAccount\hocvienbimat@gmail.com","6/1/2026 10:28:58 PM"
"507","Franchise","RevenueShareSettlement","254","INSERT","","Approved","MicrosoftAccount\hocvienbimat@gmail.com","6/1/2026 10:28:58 PM"
"508","Franchise","RevenueShareSettlement","254","SETTLEMENT","","84900522.7500","MicrosoftAccount\hocvienbimat@gmail.com","6/1/2026 10:28:58 PM"
"509","Franchise","RevenueShareSettlement","255","INSERT","","Approved","MicrosoftAccount\hocvienbimat@gmail.com","6/1/2026 10:28:58 PM"
"510","Franchise","RevenueShareSettlement","255","SETTLEMENT","","114736252.5000","MicrosoftAccount\hocvienbimat@gmail.com","6/1/2026 10:28:58 PM"
"511","Franchise","RevenueShareSettlement","256","INSERT","","Approved","MicrosoftAccount\hocvienbimat@gmail.com","6/1/2026 10:28:58 PM"
"512","Franchise","RevenueShareSettlement","256","SETTLEMENT","","74350621.8000","MicrosoftAccount\hocvienbimat@gmail.com","6/1/2026 10:28:58 PM"
"513","Franchise","RevenueShareSettlement","257","INSERT","","Approved","MicrosoftAccount\hocvienbimat@gmail.com","6/1/2026 10:28:58 PM"
"514","Franchise","RevenueShareSettlement","257","SETTLEMENT","","239163692.0500","MicrosoftAccount\hocvienbimat@gmail.com","6/1/2026 10:28:58 PM"
"515","Franchise","RevenueShareSettlement","258","INSERT","","Approved","MicrosoftAccount\hocvienbimat@gmail.com","6/1/2026 10:28:58 PM"
"516","Franchise","RevenueShareSettlement","258","SETTLEMENT","","248234528.9000","MicrosoftAccount\hocvienbimat@gmail.com","6/1/2026 10:28:58 PM"
"517","Franchise","RevenueShareSettlement","259","INSERT","","Approved","MicrosoftAccount\hocvienbimat@gmail.com","6/1/2026 10:28:58 PM"
"518","Franchise","RevenueShareSettlement","259","SETTLEMENT","","54836041.3000","MicrosoftAccount\hocvienbimat@gmail.com","6/1/2026 10:28:58 PM"
"519","Franchise","RevenueShareSettlement","260","INSERT","","Approved","MicrosoftAccount\hocvienbimat@gmail.com","6/1/2026 10:28:58 PM"
"520","Franchise","RevenueShareSettlement","260","SETTLEMENT","","52635723.5500","MicrosoftAccount\hocvienbimat@gmail.com","6/1/2026 10:28:58 PM"
"521","Franchise","RevenueShareSettlement","261","INSERT","","Approved","MicrosoftAccount\hocvienbimat@gmail.com","6/1/2026 10:28:58 PM"
"522","Franchise","RevenueShareSettlement","261","SETTLEMENT","","47862845.3000","MicrosoftAccount\hocvienbimat@gmail.com","6/1/2026 10:28:58 PM"
"523","Franchise","RevenueShareSettlement","262","INSERT","","Approved","MicrosoftAccount\hocvienbimat@gmail.com","6/1/2026 10:28:58 PM"
"524","Franchise","RevenueShareSettlement","262","SETTLEMENT","","60269613.2000","MicrosoftAccount\hocvienbimat@gmail.com","6/1/2026 10:28:58 PM"
"525","Franchise","RevenueShareSettlement","263","INSERT","","Approved","MicrosoftAccount\hocvienbimat@gmail.com","6/1/2026 10:28:58 PM"
"526","Franchise","RevenueShareSettlement","263","SETTLEMENT","","96993755.0000","MicrosoftAccount\hocvienbimat@gmail.com","6/1/2026 10:28:58 PM"
"527","Franchise","RevenueShareSettlement","264","INSERT","","Approved","MicrosoftAccount\hocvienbimat@gmail.com","6/1/2026 10:28:58 PM"
"528","Franchise","RevenueShareSettlement","264","SETTLEMENT","","64937113.1000","MicrosoftAccount\hocvienbimat@gmail.com","6/1/2026 10:28:58 PM"
"529","Franchise","RevenueShareSettlement","265","INSERT","","Approved","MicrosoftAccount\hocvienbimat@gmail.com","6/1/2026 10:28:58 PM"
"530","Franchise","RevenueShareSettlement","265","SETTLEMENT","","101886896.5000","MicrosoftAccount\hocvienbimat@gmail.com","6/1/2026 10:28:58 PM"
"531","Franchise","RevenueShareSettlement","266","INSERT","","Approved","MicrosoftAccount\hocvienbimat@gmail.com","6/1/2026 10:28:58 PM"
"532","Franchise","RevenueShareSettlement","266","SETTLEMENT","","64147759.8000","MicrosoftAccount\hocvienbimat@gmail.com","6/1/2026 10:28:58 PM"
"533","Franchise","RevenueShareSettlement","267","INSERT","","Approved","MicrosoftAccount\hocvienbimat@gmail.com","6/1/2026 10:28:58 PM"
"534","Franchise","RevenueShareSettlement","267","SETTLEMENT","","83170806.7500","MicrosoftAccount\hocvienbimat@gmail.com","6/1/2026 10:28:58 PM"
"535","Franchise","RevenueShareSettlement","268","INSERT","","Approved","MicrosoftAccount\hocvienbimat@gmail.com","6/1/2026 10:28:58 PM"
"536","Franchise","RevenueShareSettlement","268","SETTLEMENT","","86834467.5000","MicrosoftAccount\hocvienbimat@gmail.com","6/1/2026 10:28:58 PM"
"537","Franchise","RevenueShareSettlement","269","INSERT","","Approved","MicrosoftAccount\hocvienbimat@gmail.com","6/1/2026 10:28:58 PM"
"538","Franchise","RevenueShareSettlement","269","SETTLEMENT","","85035416.7500","MicrosoftAccount\hocvienbimat@gmail.com","6/1/2026 10:28:58 PM"
"539","Franchise","RevenueShareSettlement","270","INSERT","","Approved","MicrosoftAccount\hocvienbimat@gmail.com","6/1/2026 10:28:58 PM"
"540","Franchise","RevenueShareSettlement","270","SETTLEMENT","","114734450.0000","MicrosoftAccount\hocvienbimat@gmail.com","6/1/2026 10:28:58 PM"
"541","Franchise","RevenueShareSettlement","271","INSERT","","Approved","MicrosoftAccount\hocvienbimat@gmail.com","6/1/2026 10:28:58 PM"
"542","Franchise","RevenueShareSettlement","271","SETTLEMENT","","74177751.0500","MicrosoftAccount\hocvienbimat@gmail.com","6/1/2026 10:28:58 PM"
"543","Franchise","RevenueShareSettlement","272","INSERT","","Approved","MicrosoftAccount\hocvienbimat@gmail.com","6/1/2026 10:28:58 PM"
"544","Franchise","RevenueShareSettlement","272","SETTLEMENT","","239335938.4000","MicrosoftAccount\hocvienbimat@gmail.com","6/1/2026 10:28:58 PM"
"545","Franchise","RevenueShareSettlement","273","INSERT","","Approved","MicrosoftAccount\hocvienbimat@gmail.com","6/1/2026 10:28:58 PM"
"546","Franchise","RevenueShareSettlement","273","SETTLEMENT","","247879182.7500","MicrosoftAccount\hocvienbimat@gmail.com","6/1/2026 10:28:58 PM"
"547","Franchise","RevenueShareSettlement","274","INSERT","","Approved","MicrosoftAccount\hocvienbimat@gmail.com","6/1/2026 10:28:58 PM"
"548","Franchise","RevenueShareSettlement","274","SETTLEMENT","","54968887.5000","MicrosoftAccount\hocvienbimat@gmail.com","6/1/2026 10:28:58 PM"
"549","Franchise","RevenueShareSettlement","275","INSERT","","Approved","MicrosoftAccount\hocvienbimat@gmail.com","6/1/2026 10:28:58 PM"
"550","Franchise","RevenueShareSettlement","275","SETTLEMENT","","53268383.2000","MicrosoftAccount\hocvienbimat@gmail.com","6/1/2026 10:28:58 PM"
"551","Franchise","RevenueShareSettlement","276","INSERT","","Approved","MicrosoftAccount\hocvienbimat@gmail.com","6/1/2026 10:28:58 PM"
"552","Franchise","RevenueShareSettlement","276","SETTLEMENT","","48118588.0500","MicrosoftAccount\hocvienbimat@gmail.com","6/1/2026 10:28:58 PM"
"553","Franchise","RevenueShareSettlement","277","INSERT","","Approved","MicrosoftAccount\hocvienbimat@gmail.com","6/1/2026 10:28:58 PM"
"554","Franchise","RevenueShareSettlement","277","SETTLEMENT","","60402342.1000","MicrosoftAccount\hocvienbimat@gmail.com","6/1/2026 10:28:58 PM"
"555","Franchise","RevenueShareSettlement","278","INSERT","","Approved","MicrosoftAccount\hocvienbimat@gmail.com","6/1/2026 10:28:58 PM"
"556","Franchise","RevenueShareSettlement","278","SETTLEMENT","","97064793.2500","MicrosoftAccount\hocvienbimat@gmail.com","6/1/2026 10:28:58 PM"
"557","Franchise","RevenueShareSettlement","279","INSERT","","Approved","MicrosoftAccount\hocvienbimat@gmail.com","6/1/2026 10:28:58 PM"
"558","Franchise","RevenueShareSettlement","279","SETTLEMENT","","65345806.1000","MicrosoftAccount\hocvienbimat@gmail.com","6/1/2026 10:28:58 PM"
"559","Franchise","RevenueShareSettlement","280","INSERT","","Approved","MicrosoftAccount\hocvienbimat@gmail.com","6/1/2026 10:28:58 PM"
"560","Franchise","RevenueShareSettlement","280","SETTLEMENT","","102362476.5000","MicrosoftAccount\hocvienbimat@gmail.com","6/1/2026 10:28:58 PM"
"561","Franchise","RevenueShareSettlement","281","INSERT","","Approved","MicrosoftAccount\hocvienbimat@gmail.com","6/1/2026 10:28:58 PM"
"562","Franchise","RevenueShareSettlement","281","SETTLEMENT","","64204240.0000","MicrosoftAccount\hocvienbimat@gmail.com","6/1/2026 10:28:58 PM"
"563","Franchise","RevenueShareSettlement","282","INSERT","","Approved","MicrosoftAccount\hocvienbimat@gmail.com","6/1/2026 10:28:58 PM"
"564","Franchise","RevenueShareSettlement","282","SETTLEMENT","","82621342.7500","MicrosoftAccount\hocvienbimat@gmail.com","6/1/2026 10:28:58 PM"
"565","Franchise","RevenueShareSettlement","283","INSERT","","Approved","MicrosoftAccount\hocvienbimat@gmail.com","6/1/2026 10:28:58 PM"
"566","Franchise","RevenueShareSettlement","283","SETTLEMENT","","86245998.0000","MicrosoftAccount\hocvienbimat@gmail.com","6/1/2026 10:28:58 PM"
"567","Franchise","RevenueShareSettlement","284","INSERT","","Approved","MicrosoftAccount\hocvienbimat@gmail.com","6/1/2026 10:28:58 PM"
"568","Franchise","RevenueShareSettlement","284","SETTLEMENT","","85123458.2500","MicrosoftAccount\hocvienbimat@gmail.com","6/1/2026 10:28:58 PM"
"569","Franchise","RevenueShareSettlement","285","INSERT","","Approved","MicrosoftAccount\hocvienbimat@gmail.com","6/1/2026 10:28:58 PM"
"570","Franchise","RevenueShareSettlement","285","SETTLEMENT","","114850250.0000","MicrosoftAccount\hocvienbimat@gmail.com","6/1/2026 10:28:58 PM"
"571","Franchise","RevenueShareSettlement","286","INSERT","","Approved","MicrosoftAccount\hocvienbimat@gmail.com","6/1/2026 10:28:58 PM"
"572","Franchise","RevenueShareSettlement","286","SETTLEMENT","","74633708.0000","MicrosoftAccount\hocvienbimat@gmail.com","6/1/2026 10:28:58 PM"
"573","Franchise","RevenueShareSettlement","287","INSERT","","Approved","MicrosoftAccount\hocvienbimat@gmail.com","6/1/2026 10:28:58 PM"
"574","Franchise","RevenueShareSettlement","287","SETTLEMENT","","239223928.8500","MicrosoftAccount\hocvienbimat@gmail.com","6/1/2026 10:28:58 PM"
"575","Franchise","RevenueShareSettlement","288","INSERT","","Approved","MicrosoftAccount\hocvienbimat@gmail.com","6/1/2026 10:28:58 PM"
"576","Franchise","RevenueShareSettlement","288","SETTLEMENT","","248666030.8000","MicrosoftAccount\hocvienbimat@gmail.com","6/1/2026 10:28:58 PM"
"577","Franchise","RevenueShareSettlement","289","INSERT","","Approved","MicrosoftAccount\hocvienbimat@gmail.com","6/1/2026 10:28:58 PM"
"578","Franchise","RevenueShareSettlement","289","SETTLEMENT","","54615268.5000","MicrosoftAccount\hocvienbimat@gmail.com","6/1/2026 10:28:58 PM"
"579","Franchise","RevenueShareSettlement","290","INSERT","","Approved","MicrosoftAccount\hocvienbimat@gmail.com","6/1/2026 10:28:58 PM"
"580","Franchise","RevenueShareSettlement","290","SETTLEMENT","","52968882.3500","MicrosoftAccount\hocvienbimat@gmail.com","6/1/2026 10:28:58 PM"
"581","Franchise","RevenueShareSettlement","291","INSERT","","Approved","MicrosoftAccount\hocvienbimat@gmail.com","6/1/2026 10:28:58 PM"
"582","Franchise","RevenueShareSettlement","291","SETTLEMENT","","47953979.0000","MicrosoftAccount\hocvienbimat@gmail.com","6/1/2026 10:28:58 PM"
"583","Franchise","RevenueShareSettlement","292","INSERT","","Approved","MicrosoftAccount\hocvienbimat@gmail.com","6/1/2026 10:28:58 PM"
"584","Franchise","RevenueShareSettlement","292","SETTLEMENT","","59876988.6000","MicrosoftAccount\hocvienbimat@gmail.com","6/1/2026 10:28:58 PM"
"585","Franchise","RevenueShareSettlement","293","INSERT","","Approved","MicrosoftAccount\hocvienbimat@gmail.com","6/1/2026 10:28:58 PM"
"586","Franchise","RevenueShareSettlement","293","SETTLEMENT","","97424213.0000","MicrosoftAccount\hocvienbimat@gmail.com","6/1/2026 10:28:58 PM"
"587","Franchise","RevenueShareSettlement","294","INSERT","","Approved","MicrosoftAccount\hocvienbimat@gmail.com","6/1/2026 10:28:58 PM"
"588","Franchise","RevenueShareSettlement","294","SETTLEMENT","","65435069.7000","MicrosoftAccount\hocvienbimat@gmail.com","6/1/2026 10:28:58 PM"
"589","Franchise","RevenueShareSettlement","295","INSERT","","Approved","MicrosoftAccount\hocvienbimat@gmail.com","6/1/2026 10:28:58 PM"
"590","Franchise","RevenueShareSettlement","295","SETTLEMENT","","102532810.7500","MicrosoftAccount\hocvienbimat@gmail.com","6/1/2026 10:28:58 PM"
"591","Franchise","RevenueShareSettlement","296","INSERT","","Approved","MicrosoftAccount\hocvienbimat@gmail.com","6/1/2026 10:28:58 PM"
"592","Franchise","RevenueShareSettlement","296","SETTLEMENT","","64286612.8000","MicrosoftAccount\hocvienbimat@gmail.com","6/1/2026 10:28:58 PM"
"593","Franchise","RevenueShareSettlement","297","INSERT","","Approved","MicrosoftAccount\hocvienbimat@gmail.com","6/1/2026 10:28:58 PM"
"594","Franchise","RevenueShareSettlement","297","SETTLEMENT","","82988143.5000","MicrosoftAccount\hocvienbimat@gmail.com","6/1/2026 10:28:58 PM"
"595","Franchise","RevenueShareSettlement","298","INSERT","","Approved","MicrosoftAccount\hocvienbimat@gmail.com","6/1/2026 10:28:58 PM"
"596","Franchise","RevenueShareSettlement","298","SETTLEMENT","","86169629.3000","MicrosoftAccount\hocvienbimat@gmail.com","6/1/2026 10:28:58 PM"
"597","Franchise","RevenueShareSettlement","299","INSERT","","Approved","MicrosoftAccount\hocvienbimat@gmail.com","6/1/2026 10:28:58 PM"
"598","Franchise","RevenueShareSettlement","299","SETTLEMENT","","85199953.7500","MicrosoftAccount\hocvienbimat@gmail.com","6/1/2026 10:28:58 PM"
"599","Franchise","RevenueShareSettlement","300","INSERT","","Approved","MicrosoftAccount\hocvienbimat@gmail.com","6/1/2026 10:28:58 PM"
"600","Franchise","RevenueShareSettlement","300","SETTLEMENT","","114541080.0000","MicrosoftAccount\hocvienbimat@gmail.com","6/1/2026 10:28:58 PM"
"601","Franchise","RevenueShareSettlement","301","INSERT","","Approved","MicrosoftAccount\hocvienbimat@gmail.com","6/1/2026 10:28:58 PM"
"602","Franchise","RevenueShareSettlement","301","SETTLEMENT","","74423222.0000","MicrosoftAccount\hocvienbimat@gmail.com","6/1/2026 10:28:58 PM"
"603","Franchise","RevenueShareSettlement","302","INSERT","","Approved","MicrosoftAccount\hocvienbimat@gmail.com","6/1/2026 10:28:58 PM"
"604","Franchise","RevenueShareSettlement","302","SETTLEMENT","","238784426.0500","MicrosoftAccount\hocvienbimat@gmail.com","6/1/2026 10:28:58 PM"
"605","Franchise","RevenueShareSettlement","303","INSERT","","Approved","MicrosoftAccount\hocvienbimat@gmail.com","6/1/2026 10:28:58 PM"
"606","Franchise","RevenueShareSettlement","303","SETTLEMENT","","248778558.7000","MicrosoftAccount\hocvienbimat@gmail.com","6/1/2026 10:28:58 PM"
"607","Franchise","RevenueShareSettlement","304","INSERT","","Approved","MicrosoftAccount\hocvienbimat@gmail.com","6/1/2026 10:28:58 PM"
"608","Franchise","RevenueShareSettlement","304","SETTLEMENT","","54384771.5500","MicrosoftAccount\hocvienbimat@gmail.com","6/1/2026 10:28:58 PM"
"609","Franchise","RevenueShareSettlement","305","INSERT","","Approved","MicrosoftAccount\hocvienbimat@gmail.com","6/1/2026 10:28:58 PM"
"610","Franchise","RevenueShareSettlement","305","SETTLEMENT","","53505456.1000","MicrosoftAccount\hocvienbimat@gmail.com","6/1/2026 10:28:58 PM"
"611","Franchise","RevenueShareSettlement","306","INSERT","","Approved","MicrosoftAccount\hocvienbimat@gmail.com","6/1/2026 10:28:58 PM"
"612","Franchise","RevenueShareSettlement","306","SETTLEMENT","","47949851.0000","MicrosoftAccount\hocvienbimat@gmail.com","6/1/2026 10:28:58 PM"
"613","Franchise","RevenueShareSettlement","307","INSERT","","Approved","MicrosoftAccount\hocvienbimat@gmail.com","6/1/2026 10:28:58 PM"
"614","Franchise","RevenueShareSettlement","307","SETTLEMENT","","60267138.7000","MicrosoftAccount\hocvienbimat@gmail.com","6/1/2026 10:28:58 PM"
"615","Franchise","RevenueShareSettlement","308","INSERT","","Approved","MicrosoftAccount\hocvienbimat@gmail.com","6/1/2026 10:28:58 PM"
"616","Franchise","RevenueShareSettlement","308","SETTLEMENT","","97475810.2500","MicrosoftAccount\hocvienbimat@gmail.com","6/1/2026 10:28:58 PM"
"617","Franchise","RevenueShareSettlement","309","INSERT","","Approved","MicrosoftAccount\hocvienbimat@gmail.com","6/1/2026 10:28:58 PM"
"618","Franchise","RevenueShareSettlement","309","SETTLEMENT","","64946646.3000","MicrosoftAccount\hocvienbimat@gmail.com","6/1/2026 10:28:58 PM"
"619","Franchise","RevenueShareSettlement","310","INSERT","","Approved","MicrosoftAccount\hocvienbimat@gmail.com","6/1/2026 10:28:58 PM"
"620","Franchise","RevenueShareSettlement","310","SETTLEMENT","","102940826.2500","MicrosoftAccount\hocvienbimat@gmail.com","6/1/2026 10:28:58 PM"
"621","Franchise","RevenueShareSettlement","311","INSERT","","Approved","MicrosoftAccount\hocvienbimat@gmail.com","6/1/2026 10:28:58 PM"
"622","Franchise","RevenueShareSettlement","311","SETTLEMENT","","63876346.1000","MicrosoftAccount\hocvienbimat@gmail.com","6/1/2026 10:28:58 PM"
"623","Franchise","RevenueShareSettlement","312","INSERT","","Approved","MicrosoftAccount\hocvienbimat@gmail.com","6/1/2026 10:28:58 PM"
"624","Franchise","RevenueShareSettlement","312","SETTLEMENT","","83072639.5000","MicrosoftAccount\hocvienbimat@gmail.com","6/1/2026 10:28:58 PM"
"625","Franchise","RevenueShareSettlement","313","INSERT","","Approved","MicrosoftAccount\hocvienbimat@gmail.com","6/1/2026 10:28:58 PM"
"626","Franchise","RevenueShareSettlement","313","SETTLEMENT","","86527868.3000","MicrosoftAccount\hocvienbimat@gmail.com","6/1/2026 10:28:58 PM"
"627","Franchise","RevenueShareSettlement","314","INSERT","","Approved","MicrosoftAccount\hocvienbimat@gmail.com","6/1/2026 10:28:58 PM"
"628","Franchise","RevenueShareSettlement","314","SETTLEMENT","","85017928.5000","MicrosoftAccount\hocvienbimat@gmail.com","6/1/2026 10:28:58 PM"
"629","Franchise","RevenueShareSettlement","315","INSERT","","Approved","MicrosoftAccount\hocvienbimat@gmail.com","6/1/2026 10:28:58 PM"
"630","Franchise","RevenueShareSettlement","315","SETTLEMENT","","113668565.0000","MicrosoftAccount\hocvienbimat@gmail.com","6/1/2026 10:28:58 PM"
"631","Franchise","RevenueShareSettlement","316","INSERT","","Approved","MicrosoftAccount\hocvienbimat@gmail.com","6/1/2026 10:28:58 PM"
"632","Franchise","RevenueShareSettlement","316","SETTLEMENT","","74390499.3000","MicrosoftAccount\hocvienbimat@gmail.com","6/1/2026 10:28:58 PM"
"633","Franchise","RevenueShareSettlement","317","INSERT","","Approved","MicrosoftAccount\hocvienbimat@gmail.com","6/1/2026 10:28:58 PM"
"634","Franchise","RevenueShareSettlement","317","SETTLEMENT","","238922585.6000","MicrosoftAccount\hocvienbimat@gmail.com","6/1/2026 10:28:58 PM"
"635","Franchise","RevenueShareSettlement","318","INSERT","","Approved","MicrosoftAccount\hocvienbimat@gmail.com","6/1/2026 10:28:58 PM"
"636","Franchise","RevenueShareSettlement","318","SETTLEMENT","","248213828.6000","MicrosoftAccount\hocvienbimat@gmail.com","6/1/2026 10:28:58 PM"
"637","Franchise","RevenueShareSettlement","319","INSERT","","Approved","MicrosoftAccount\hocvienbimat@gmail.com","6/1/2026 10:28:58 PM"
"638","Franchise","RevenueShareSettlement","319","SETTLEMENT","","54820277.0500","MicrosoftAccount\hocvienbimat@gmail.com","6/1/2026 10:28:58 PM"
"639","Franchise","RevenueShareSettlement","320","INSERT","","Approved","MicrosoftAccount\hocvienbimat@gmail.com","6/1/2026 10:28:58 PM"
"640","Franchise","RevenueShareSettlement","320","SETTLEMENT","","52888632.2000","MicrosoftAccount\hocvienbimat@gmail.com","6/1/2026 10:28:58 PM"
"641","Franchise","RevenueShareSettlement","321","INSERT","","Approved","MicrosoftAccount\hocvienbimat@gmail.com","6/1/2026 10:28:58 PM"
"642","Franchise","RevenueShareSettlement","321","SETTLEMENT","","47767482.8000","MicrosoftAccount\hocvienbimat@gmail.com","6/1/2026 10:28:58 PM"
"643","Franchise","RevenueShareSettlement","322","INSERT","","Approved","MicrosoftAccount\hocvienbimat@gmail.com","6/1/2026 10:28:58 PM"
"644","Franchise","RevenueShareSettlement","322","SETTLEMENT","","60142340.5500","MicrosoftAccount\hocvienbimat@gmail.com","6/1/2026 10:28:58 PM"
"645","Franchise","RevenueShareSettlement","323","INSERT","","Approved","MicrosoftAccount\hocvienbimat@gmail.com","6/1/2026 10:28:58 PM"
"646","Franchise","RevenueShareSettlement","323","SETTLEMENT","","97348365.0000","MicrosoftAccount\hocvienbimat@gmail.com","6/1/2026 10:28:58 PM"
"647","Franchise","RevenueShareSettlement","324","INSERT","","Approved","MicrosoftAccount\hocvienbimat@gmail.com","6/1/2026 10:28:58 PM"
"648","Franchise","RevenueShareSettlement","324","SETTLEMENT","","65112807.1000","MicrosoftAccount\hocvienbimat@gmail.com","6/1/2026 10:28:58 PM"
"649","Franchise","RevenueShareSettlement","325","INSERT","","Approved","MicrosoftAccount\hocvienbimat@gmail.com","6/1/2026 10:28:58 PM"
"650","Franchise","RevenueShareSettlement","325","SETTLEMENT","","101739094.7500","MicrosoftAccount\hocvienbimat@gmail.com","6/1/2026 10:28:58 PM"
"651","Franchise","RevenueShareSettlement","326","INSERT","","Approved","MicrosoftAccount\hocvienbimat@gmail.com","6/1/2026 10:28:58 PM"
"652","Franchise","RevenueShareSettlement","326","SETTLEMENT","","63934792.8000","MicrosoftAccount\hocvienbimat@gmail.com","6/1/2026 10:28:58 PM"
"653","Franchise","RevenueShareSettlement","327","INSERT","","Approved","MicrosoftAccount\hocvienbimat@gmail.com","6/1/2026 10:28:58 PM"
"654","Franchise","RevenueShareSettlement","327","SETTLEMENT","","82933476.7500","MicrosoftAccount\hocvienbimat@gmail.com","6/1/2026 10:28:58 PM"
"655","Franchise","RevenueShareSettlement","328","INSERT","","Approved","MicrosoftAccount\hocvienbimat@gmail.com","6/1/2026 10:28:58 PM"
"656","Franchise","RevenueShareSettlement","328","SETTLEMENT","","86422552.7000","MicrosoftAccount\hocvienbimat@gmail.com","6/1/2026 10:28:58 PM"
"657","Franchise","RevenueShareSettlement","329","INSERT","","Approved","MicrosoftAccount\hocvienbimat@gmail.com","6/1/2026 10:28:58 PM"
"658","Franchise","RevenueShareSettlement","329","SETTLEMENT","","85013648.5000","MicrosoftAccount\hocvienbimat@gmail.com","6/1/2026 10:28:58 PM"
"659","Franchise","RevenueShareSettlement","330","INSERT","","Approved","MicrosoftAccount\hocvienbimat@gmail.com","6/1/2026 10:28:58 PM"
"660","Franchise","RevenueShareSettlement","330","SETTLEMENT","","115007707.5000","MicrosoftAccount\hocvienbimat@gmail.com","6/1/2026 10:28:58 PM"
"661","Franchise","RevenueShareSettlement","331","INSERT","","Approved","MicrosoftAccount\hocvienbimat@gmail.com","6/1/2026 10:28:58 PM"
"662","Franchise","RevenueShareSettlement","331","SETTLEMENT","","74216115.0500","MicrosoftAccount\hocvienbimat@gmail.com","6/1/2026 10:28:58 PM"
"663","Franchise","RevenueShareSettlement","332","INSERT","","Approved","MicrosoftAccount\hocvienbimat@gmail.com","6/1/2026 10:28:58 PM"
"664","Franchise","RevenueShareSettlement","332","SETTLEMENT","","239525558.6000","MicrosoftAccount\hocvienbimat@gmail.com","6/1/2026 10:28:58 PM"
"665","Franchise","RevenueShareSettlement","333","INSERT","","Approved","MicrosoftAccount\hocvienbimat@gmail.com","6/1/2026 10:28:58 PM"
"666","Franchise","RevenueShareSettlement","333","SETTLEMENT","","247937635.9500","MicrosoftAccount\hocvienbimat@gmail.com","6/1/2026 10:28:58 PM"
"667","Franchise","RevenueShareSettlement","334","INSERT","","Approved","MicrosoftAccount\hocvienbimat@gmail.com","6/1/2026 10:28:58 PM"
"668","Franchise","RevenueShareSettlement","334","SETTLEMENT","","54956003.0000","MicrosoftAccount\hocvienbimat@gmail.com","6/1/2026 10:28:58 PM"
"669","Franchise","RevenueShareSettlement","335","INSERT","","Approved","MicrosoftAccount\hocvienbimat@gmail.com","6/1/2026 10:28:58 PM"
"670","Franchise","RevenueShareSettlement","335","SETTLEMENT","","53068699.0500","MicrosoftAccount\hocvienbimat@gmail.com","6/1/2026 10:28:58 PM"
"671","Franchise","RevenueShareSettlement","336","INSERT","","Approved","MicrosoftAccount\hocvienbimat@gmail.com","6/1/2026 10:28:58 PM"
"672","Franchise","RevenueShareSettlement","336","SETTLEMENT","","48047909.0500","MicrosoftAccount\hocvienbimat@gmail.com","6/1/2026 10:28:58 PM"
"673","Franchise","RevenueShareSettlement","337","INSERT","","Approved","MicrosoftAccount\hocvienbimat@gmail.com","6/1/2026 10:28:58 PM"
"674","Franchise","RevenueShareSettlement","337","SETTLEMENT","","60299935.1000","MicrosoftAccount\hocvienbimat@gmail.com","6/1/2026 10:28:58 PM"
"675","Franchise","RevenueShareSettlement","338","INSERT","","Approved","MicrosoftAccount\hocvienbimat@gmail.com","6/1/2026 10:28:58 PM"
"676","Franchise","RevenueShareSettlement","338","SETTLEMENT","","97050365.2500","MicrosoftAccount\hocvienbimat@gmail.com","6/1/2026 10:28:58 PM"
"677","Franchise","RevenueShareSettlement","339","INSERT","","Approved","MicrosoftAccount\hocvienbimat@gmail.com","6/1/2026 10:28:58 PM"
"678","Franchise","RevenueShareSettlement","339","SETTLEMENT","","65289796.3000","MicrosoftAccount\hocvienbimat@gmail.com","6/1/2026 10:28:58 PM"
"679","Franchise","RevenueShareSettlement","340","INSERT","","Approved","MicrosoftAccount\hocvienbimat@gmail.com","6/1/2026 10:28:58 PM"
"680","Franchise","RevenueShareSettlement","340","SETTLEMENT","","102482108.2500","MicrosoftAccount\hocvienbimat@gmail.com","6/1/2026 10:28:58 PM"
"681","Franchise","RevenueShareSettlement","341","INSERT","","Approved","MicrosoftAccount\hocvienbimat@gmail.com","6/1/2026 10:28:58 PM"
"682","Franchise","RevenueShareSettlement","341","SETTLEMENT","","64198113.5000","MicrosoftAccount\hocvienbimat@gmail.com","6/1/2026 10:28:58 PM"
"683","Franchise","RevenueShareSettlement","342","INSERT","","Approved","MicrosoftAccount\hocvienbimat@gmail.com","6/1/2026 10:28:58 PM"
"684","Franchise","RevenueShareSettlement","342","SETTLEMENT","","82699426.0000","MicrosoftAccount\hocvienbimat@gmail.com","6/1/2026 10:28:58 PM"
"685","Franchise","RevenueShareSettlement","343","INSERT","","Approved","MicrosoftAccount\hocvienbimat@gmail.com","6/1/2026 10:28:58 PM"
"686","Franchise","RevenueShareSettlement","343","SETTLEMENT","","86218225.3000","MicrosoftAccount\hocvienbimat@gmail.com","6/1/2026 10:28:58 PM"
"687","Franchise","RevenueShareSettlement","344","INSERT","","Approved","MicrosoftAccount\hocvienbimat@gmail.com","6/1/2026 10:28:58 PM"
"688","Franchise","RevenueShareSettlement","344","SETTLEMENT","","85315560.0000","MicrosoftAccount\hocvienbimat@gmail.com","6/1/2026 10:28:58 PM"
"689","Franchise","RevenueShareSettlement","345","INSERT","","Approved","MicrosoftAccount\hocvienbimat@gmail.com","6/1/2026 10:28:58 PM"
"690","Franchise","RevenueShareSettlement","345","SETTLEMENT","","114861202.5000","MicrosoftAccount\hocvienbimat@gmail.com","6/1/2026 10:28:58 PM"
"691","Franchise","RevenueShareSettlement","346","INSERT","","Approved","MicrosoftAccount\hocvienbimat@gmail.com","6/1/2026 10:28:58 PM"
"692","Franchise","RevenueShareSettlement","346","SETTLEMENT","","74577185.7000","MicrosoftAccount\hocvienbimat@gmail.com","6/1/2026 10:28:58 PM"
"693","Franchise","RevenueShareSettlement","347","INSERT","","Approved","MicrosoftAccount\hocvienbimat@gmail.com","6/1/2026 10:28:59 PM"
"694","Franchise","RevenueShareSettlement","347","SETTLEMENT","","239284598.4000","MicrosoftAccount\hocvienbimat@gmail.com","6/1/2026 10:28:59 PM"
"695","Franchise","RevenueShareSettlement","348","INSERT","","Approved","MicrosoftAccount\hocvienbimat@gmail.com","6/1/2026 10:28:59 PM"
"696","Franchise","RevenueShareSettlement","348","SETTLEMENT","","248649991.1500","MicrosoftAccount\hocvienbimat@gmail.com","6/1/2026 10:28:59 PM"
"697","Franchise","RevenueShareSettlement","349","INSERT","","Approved","MicrosoftAccount\hocvienbimat@gmail.com","6/1/2026 10:28:59 PM"
"698","Franchise","RevenueShareSettlement","349","SETTLEMENT","","54685740.5000","MicrosoftAccount\hocvienbimat@gmail.com","6/1/2026 10:28:59 PM"
"699","Franchise","RevenueShareSettlement","350","INSERT","","Approved","MicrosoftAccount\hocvienbimat@gmail.com","6/1/2026 10:28:59 PM"
"700","Franchise","RevenueShareSettlement","350","SETTLEMENT","","53227337.8500","MicrosoftAccount\hocvienbimat@gmail.com","6/1/2026 10:28:59 PM"
"701","Franchise","RevenueShareSettlement","351","INSERT","","Approved","MicrosoftAccount\hocvienbimat@gmail.com","6/1/2026 10:28:59 PM"
"702","Franchise","RevenueShareSettlement","351","SETTLEMENT","","47769908.0000","MicrosoftAccount\hocvienbimat@gmail.com","6/1/2026 10:28:59 PM"
"703","Franchise","RevenueShareSettlement","352","INSERT","","Approved","MicrosoftAccount\hocvienbimat@gmail.com","6/1/2026 10:28:59 PM"
"704","Franchise","RevenueShareSettlement","352","SETTLEMENT","","60030170.0500","MicrosoftAccount\hocvienbimat@gmail.com","6/1/2026 10:28:59 PM"
"705","Franchise","RevenueShareSettlement","353","INSERT","","Approved","MicrosoftAccount\hocvienbimat@gmail.com","6/1/2026 10:28:59 PM"
"706","Franchise","RevenueShareSettlement","353","SETTLEMENT","","97595501.7500","MicrosoftAccount\hocvienbimat@gmail.com","6/1/2026 10:28:59 PM"
"707","Franchise","RevenueShareSettlement","354","INSERT","","Approved","MicrosoftAccount\hocvienbimat@gmail.com","6/1/2026 10:28:59 PM"
"708","Franchise","RevenueShareSettlement","354","SETTLEMENT","","65394795.2000","MicrosoftAccount\hocvienbimat@gmail.com","6/1/2026 10:28:59 PM"
"709","Franchise","RevenueShareSettlement","355","INSERT","","Approved","MicrosoftAccount\hocvienbimat@gmail.com","6/1/2026 10:28:59 PM"
"710","Franchise","RevenueShareSettlement","355","SETTLEMENT","","102525327.0000","MicrosoftAccount\hocvienbimat@gmail.com","6/1/2026 10:28:59 PM"
"711","Franchise","RevenueShareSettlement","356","INSERT","","Approved","MicrosoftAccount\hocvienbimat@gmail.com","6/1/2026 10:28:59 PM"
"712","Franchise","RevenueShareSettlement","356","SETTLEMENT","","64253064.3000","MicrosoftAccount\hocvienbimat@gmail.com","6/1/2026 10:28:59 PM"
"713","Franchise","RevenueShareSettlement","357","INSERT","","Approved","MicrosoftAccount\hocvienbimat@gmail.com","6/1/2026 10:28:59 PM"
"714","Franchise","RevenueShareSettlement","357","SETTLEMENT","","83002734.7500","MicrosoftAccount\hocvienbimat@gmail.com","6/1/2026 10:28:59 PM"
"715","Franchise","RevenueShareSettlement","358","INSERT","","Approved","MicrosoftAccount\hocvienbimat@gmail.com","6/1/2026 10:28:59 PM"
"716","Franchise","RevenueShareSettlement","358","SETTLEMENT","","86432326.8000","MicrosoftAccount\hocvienbimat@gmail.com","6/1/2026 10:28:59 PM"
"717","Franchise","RevenueShareSettlement","359","INSERT","","Approved","MicrosoftAccount\hocvienbimat@gmail.com","6/1/2026 10:28:59 PM"
"718","Franchise","RevenueShareSettlement","359","SETTLEMENT","","85091595.7500","MicrosoftAccount\hocvienbimat@gmail.com","6/1/2026 10:28:59 PM"
"719","Franchise","RevenueShareSettlement","360","INSERT","","Approved","MicrosoftAccount\hocvienbimat@gmail.com","6/1/2026 10:28:59 PM"
"720","Franchise","RevenueShareSettlement","360","SETTLEMENT","","114107965.0000","MicrosoftAccount\hocvienbimat@gmail.com","6/1/2026 10:28:59 PM"
"721","Franchise","RevenueShareSettlement","361","INSERT","","Approved","MicrosoftAccount\hocvienbimat@gmail.com","6/1/2026 10:28:59 PM"
"722","Franchise","RevenueShareSettlement","361","SETTLEMENT","","0.0000","MicrosoftAccount\hocvienbimat@gmail.com","6/1/2026 10:28:59 PM"
"723","Franchise","RevenueShareSettlement","362","INSERT","","Approved","MicrosoftAccount\hocvienbimat@gmail.com","6/1/2026 10:28:59 PM"
"724","Franchise","RevenueShareSettlement","362","SETTLEMENT","","0.0000","MicrosoftAccount\hocvienbimat@gmail.com","6/1/2026 10:28:59 PM"
"725","Franchise","RevenueShareSettlement","363","INSERT","","Approved","MicrosoftAccount\hocvienbimat@gmail.com","6/1/2026 10:28:59 PM"
"726","Franchise","RevenueShareSettlement","363","SETTLEMENT","","0.0000","MicrosoftAccount\hocvienbimat@gmail.com","6/1/2026 10:28:59 PM"
"727","Franchise","RevenueShareSettlement","364","INSERT","","Approved","MicrosoftAccount\hocvienbimat@gmail.com","6/1/2026 10:28:59 PM"
"728","Franchise","RevenueShareSettlement","364","SETTLEMENT","","0.0000","MicrosoftAccount\hocvienbimat@gmail.com","6/1/2026 10:28:59 PM"
"729","Franchise","RevenueShareSettlement","365","INSERT","","Approved","MicrosoftAccount\hocvienbimat@gmail.com","6/1/2026 10:28:59 PM"
"730","Franchise","RevenueShareSettlement","365","SETTLEMENT","","0.0000","MicrosoftAccount\hocvienbimat@gmail.com","6/1/2026 10:28:59 PM"
"731","Franchise","RevenueShareSettlement","366","INSERT","","Approved","MicrosoftAccount\hocvienbimat@gmail.com","6/1/2026 10:28:59 PM"
"732","Franchise","RevenueShareSettlement","366","SETTLEMENT","","0.0000","MicrosoftAccount\hocvienbimat@gmail.com","6/1/2026 10:28:59 PM"
"733","Franchise","RevenueShareSettlement","367","INSERT","","Approved","MicrosoftAccount\hocvienbimat@gmail.com","6/1/2026 10:28:59 PM"
"734","Franchise","RevenueShareSettlement","367","SETTLEMENT","","0.0000","MicrosoftAccount\hocvienbimat@gmail.com","6/1/2026 10:28:59 PM"
"735","Franchise","RevenueShareSettlement","368","INSERT","","Approved","MicrosoftAccount\hocvienbimat@gmail.com","6/1/2026 10:28:59 PM"
"736","Franchise","RevenueShareSettlement","368","SETTLEMENT","","0.0000","MicrosoftAccount\hocvienbimat@gmail.com","6/1/2026 10:28:59 PM"
"737","Franchise","RevenueShareSettlement","369","INSERT","","Approved","MicrosoftAccount\hocvienbimat@gmail.com","6/1/2026 10:28:59 PM"
"738","Franchise","RevenueShareSettlement","369","SETTLEMENT","","0.0000","MicrosoftAccount\hocvienbimat@gmail.com","6/1/2026 10:28:59 PM"
"739","Franchise","RevenueShareSettlement","370","INSERT","","Approved","MicrosoftAccount\hocvienbimat@gmail.com","6/1/2026 10:28:59 PM"
"740","Franchise","RevenueShareSettlement","370","SETTLEMENT","","0.0000","MicrosoftAccount\hocvienbimat@gmail.com","6/1/2026 10:28:59 PM"
"741","Franchise","RevenueShareSettlement","371","INSERT","","Approved","MicrosoftAccount\hocvienbimat@gmail.com","6/1/2026 10:28:59 PM"
"742","Franchise","RevenueShareSettlement","371","SETTLEMENT","","0.0000","MicrosoftAccount\hocvienbimat@gmail.com","6/1/2026 10:28:59 PM"
"743","Franchise","RevenueShareSettlement","372","INSERT","","Approved","MicrosoftAccount\hocvienbimat@gmail.com","6/1/2026 10:28:59 PM"
"744","Franchise","RevenueShareSettlement","372","SETTLEMENT","","0.0000","MicrosoftAccount\hocvienbimat@gmail.com","6/1/2026 10:28:59 PM"
"745","Franchise","RevenueShareSettlement","373","INSERT","","Approved","MicrosoftAccount\hocvienbimat@gmail.com","6/1/2026 10:28:59 PM"
"746","Franchise","RevenueShareSettlement","373","SETTLEMENT","","0.0000","MicrosoftAccount\hocvienbimat@gmail.com","6/1/2026 10:28:59 PM"
"747","Franchise","RevenueShareSettlement","374","INSERT","","Approved","MicrosoftAccount\hocvienbimat@gmail.com","6/1/2026 10:28:59 PM"
"748","Franchise","RevenueShareSettlement","374","SETTLEMENT","","0.0000","MicrosoftAccount\hocvienbimat@gmail.com","6/1/2026 10:28:59 PM"
"749","Franchise","RevenueShareSettlement","375","INSERT","","Approved","MicrosoftAccount\hocvienbimat@gmail.com","6/1/2026 10:28:59 PM"
"750","Franchise","RevenueShareSettlement","375","SETTLEMENT","","0.0000","MicrosoftAccount\hocvienbimat@gmail.com","6/1/2026 10:28:59 PM"
"751","Identity","UserAccount","552","INSERT","","Active","MicrosoftAccount\hocvienbimat@gmail.com","6/2/2026 3:00:49 PM"
"752","Identity","UserRole","552|5","INSERT","","5","MicrosoftAccount\hocvienbimat@gmail.com","6/2/2026 3:00:49 PM"
"753","Identity","UserAccount","552","INSERT","","feature_user_DF42005A","MicrosoftAccount\hocvienbimat@gmail.com","6/2/2026 3:00:49 PM"
"754","Identity","UserAccount","553","INSERT","","Active","MicrosoftAccount\hocvienbimat@gmail.com","6/2/2026 3:05:26 PM"
"755","Identity","UserRole","553|5","INSERT","","5","MicrosoftAccount\hocvienbimat@gmail.com","6/2/2026 3:05:26 PM"
"756","Identity","UserAccount","553","SECURITY","","Register customer","MicrosoftAccount\hocvienbimat@gmail.com","6/2/2026 3:05:26 PM"
