"ErrorID","ErrorCode","StationID","PointID","Severity","Description","OccurredAt","ResolvedAt","ResolvedBy","IsActive"
"1","ERR-00001","1","2","Low","Can hieu chuan lai cam bien trang thai dau sac","6/12/2024 10:27:39 PM","6/13/2024 3:27:39 AM","9","False"
"2","ERR-00002","3","3","Low","Can hieu chuan lai cam bien trang thai dau sac","6/23/2024 10:27:39 PM","6/24/2024 4:27:39 AM","10","False"
"3","ERR-00003","3","4","Medium","Dong dien dao dong bat thuong trong gio cao diem","7/4/2024 10:27:39 PM","7/5/2024 5:27:39 AM","11","False"
"4","ERR-00004","5","5","Low","Can hieu chuan lai cam bien trang thai dau sac","7/15/2024 10:27:39 PM","7/16/2024 6:27:39 AM","12","False"
"5","ERR-00005","5","6","Low","Can hieu chuan lai cam bien trang thai dau sac","7/26/2024 10:27:39 PM","7/27/2024 7:27:39 AM","13","False"
"6","ERR-00006","6","7","Medium","Dong dien dao dong bat thuong trong gio cao diem","8/6/2024 10:27:39 PM","8/7/2024 8:27:39 AM","14","False"
"7","ERR-00007","6","8","High","Mat ket noi voi bo dieu khien cong sac","8/17/2024 10:27:39 PM","8/18/2024 9:27:39 AM","15","False"
"8","ERR-00008","10","9","Low","Can hieu chuan lai cam bien trang thai dau sac","8/28/2024 10:27:39 PM","8/29/2024 10:27:39 AM","16","False"
"9","ERR-00009","10","10","Medium","Dong dien dao dong bat thuong trong gio cao diem","9/8/2024 10:27:39 PM","","","True"
"10","ERR-00010","12","11","Low","Can hieu chuan lai cam bien trang thai dau sac","9/19/2024 10:27:39 PM","9/20/2024 12:27:39 PM","18","False"
"11","ERR-00011","12","12","Low","Can hieu chuan lai cam bien trang thai dau sac","9/30/2024 10:27:39 PM","10/1/2024 1:27:39 PM","19","False"
"12","ERR-00012","14","13","Medium","Dong dien dao dong bat thuong trong gio cao diem","10/11/2024 10:27:39 PM","10/12/2024 2:27:39 PM","20","False"
"13","ERR-00013","14","14","Low","Can hieu chuan lai cam bien trang thai dau sac","10/22/2024 10:27:39 PM","10/23/2024 3:27:39 PM","21","False"
"14","ERR-00014","16","15","High","Mat ket noi voi bo dieu khien cong sac","11/2/2024 10:27:39 PM","11/3/2024 4:27:39 PM","22","False"
"15","ERR-00015","16","16","Medium","Dong dien dao dong bat thuong trong gio cao diem","11/13/2024 10:27:39 PM","11/14/2024 5:27:39 PM","23","False"
"16","ERR-00016","18","17","Low","Can hieu chuan lai cam bien trang thai dau sac","11/24/2024 10:27:39 PM","11/25/2024 6:27:39 PM","24","False"
"17","ERR-00017","18","18","Critical","Nhiet do dau sac vuot nguong, tam dung phien sac de kiem tra","12/5/2024 10:27:39 PM","12/6/2024 7:27:39 PM","25","False"
"18","ERR-00018","21","19","Medium","Dong dien dao dong bat thuong trong gio cao diem","12/16/2024 10:27:39 PM","","","True"
"19","ERR-00019","21","20","Low","Can hieu chuan lai cam bien trang thai dau sac","12/27/2024 10:27:39 PM","12/28/2024 9:27:39 PM","27","False"
"20","ERR-00020","23","21","Low","Can hieu chuan lai cam bien trang thai dau sac","1/7/2025 10:27:39 PM","1/8/2025 10:27:39 PM","28","False"
"21","ERR-00021","23","22","High","Mat ket noi voi bo dieu khien cong sac","1/18/2025 10:27:39 PM","1/19/2025 11:27:39 PM","29","False"
"22","ERR-00022","24","23","Low","Can hieu chuan lai cam bien trang thai dau sac","1/29/2025 10:27:39 PM","1/31/2025 12:27:39 AM","30","False"
"23","ERR-00023","24","24","Low","Can hieu chuan lai cam bien trang thai dau sac","2/9/2025 10:27:39 PM","2/11/2025 1:27:39 AM","31","False"
"24","ERR-00024","26","25","Medium","Dong dien dao dong bat thuong trong gio cao diem","2/20/2025 10:27:39 PM","2/22/2025 2:27:39 AM","32","False"
"25","ERR-00025","26","26","Low","Can hieu chuan lai cam bien trang thai dau sac","3/3/2025 10:27:39 PM","3/5/2025 3:27:39 AM","33","False"
"26","ERR-00026","30","27","Low","Can hieu chuan lai cam bien trang thai dau sac","3/14/2025 10:27:39 PM","3/16/2025 4:27:39 AM","34","False"
"27","ERR-00027","30","28","Medium","Dong dien dao dong bat thuong trong gio cao diem","3/25/2025 10:27:39 PM","","","True"
"28","ERR-00028","32","29","High","Mat ket noi voi bo dieu khien cong sac","4/5/2025 10:27:39 PM","4/7/2025 6:27:39 AM","36","False"
"29","ERR-00029","32","30","Low","Can hieu chuan lai cam bien trang thai dau sac","4/16/2025 10:27:39 PM","4/18/2025 7:27:39 AM","9","False"
"30","ERR-00030","34","31","Medium","Dong dien dao dong bat thuong trong gio cao diem","4/27/2025 10:27:39 PM","4/29/2025 8:27:39 AM","10","False"
"31","ERR-00031","34","32","Low","Can hieu chuan lai cam bien trang thai dau sac","5/8/2025 10:27:39 PM","5/10/2025 9:27:39 AM","11","False"
"32","ERR-00032","35","33","Low","Can hieu chuan lai cam bien trang thai dau sac","5/19/2025 10:27:39 PM","5/21/2025 10:27:39 AM","12","False"
"33","ERR-00033","35","34","Medium","Dong dien dao dong bat thuong trong gio cao diem","5/30/2025 10:27:39 PM","6/1/2025 11:27:39 AM","13","False"
"34","ERR-00034","37","35","Critical","Nhiet do dau sac vuot nguong, tam dung phien sac de kiem tra","6/10/2025 10:27:39 PM","6/12/2025 12:27:39 PM","14","False"
"35","ERR-00035","37","36","High","Mat ket noi voi bo dieu khien cong sac","6/21/2025 10:27:39 PM","6/23/2025 1:27:39 PM","15","False"
"36","ERR-00036","39","37","Medium","Dong dien dao dong bat thuong trong gio cao diem","7/2/2025 10:27:39 PM","","","True"
"37","ERR-00037","39","38","Low","Can hieu chuan lai cam bien trang thai dau sac","7/13/2025 10:27:39 PM","7/15/2025 3:27:39 PM","17","False"
"38","ERR-00038","42","39","Low","Can hieu chuan lai cam bien trang thai dau sac","7/24/2025 10:27:39 PM","7/26/2025 4:27:39 PM","18","False"
"39","ERR-00039","42","40","Medium","Dong dien dao dong bat thuong trong gio cao diem","8/4/2025 10:27:39 PM","8/6/2025 5:27:39 PM","19","False"
"40","ERR-00040","44","41","Low","Can hieu chuan lai cam bien trang thai dau sac","8/15/2025 10:27:39 PM","8/17/2025 6:27:39 PM","20","False"
"41","ERR-00041","44","42","Low","Can hieu chuan lai cam bien trang thai dau sac","8/26/2025 10:27:39 PM","8/28/2025 7:27:39 PM","21","False"
"42","ERR-00042","46","43","High","Mat ket noi voi bo dieu khien cong sac","9/6/2025 10:27:39 PM","9/8/2025 8:27:39 PM","22","False"
"43","ERR-00043","46","44","Low","Can hieu chuan lai cam bien trang thai dau sac","9/17/2025 10:27:39 PM","9/19/2025 9:27:39 PM","23","False"
"44","ERR-00044","50","45","Low","Can hieu chuan lai cam bien trang thai dau sac","9/28/2025 10:27:39 PM","9/30/2025 10:27:39 PM","24","False"
"45","ERR-00045","50","46","Medium","Dong dien dao dong bat thuong trong gio cao diem","10/9/2025 10:27:39 PM","","","True"
"46","ERR-00046","52","47","Low","Can hieu chuan lai cam bien trang thai dau sac","10/20/2025 10:27:39 PM","10/23/2025 12:27:39 AM","26","False"
"47","ERR-00047","52","48","Low","Can hieu chuan lai cam bien trang thai dau sac","10/31/2025 10:27:39 PM","11/3/2025 1:27:39 AM","27","False"
"48","ERR-00048","55","49","Medium","Dong dien dao dong bat thuong trong gio cao diem","11/11/2025 10:27:39 PM","11/12/2025 2:27:39 AM","28","False"
"49","ERR-00049","55","50","High","Mat ket noi voi bo dieu khien cong sac","11/22/2025 10:27:39 PM","11/23/2025 3:27:39 AM","29","False"
"50","ERR-00050","57","51","Low","Can hieu chuan lai cam bien trang thai dau sac","12/3/2025 10:27:39 PM","12/4/2025 4:27:39 AM","30","False"
"51","ERR-00051","57","52","Critical","Nhiet do dau sac vuot nguong, tam dung phien sac de kiem tra","12/14/2025 10:27:39 PM","12/15/2025 5:27:39 AM","31","False"
"52","ERR-00052","60","53","Low","Can hieu chuan lai cam bien trang thai dau sac","12/25/2025 10:27:39 PM","12/26/2025 6:27:39 AM","32","False"
"53","ERR-00053","60","54","Low","Can hieu chuan lai cam bien trang thai dau sac","1/5/2026 10:27:39 PM","1/6/2026 7:27:39 AM","33","False"
"54","ERR-00054","62","55","Medium","Dong dien dao dong bat thuong trong gio cao diem","1/16/2026 10:27:39 PM","","","True"
"55","ERR-00055","62","56","Low","Can hieu chuan lai cam bien trang thai dau sac","1/27/2026 10:27:39 PM","1/28/2026 9:27:39 AM","35","False"
"56","ERR-00056","65","57","High","Mat ket noi voi bo dieu khien cong sac","2/7/2026 10:27:39 PM","2/8/2026 10:27:39 AM","36","False"
"57","ERR-00057","65","58","Medium","Dong dien dao dong bat thuong trong gio cao diem","2/18/2026 10:27:39 PM","2/19/2026 11:27:39 AM","9","False"
"58","ERR-00058","67","59","Low","Can hieu chuan lai cam bien trang thai dau sac","3/1/2026 10:27:39 PM","3/2/2026 12:27:39 PM","10","False"
"59","ERR-00059","67","60","Low","Can hieu chuan lai cam bien trang thai dau sac","3/12/2026 10:27:39 PM","3/13/2026 1:27:39 PM","11","False"
"60","ERR-00060","70","61","Medium","Dong dien dao dong bat thuong trong gio cao diem","3/23/2026 10:27:39 PM","3/24/2026 2:27:39 PM","12","False"
"61","ERR-00061","70","62","Low","Can hieu chuan lai cam bien trang thai dau sac","4/3/2026 10:27:39 PM","4/4/2026 3:27:39 PM","13","False"
"62","ERR-00062","73","63","Low","Can hieu chuan lai cam bien trang thai dau sac","4/14/2026 10:27:39 PM","4/15/2026 4:27:39 PM","14","False"
"63","ERR-00063","73","64","High","Mat ket noi voi bo dieu khien cong sac","4/25/2026 10:27:39 PM","","","True"
"64","ERR-00064","75","65","Low","Can hieu chuan lai cam bien trang thai dau sac","5/6/2026 10:27:39 PM","5/7/2026 6:27:39 PM","16","False"
"65","ERR-00065","75","66","Low","Can hieu chuan lai cam bien trang thai dau sac","5/17/2026 10:27:39 PM","5/18/2026 7:27:39 PM","17","False"
"66","ERR-00066","76","67","Medium","Dong dien dao dong bat thuong trong gio cao diem","5/28/2026 10:27:39 PM","5/29/2026 8:27:39 PM","18","False"
"67","ERR-00067","76","68","Low","Can hieu chuan lai cam bien trang thai dau sac","6/8/2024 10:27:39 PM","6/9/2024 9:27:39 PM","19","False"
"68","ERR-00068","78","69","Critical","Nhiet do dau sac vuot nguong, tam dung phien sac de kiem tra","6/19/2024 10:27:39 PM","6/20/2024 10:27:39 PM","20","False"
"69","ERR-00069","78","70","Medium","Dong dien dao dong bat thuong trong gio cao diem","6/30/2024 10:27:39 PM","7/1/2024 11:27:39 PM","21","False"
"70","ERR-00070","81","71","High","Mat ket noi voi bo dieu khien cong sac","7/11/2024 10:27:39 PM","7/13/2024 12:27:39 AM","22","False"
"71","ERR-00071","81","72","Low","Can hieu chuan lai cam bien trang thai dau sac","7/22/2024 10:27:39 PM","7/24/2024 1:27:39 AM","23","False"
"72","ERR-00072","83","73","Medium","Dong dien dao dong bat thuong trong gio cao diem","8/2/2024 10:27:39 PM","","","True"
"73","ERR-00073","83","74","Low","Can hieu chuan lai cam bien trang thai dau sac","8/13/2024 10:27:39 PM","8/15/2024 3:27:39 AM","25","False"
"74","ERR-00074","85","75","Low","Can hieu chuan lai cam bien trang thai dau sac","8/24/2024 10:27:39 PM","8/26/2024 4:27:39 AM","26","False"
"75","ERR-00075","85","76","Medium","Dong dien dao dong bat thuong trong gio cao diem","9/4/2024 10:27:39 PM","9/6/2024 5:27:39 AM","27","False"
"76","ERR-00076","87","77","Low","Can hieu chuan lai cam bien trang thai dau sac","9/15/2024 10:27:39 PM","9/17/2024 6:27:39 AM","28","False"
"77","ERR-00077","87","78","High","Mat ket noi voi bo dieu khien cong sac","9/26/2024 10:27:39 PM","9/28/2024 7:27:39 AM","29","False"
"78","ERR-00078","91","79","Medium","Dong dien dao dong bat thuong trong gio cao diem","10/7/2024 10:27:39 PM","10/9/2024 8:27:39 AM","30","False"
"79","ERR-00079","91","80","Low","Can hieu chuan lai cam bien trang thai dau sac","10/18/2024 10:27:39 PM","10/20/2024 9:27:39 AM","31","False"
"80","ERR-00080","93","81","Low","Can hieu chuan lai cam bien trang thai dau sac","10/29/2024 10:27:39 PM","10/31/2024 10:27:39 AM","32","False"
"81","ERR-00081","93","82","Medium","Dong dien dao dong bat thuong trong gio cao diem","11/9/2024 10:27:39 PM","","","True"
"82","ERR-00082","95","83","Low","Can hieu chuan lai cam bien trang thai dau sac","11/20/2024 10:27:39 PM","11/22/2024 12:27:39 PM","34","False"
"83","ERR-00083","95","84","Low","Can hieu chuan lai cam bien trang thai dau sac","12/1/2024 10:27:39 PM","12/3/2024 1:27:39 PM","35","False"
"84","ERR-00084","97","85","High","Mat ket noi voi bo dieu khien cong sac","12/12/2024 10:27:39 PM","12/14/2024 2:27:39 PM","36","False"
"85","ERR-00085","97","86","Critical","Nhiet do dau sac vuot nguong, tam dung phien sac de kiem tra","12/23/2024 10:27:39 PM","12/25/2024 3:27:39 PM","9","False"
"86","ERR-00086","99","87","Low","Can hieu chuan lai cam bien trang thai dau sac","1/3/2025 10:27:39 PM","1/5/2025 4:27:39 PM","10","False"
"87","ERR-00087","99","88","Medium","Dong dien dao dong bat thuong trong gio cao diem","1/14/2025 10:27:39 PM","1/16/2025 5:27:39 PM","11","False"
"88","ERR-00088","100","89","Low","Can hieu chuan lai cam bien trang thai dau sac","1/25/2025 10:27:39 PM","1/27/2025 6:27:39 PM","12","False"
"89","ERR-00089","100","90","Low","Can hieu chuan lai cam bien trang thai dau sac","2/5/2025 10:27:39 PM","2/7/2025 7:27:39 PM","13","False"
"90","ERR-00090","100","91","Medium","Dong dien dao dong bat thuong trong gio cao diem","2/16/2025 10:27:39 PM","","","True"
"91","ERR-00091","96","92","High","Mat ket noi voi bo dieu khien cong sac","2/27/2025 10:27:39 PM","3/1/2025 9:27:39 PM","15","False"
"92","ERR-00092","96","93","Low","Can hieu chuan lai cam bien trang thai dau sac","3/10/2025 10:27:39 PM","3/12/2025 10:27:39 PM","16","False"
"93","ERR-00093","96","94","Medium","Dong dien dao dong bat thuong trong gio cao diem","3/21/2025 10:27:39 PM","3/23/2025 11:27:39 PM","17","False"
"94","ERR-00094","94","95","Low","Can hieu chuan lai cam bien trang thai dau sac","4/1/2025 10:27:39 PM","4/4/2025 12:27:39 AM","18","False"
"95","ERR-00095","94","96","Low","Can hieu chuan lai cam bien trang thai dau sac","4/12/2025 10:27:39 PM","4/15/2025 1:27:39 AM","19","False"
"96","ERR-00096","94","97","Medium","Dong dien dao dong bat thuong trong gio cao diem","4/23/2025 10:27:39 PM","4/24/2025 2:27:39 AM","20","False"
"97","ERR-00097","92","98","Low","Can hieu chuan lai cam bien trang thai dau sac","5/4/2025 10:27:39 PM","5/5/2025 3:27:39 AM","21","False"
"98","ERR-00098","92","99","High","Mat ket noi voi bo dieu khien cong sac","5/15/2025 10:27:39 PM","5/16/2025 4:27:39 AM","22","False"
"99","ERR-00099","92","100","Medium","Dong dien dao dong bat thuong trong gio cao diem","5/26/2025 10:27:39 PM","","","True"
"100","ERR-00100","69","101","Low","Can hieu chuan lai cam bien trang thai dau sac","6/6/2025 10:27:39 PM","6/7/2025 6:27:39 AM","24","False"
"101","ERR-00101","69","102","Low","Can hieu chuan lai cam bien trang thai dau sac","6/17/2025 10:27:39 PM","6/18/2025 7:27:39 AM","25","False"
"102","ERR-00102","69","103","Critical","Nhiet do dau sac vuot nguong, tam dung phien sac de kiem tra","6/28/2025 10:27:39 PM","6/29/2025 8:27:39 AM","26","False"
"103","ERR-00103","90","104","Low","Can hieu chuan lai cam bien trang thai dau sac","7/9/2025 10:27:39 PM","7/10/2025 9:27:39 AM","27","False"
"104","ERR-00104","90","105","Low","Can hieu chuan lai cam bien trang thai dau sac","7/20/2025 10:27:39 PM","7/21/2025 10:27:39 AM","28","False"
"105","ERR-00105","90","106","High","Mat ket noi voi bo dieu khien cong sac","7/31/2025 10:27:39 PM","8/1/2025 11:27:39 AM","29","False"
"106","ERR-00106","88","107","Low","Can hieu chuan lai cam bien trang thai dau sac","8/11/2025 10:27:39 PM","8/12/2025 12:27:39 PM","30","False"
"107","ERR-00107","88","108","Low","Can hieu chuan lai cam bien trang thai dau sac","8/22/2025 10:27:39 PM","8/23/2025 1:27:39 PM","31","False"
"108","ERR-00108","88","109","Medium","Dong dien dao dong bat thuong trong gio cao diem","9/2/2025 10:27:39 PM","","","True"
"109","ERR-00109","86","110","Low","Can hieu chuan lai cam bien trang thai dau sac","9/13/2025 10:27:39 PM","9/14/2025 3:27:39 PM","33","False"
"110","ERR-00110","86","111","Low","Can hieu chuan lai cam bien trang thai dau sac","9/24/2025 10:27:39 PM","9/25/2025 4:27:39 PM","34","False"
"111","ERR-00111","86","112","Medium","Dong dien dao dong bat thuong trong gio cao diem","10/5/2025 10:27:39 PM","10/6/2025 5:27:39 PM","35","False"
"112","ERR-00112","84","113","High","Mat ket noi voi bo dieu khien cong sac","10/16/2025 10:27:39 PM","10/17/2025 6:27:39 PM","36","False"
"113","ERR-00113","84","114","Low","Can hieu chuan lai cam bien trang thai dau sac","10/27/2025 10:27:39 PM","10/28/2025 7:27:39 PM","9","False"
"114","ERR-00114","84","115","Medium","Dong dien dao dong bat thuong trong gio cao diem","11/7/2025 10:27:39 PM","11/8/2025 8:27:39 PM","10","False"
"115","ERR-00115","82","116","Low","Can hieu chuan lai cam bien trang thai dau sac","11/18/2025 10:27:39 PM","11/19/2025 9:27:39 PM","11","False"
"116","ERR-00116","82","117","Low","Can hieu chuan lai cam bien trang thai dau sac","11/29/2025 10:27:39 PM","11/30/2025 10:27:39 PM","12","False"
"117","ERR-00117","82","118","Medium","Dong dien dao dong bat thuong trong gio cao diem","12/10/2025 10:27:39 PM","","","True"
"118","ERR-00118","79","119","Low","Can hieu chuan lai cam bien trang thai dau sac","12/21/2025 10:27:39 PM","12/23/2025 12:27:39 AM","14","False"
"119","ERR-00119","79","120","Critical","Nhiet do dau sac vuot nguong, tam dung phien sac de kiem tra","1/1/2026 10:27:39 PM","1/3/2026 1:27:39 AM","15","False"
"120","ERR-00120","79","121","Medium","Dong dien dao dong bat thuong trong gio cao diem","1/12/2026 10:27:39 PM","1/14/2026 2:27:39 AM","16","False"
"121","ERR-00121","77","122","Low","Can hieu chuan lai cam bien trang thai dau sac","1/23/2026 10:27:39 PM","1/25/2026 3:27:39 AM","17","False"
"122","ERR-00122","77","123","Low","Can hieu chuan lai cam bien trang thai dau sac","2/3/2026 10:27:39 PM","2/5/2026 4:27:39 AM","18","False"
"123","ERR-00123","77","124","Medium","Dong dien dao dong bat thuong trong gio cao diem","2/14/2026 10:27:39 PM","2/16/2026 5:27:39 AM","19","False"
"124","ERR-00124","71","125","Low","Can hieu chuan lai cam bien trang thai dau sac","2/25/2026 10:27:39 PM","2/27/2026 6:27:39 AM","20","False"
"125","ERR-00125","71","126","Low","Can hieu chuan lai cam bien trang thai dau sac","3/8/2026 10:27:39 PM","3/10/2026 7:27:39 AM","21","False"
"126","ERR-00126","71","127","High","Mat ket noi voi bo dieu khien cong sac","3/19/2026 10:27:39 PM","","","True"
"127","ERR-00127","72","128","Low","Can hieu chuan lai cam bien trang thai dau sac","3/30/2026 10:27:39 PM","4/1/2026 9:27:39 AM","23","False"
"128","ERR-00128","72","129","Low","Can hieu chuan lai cam bien trang thai dau sac","4/10/2026 10:27:39 PM","4/12/2026 10:27:39 AM","24","False"
"129","ERR-00129","72","130","Medium","Dong dien dao dong bat thuong trong gio cao diem","4/21/2026 10:27:39 PM","4/23/2026 11:27:39 AM","25","False"
"130","ERR-00130","66","131","Low","Can hieu chuan lai cam bien trang thai dau sac","5/2/2026 10:27:39 PM","5/4/2026 12:27:39 PM","26","False"
"131","ERR-00131","66","132","Low","Can hieu chuan lai cam bien trang thai dau sac","5/13/2026 10:27:39 PM","5/15/2026 1:27:39 PM","27","False"
"132","ERR-00132","66","133","Medium","Dong dien dao dong bat thuong trong gio cao diem","5/24/2026 10:27:39 PM","5/26/2026 2:27:39 PM","28","False"
"133","ERR-00133","63","134","High","Mat ket noi voi bo dieu khien cong sac","6/4/2024 10:27:39 PM","6/6/2024 3:27:39 PM","29","False"
"134","ERR-00134","63","135","Low","Can hieu chuan lai cam bien trang thai dau sac","6/15/2024 10:27:39 PM","6/17/2024 4:27:39 PM","30","False"
"135","ERR-00135","63","136","Medium","Dong dien dao dong bat thuong trong gio cao diem","6/26/2024 10:27:39 PM","","","True"
"136","ERR-00136","64","137","Critical","Nhiet do dau sac vuot nguong, tam dung phien sac de kiem tra","7/7/2024 10:27:39 PM","7/9/2024 6:27:39 PM","32","False"
"137","ERR-00137","64","138","Low","Can hieu chuan lai cam bien trang thai dau sac","7/18/2024 10:27:39 PM","7/20/2024 7:27:39 PM","33","False"
"138","ERR-00138","64","139","Medium","Dong dien dao dong bat thuong trong gio cao diem","7/29/2024 10:27:39 PM","7/31/2024 8:27:39 PM","34","False"
"139","ERR-00139","61","140","Low","Can hieu chuan lai cam bien trang thai dau sac","8/9/2024 10:27:39 PM","8/11/2024 9:27:39 PM","35","False"
"140","ERR-00140","61","141","High","Mat ket noi voi bo dieu khien cong sac","8/20/2024 10:27:39 PM","8/22/2024 10:27:39 PM","36","False"
"141","ERR-00141","61","142","Medium","Dong dien dao dong bat thuong trong gio cao diem","8/31/2024 10:27:39 PM","9/2/2024 11:27:39 PM","9","False"
"142","ERR-00142","58","143","Low","Can hieu chuan lai cam bien trang thai dau sac","9/11/2024 10:27:39 PM","9/14/2024 12:27:39 AM","10","False"
"143","ERR-00143","58","144","Low","Can hieu chuan lai cam bien trang thai dau sac","9/22/2024 10:27:39 PM","9/25/2024 1:27:39 AM","11","False"
"144","ERR-00144","58","145","Medium","Dong dien dao dong bat thuong trong gio cao diem","10/3/2024 10:27:39 PM","","","True"
"145","ERR-00145","56","146","Low","Can hieu chuan lai cam bien trang thai dau sac","10/14/2024 10:27:39 PM","10/15/2024 3:27:39 AM","13","False"
"146","ERR-00146","56","147","Low","Can hieu chuan lai cam bien trang thai dau sac","10/25/2024 10:27:39 PM","10/26/2024 4:27:39 AM","14","False"
"147","ERR-00147","56","148","High","Mat ket noi voi bo dieu khien cong sac","11/5/2024 10:27:39 PM","11/6/2024 5:27:39 AM","15","False"
"148","ERR-00148","49","149","Low","Can hieu chuan lai cam bien trang thai dau sac","11/16/2024 10:27:39 PM","11/17/2024 6:27:39 AM","16","False"
"149","ERR-00149","49","150","Low","Can hieu chuan lai cam bien trang thai dau sac","11/27/2024 10:27:39 PM","11/28/2024 7:27:39 AM","17","False"
"150","ERR-00150","49","151","Medium","Dong dien dao dong bat thuong trong gio cao diem","12/8/2024 10:27:39 PM","12/9/2024 8:27:39 AM","18","False"
"151","ERR-00151","54","152","Low","Can hieu chuan lai cam bien trang thai dau sac","12/19/2024 10:27:39 PM","12/20/2024 9:27:39 AM","19","False"
"152","ERR-00152","54","153","Low","Can hieu chuan lai cam bien trang thai dau sac","12/30/2024 10:27:39 PM","12/31/2024 10:27:39 AM","20","False"
"153","ERR-00153","54","154","Critical","Nhiet do dau sac vuot nguong, tam dung phien sac de kiem tra","1/10/2025 10:27:39 PM","","","True"
"154","ERR-00154","51","155","High","Mat ket noi voi bo dieu khien cong sac","1/21/2025 10:27:39 PM","1/22/2025 12:27:39 PM","22","False"
"155","ERR-00155","51","156","Low","Can hieu chuan lai cam bien trang thai dau sac","2/1/2025 10:27:39 PM","2/2/2025 1:27:39 PM","23","False"
"156","ERR-00156","51","157","Medium","Dong dien dao dong bat thuong trong gio cao diem","2/12/2025 10:27:39 PM","2/13/2025 2:27:39 PM","24","False"
"157","ERR-00157","47","158","Low","Can hieu chuan lai cam bien trang thai dau sac","2/23/2025 10:27:39 PM","2/24/2025 3:27:39 PM","25","False"
"158","ERR-00158","47","159","Low","Can hieu chuan lai cam bien trang thai dau sac","3/6/2025 10:27:39 PM","3/7/2025 4:27:39 PM","26","False"
"159","ERR-00159","47","160","Medium","Dong dien dao dong bat thuong trong gio cao diem","3/17/2025 10:27:39 PM","3/18/2025 5:27:39 PM","27","False"
"160","ERR-00160","45","161","Low","Can hieu chuan lai cam bien trang thai dau sac","3/28/2025 10:27:39 PM","3/29/2025 6:27:39 PM","28","False"
"161","ERR-00161","45","162","High","Mat ket noi voi bo dieu khien cong sac","4/8/2025 10:27:39 PM","4/9/2025 7:27:39 PM","29","False"
"162","ERR-00162","45","163","Medium","Dong dien dao dong bat thuong trong gio cao diem","4/19/2025 10:27:39 PM","","","True"
"163","ERR-00163","43","164","Low","Can hieu chuan lai cam bien trang thai dau sac","4/30/2025 10:27:39 PM","5/1/2025 9:27:39 PM","31","False"
"164","ERR-00164","43","165","Low","Can hieu chuan lai cam bien trang thai dau sac","5/11/2025 10:27:39 PM","5/12/2025 10:27:39 PM","32","False"
"165","ERR-00165","43","166","Medium","Dong dien dao dong bat thuong trong gio cao diem","5/22/2025 10:27:39 PM","5/23/2025 11:27:39 PM","33","False"
"166","ERR-00166","40","167","Low","Can hieu chuan lai cam bien trang thai dau sac","6/2/2025 10:27:39 PM","6/4/2025 12:27:39 AM","34","False"
"167","ERR-00167","40","168","Low","Can hieu chuan lai cam bien trang thai dau sac","6/13/2025 10:27:39 PM","6/15/2025 1:27:39 AM","35","False"
"168","ERR-00168","40","169","High","Mat ket noi voi bo dieu khien cong sac","6/24/2025 10:27:39 PM","6/26/2025 2:27:39 AM","36","False"
"169","ERR-00169","41","170","Low","Can hieu chuan lai cam bien trang thai dau sac","7/5/2025 10:27:39 PM","7/7/2025 3:27:39 AM","9","False"
"170","ERR-00170","41","171","Critical","Nhiet do dau sac vuot nguong, tam dung phien sac de kiem tra","7/16/2025 10:27:39 PM","7/18/2025 4:27:39 AM","10","False"
"171","ERR-00171","41","172","Medium","Dong dien dao dong bat thuong trong gio cao diem","7/27/2025 10:27:39 PM","","","True"
"172","ERR-00172","36","173","Low","Can hieu chuan lai cam bien trang thai dau sac","8/7/2025 10:27:39 PM","8/9/2025 6:27:39 AM","12","False"
"173","ERR-00173","36","174","Low","Can hieu chuan lai cam bien trang thai dau sac","8/18/2025 10:27:39 PM","8/20/2025 7:27:39 AM","13","False"
"174","ERR-00174","36","175","Medium","Dong dien dao dong bat thuong trong gio cao diem","8/29/2025 10:27:39 PM","8/31/2025 8:27:39 AM","14","False"
"175","ERR-00175","33","176","High","Mat ket noi voi bo dieu khien cong sac","9/9/2025 10:27:39 PM","9/11/2025 9:27:39 AM","15","False"
"176","ERR-00176","33","177","Low","Can hieu chuan lai cam bien trang thai dau sac","9/20/2025 10:27:39 PM","9/22/2025 10:27:39 AM","16","False"
"177","ERR-00177","33","178","Medium","Dong dien dao dong bat thuong trong gio cao diem","10/1/2025 10:27:39 PM","10/3/2025 11:27:39 AM","17","False"
"178","ERR-00178","31","179","Low","Can hieu chuan lai cam bien trang thai dau sac","10/12/2025 10:27:39 PM","10/14/2025 12:27:39 PM","18","False"
"179","ERR-00179","31","180","Low","Can hieu chuan lai cam bien trang thai dau sac","10/23/2025 10:27:39 PM","10/25/2025 1:27:39 PM","19","False"
"180","ERR-00180","31","181","Medium","Dong dien dao dong bat thuong trong gio cao diem","11/3/2025 10:27:39 PM","","","True"
"181","ERR-00181","9","182","Low","Can hieu chuan lai cam bien trang thai dau sac","11/14/2025 10:27:39 PM","11/16/2025 3:27:39 PM","21","False"
"182","ERR-00182","9","183","High","Mat ket noi voi bo dieu khien cong sac","11/25/2025 10:27:39 PM","11/27/2025 4:27:39 PM","22","False"
"183","ERR-00183","9","184","Medium","Dong dien dao dong bat thuong trong gio cao diem","12/6/2025 10:27:39 PM","12/8/2025 5:27:39 PM","23","False"
"184","ERR-00184","29","185","Low","Can hieu chuan lai cam bien trang thai dau sac","12/17/2025 10:27:39 PM","12/19/2025 6:27:39 PM","24","False"
"185","ERR-00185","29","186","Low","Can hieu chuan lai cam bien trang thai dau sac","12/28/2025 10:27:39 PM","12/30/2025 7:27:39 PM","25","False"
"186","ERR-00186","29","187","Medium","Dong dien dao dong bat thuong trong gio cao diem","1/8/2026 10:27:39 PM","1/10/2026 8:27:39 PM","26","False"
"187","ERR-00187","27","188","Critical","Nhiet do dau sac vuot nguong, tam dung phien sac de kiem tra","1/19/2026 10:27:39 PM","1/21/2026 9:27:39 PM","27","False"
"188","ERR-00188","27","189","Low","Can hieu chuan lai cam bien trang thai dau sac","1/30/2026 10:27:39 PM","2/1/2026 10:27:39 PM","28","False"
"189","ERR-00189","27","190","High","Mat ket noi voi bo dieu khien cong sac","2/10/2026 10:27:39 PM","","","True"
"190","ERR-00190","25","191","Low","Can hieu chuan lai cam bien trang thai dau sac","2/21/2026 10:27:39 PM","2/24/2026 12:27:39 AM","30","False"
"191","ERR-00191","25","192","Low","Can hieu chuan lai cam bien trang thai dau sac","3/4/2026 10:27:39 PM","3/7/2026 1:27:39 AM","31","False"
"192","ERR-00192","25","193","Medium","Dong dien dao dong bat thuong trong gio cao diem","3/15/2026 10:27:39 PM","3/16/2026 2:27:39 AM","32","False"
"193","ERR-00193","22","194","Low","Can hieu chuan lai cam bien trang thai dau sac","3/26/2026 10:27:39 PM","3/27/2026 3:27:39 AM","33","False"
"194","ERR-00194","22","195","Low","Can hieu chuan lai cam bien trang thai dau sac","4/6/2026 10:27:39 PM","4/7/2026 4:27:39 AM","34","False"
"195","ERR-00195","22","196","Medium","Dong dien dao dong bat thuong trong gio cao diem","4/17/2026 10:27:39 PM","4/18/2026 5:27:39 AM","35","False"
"196","ERR-00196","19","197","High","Mat ket noi voi bo dieu khien cong sac","4/28/2026 10:27:39 PM","4/29/2026 6:27:39 AM","36","False"
"197","ERR-00197","19","198","Low","Can hieu chuan lai cam bien trang thai dau sac","5/9/2026 10:27:39 PM","5/10/2026 7:27:39 AM","9","False"
"198","ERR-00198","19","199","Medium","Dong dien dao dong bat thuong trong gio cao diem","5/20/2026 10:27:39 PM","","","True"
"199","ERR-00199","20","200","Low","Can hieu chuan lai cam bien trang thai dau sac","5/31/2026 10:27:39 PM","6/1/2026 9:27:39 AM","11","False"
"200","ERR-00200","20","201","Low","Can hieu chuan lai cam bien trang thai dau sac","6/11/2024 10:27:39 PM","6/12/2024 10:27:39 AM","12","False"
"201","ERR-00201","20","202","Medium","Dong dien dao dong bat thuong trong gio cao diem","6/22/2024 10:27:39 PM","6/23/2024 11:27:39 AM","13","False"
"202","ERR-00202","15","203","Low","Can hieu chuan lai cam bien trang thai dau sac","7/3/2024 10:27:39 PM","7/4/2024 12:27:39 PM","14","False"
"203","ERR-00203","15","204","High","Mat ket noi voi bo dieu khien cong sac","7/14/2024 10:27:39 PM","7/15/2024 1:27:39 PM","15","False"
"204","ERR-00204","15","205","Critical","Nhiet do dau sac vuot nguong, tam dung phien sac de kiem tra","7/25/2024 10:27:39 PM","7/26/2024 2:27:39 PM","16","False"
"205","ERR-00205","13","206","Low","Can hieu chuan lai cam bien trang thai dau sac","8/5/2024 10:27:39 PM","8/6/2024 3:27:39 PM","17","False"
"206","ERR-00206","13","207","Low","Can hieu chuan lai cam bien trang thai dau sac","8/16/2024 10:27:39 PM","8/17/2024 4:27:39 PM","18","False"
"207","ERR-00207","13","208","Medium","Dong dien dao dong bat thuong trong gio cao diem","8/27/2024 10:27:39 PM","","","True"
"208","ERR-00208","11","209","Low","Can hieu chuan lai cam bien trang thai dau sac","9/7/2024 10:27:39 PM","9/8/2024 6:27:39 PM","20","False"
"209","ERR-00209","11","210","Low","Can hieu chuan lai cam bien trang thai dau sac","9/18/2024 10:27:39 PM","9/19/2024 7:27:39 PM","21","False"
"210","ERR-00210","11","211","High","Mat ket noi voi bo dieu khien cong sac","9/29/2024 10:27:39 PM","9/30/2024 8:27:39 PM","22","False"
"211","ERR-00211","7","212","Low","Can hieu chuan lai cam bien trang thai dau sac","10/10/2024 10:27:39 PM","10/11/2024 9:27:39 PM","23","False"
"212","ERR-00212","7","213","Low","Can hieu chuan lai cam bien trang thai dau sac","10/21/2024 10:27:39 PM","10/22/2024 10:27:39 PM","24","False"
"213","ERR-00213","7","214","Medium","Dong dien dao dong bat thuong trong gio cao diem","11/1/2024 10:27:39 PM","11/2/2024 11:27:39 PM","25","False"
"214","ERR-00214","4","215","Low","Can hieu chuan lai cam bien trang thai dau sac","11/12/2024 10:27:39 PM","11/14/2024 12:27:39 AM","26","False"
"215","ERR-00215","4","216","Low","Can hieu chuan lai cam bien trang thai dau sac","11/23/2024 10:27:39 PM","11/25/2024 1:27:39 AM","27","False"
"216","ERR-00216","4","217","Medium","Dong dien dao dong bat thuong trong gio cao diem","12/4/2024 10:27:39 PM","","","True"
"217","ERR-00217","2","218","High","Mat ket noi voi bo dieu khien cong sac","12/15/2024 10:27:39 PM","12/17/2024 3:27:39 AM","29","False"
"218","ERR-00218","2","219","Low","Can hieu chuan lai cam bien trang thai dau sac","12/26/2024 10:27:39 PM","12/28/2024 4:27:39 AM","30","False"
"219","ERR-00219","2","220","Medium","Dong dien dao dong bat thuong trong gio cao diem","1/6/2025 10:27:39 PM","1/8/2025 5:27:39 AM","31","False"
"220","ERR-00220","8","221","Low","Can hieu chuan lai cam bien trang thai dau sac","1/17/2025 10:27:39 PM","1/19/2025 6:27:39 AM","32","False"
"221","ERR-00221","8","222","Critical","Nhiet do dau sac vuot nguong, tam dung phien sac de kiem tra","1/28/2025 10:27:39 PM","1/30/2025 7:27:39 AM","33","False"
"222","ERR-00222","8","223","Medium","Dong dien dao dong bat thuong trong gio cao diem","2/8/2025 10:27:39 PM","2/10/2025 8:27:39 AM","34","False"
"223","ERR-00223","8","224","Low","Can hieu chuan lai cam bien trang thai dau sac","2/19/2025 10:27:39 PM","2/21/2025 9:27:39 AM","35","False"
"224","ERR-00224","8","225","High","Mat ket noi voi bo dieu khien cong sac","3/2/2025 10:27:39 PM","3/4/2025 10:27:39 AM","36","False"
"225","ERR-00225","17","226","Medium","Dong dien dao dong bat thuong trong gio cao diem","3/13/2025 10:27:39 PM","","","True"
"226","ERR-00226","17","227","Low","Can hieu chuan lai cam bien trang thai dau sac","3/24/2025 10:27:39 PM","3/26/2025 12:27:39 PM","10","False"
"227","ERR-00227","17","228","Low","Can hieu chuan lai cam bien trang thai dau sac","4/4/2025 10:27:39 PM","4/6/2025 1:27:39 PM","11","False"
"228","ERR-00228","17","229","Medium","Dong dien dao dong bat thuong trong gio cao diem","4/15/2025 10:27:39 PM","4/17/2025 2:27:39 PM","12","False"
"229","ERR-00229","17","230","Low","Can hieu chuan lai cam bien trang thai dau sac","4/26/2025 10:27:39 PM","4/28/2025 3:27:39 PM","13","False"
"230","ERR-00230","28","231","Low","Can hieu chuan lai cam bien trang thai dau sac","5/7/2025 10:27:39 PM","5/9/2025 4:27:39 PM","14","False"
"231","ERR-00231","28","232","High","Mat ket noi voi bo dieu khien cong sac","5/18/2025 10:27:39 PM","5/20/2025 5:27:39 PM","15","False"
"232","ERR-00232","28","233","Low","Can hieu chuan lai cam bien trang thai dau sac","5/29/2025 10:27:39 PM","5/31/2025 6:27:39 PM","16","False"
"233","ERR-00233","28","234","Low","Can hieu chuan lai cam bien trang thai dau sac","6/9/2025 10:27:39 PM","6/11/2025 7:27:39 PM","17","False"
"234","ERR-00234","28","235","Medium","Dong dien dao dong bat thuong trong gio cao diem","6/20/2025 10:27:39 PM","","","True"
"235","ERR-00235","38","236","Low","Can hieu chuan lai cam bien trang thai dau sac","7/1/2025 10:27:39 PM","7/3/2025 9:27:39 PM","19","False"
"236","ERR-00236","38","237","Low","Can hieu chuan lai cam bien trang thai dau sac","7/12/2025 10:27:39 PM","7/14/2025 10:27:39 PM","20","False"
"237","ERR-00237","38","238","Medium","Dong dien dao dong bat thuong trong gio cao diem","7/23/2025 10:27:39 PM","7/25/2025 11:27:39 PM","21","False"
"238","ERR-00238","38","239","Critical","Nhiet do dau sac vuot nguong, tam dung phien sac de kiem tra","8/3/2025 10:27:39 PM","8/6/2025 12:27:39 AM","22","False"
"239","ERR-00239","38","240","Low","Can hieu chuan lai cam bien trang thai dau sac","8/14/2025 10:27:39 PM","8/17/2025 1:27:39 AM","23","False"
"240","ERR-00240","48","241","Medium","Dong dien dao dong bat thuong trong gio cao diem","8/25/2025 10:27:39 PM","8/26/2025 2:27:39 AM","24","False"
"241","ERR-00241","48","242","Low","Can hieu chuan lai cam bien trang thai dau sac","9/5/2025 10:27:39 PM","9/6/2025 3:27:39 AM","25","False"
"242","ERR-00242","48","243","Low","Can hieu chuan lai cam bien trang thai dau sac","9/16/2025 10:27:39 PM","9/17/2025 4:27:39 AM","26","False"
"243","ERR-00243","48","244","Medium","Dong dien dao dong bat thuong trong gio cao diem","9/27/2025 10:27:39 PM","","","True"
"244","ERR-00244","48","245","Low","Can hieu chuan lai cam bien trang thai dau sac","10/8/2025 10:27:39 PM","10/9/2025 6:27:39 AM","28","False"
"245","ERR-00245","53","246","High","Mat ket noi voi bo dieu khien cong sac","10/19/2025 10:27:39 PM","10/20/2025 7:27:39 AM","29","False"
"246","ERR-00246","53","247","Medium","Dong dien dao dong bat thuong trong gio cao diem","10/30/2025 10:27:39 PM","10/31/2025 8:27:39 AM","30","False"
"247","ERR-00247","53","248","Low","Can hieu chuan lai cam bien trang thai dau sac","11/10/2025 10:27:39 PM","11/11/2025 9:27:39 AM","31","False"
"248","ERR-00248","53","249","Low","Can hieu chuan lai cam bien trang thai dau sac","11/21/2025 10:27:39 PM","11/22/2025 10:27:39 AM","32","False"
"249","ERR-00249","53","250","Medium","Dong dien dao dong bat thuong trong gio cao diem","12/2/2025 10:27:39 PM","12/3/2025 11:27:39 AM","33","False"
"250","ERR-00250","59","251","Low","Can hieu chuan lai cam bien trang thai dau sac","12/13/2025 10:27:39 PM","12/14/2025 12:27:39 PM","34","False"
"251","ERR-00251","59","252","Low","Can hieu chuan lai cam bien trang thai dau sac","12/24/2025 10:27:39 PM","12/25/2025 1:27:39 PM","35","False"
"252","ERR-00252","59","253","High","Mat ket noi voi bo dieu khien cong sac","1/4/2026 10:27:39 PM","","","True"
"253","ERR-00253","59","254","Low","Can hieu chuan lai cam bien trang thai dau sac","1/15/2026 10:27:39 PM","1/16/2026 3:27:39 PM","9","False"
"254","ERR-00254","59","255","Low","Can hieu chuan lai cam bien trang thai dau sac","1/26/2026 10:27:39 PM","1/27/2026 4:27:39 PM","10","False"
"255","ERR-00255","68","256","Critical","Nhiet do dau sac vuot nguong, tam dung phien sac de kiem tra","2/6/2026 10:27:39 PM","2/7/2026 5:27:39 PM","11","False"
"256","ERR-00256","68","257","Low","Can hieu chuan lai cam bien trang thai dau sac","2/17/2026 10:27:39 PM","2/18/2026 6:27:39 PM","12","False"
"257","ERR-00257","68","258","Low","Can hieu chuan lai cam bien trang thai dau sac","2/28/2026 10:27:39 PM","3/1/2026 7:27:39 PM","13","False"
"258","ERR-00258","68","259","Medium","Dong dien dao dong bat thuong trong gio cao diem","3/11/2026 10:27:39 PM","3/12/2026 8:27:39 PM","14","False"
"259","ERR-00259","68","260","High","Mat ket noi voi bo dieu khien cong sac","3/22/2026 10:27:39 PM","3/23/2026 9:27:39 PM","15","False"
"260","ERR-00260","74","261","Low","Can hieu chuan lai cam bien trang thai dau sac","4/2/2026 10:27:39 PM","4/3/2026 10:27:39 PM","16","False"
"261","ERR-00261","74","262","Medium","Dong dien dao dong bat thuong trong gio cao diem","4/13/2026 10:27:39 PM","","","True"
"262","ERR-00262","74","263","Low","Can hieu chuan lai cam bien trang thai dau sac","4/24/2026 10:27:39 PM","4/26/2026 12:27:39 AM","18","False"
"263","ERR-00263","74","264","Low","Can hieu chuan lai cam bien trang thai dau sac","5/5/2026 10:27:39 PM","5/7/2026 1:27:39 AM","19","False"
"264","ERR-00264","74","265","Medium","Dong dien dao dong bat thuong trong gio cao diem","5/16/2026 10:27:39 PM","5/18/2026 2:27:39 AM","20","False"
"265","ERR-00265","80","266","Low","Can hieu chuan lai cam bien trang thai dau sac","5/27/2026 10:27:39 PM","5/29/2026 3:27:39 AM","21","False"
"266","ERR-00266","80","267","High","Mat ket noi voi bo dieu khien cong sac","6/7/2024 10:27:39 PM","6/9/2024 4:27:39 AM","22","False"
"267","ERR-00267","80","268","Medium","Dong dien dao dong bat thuong trong gio cao diem","6/18/2024 10:27:39 PM","6/20/2024 5:27:39 AM","23","False"
"268","ERR-00268","80","269","Low","Can hieu chuan lai cam bien trang thai dau sac","6/29/2024 10:27:39 PM","7/1/2024 6:27:39 AM","24","False"
"269","ERR-00269","80","270","Low","Can hieu chuan lai cam bien trang thai dau sac","7/10/2024 10:27:39 PM","7/12/2024 7:27:39 AM","25","False"
"270","ERR-00270","89","271","Medium","Dong dien dao dong bat thuong trong gio cao diem","7/21/2024 10:27:39 PM","","","True"
"271","ERR-00271","89","272","Low","Can hieu chuan lai cam bien trang thai dau sac","8/1/2024 10:27:39 PM","8/3/2024 9:27:39 AM","27","False"
"272","ERR-00272","89","273","Critical","Nhiet do dau sac vuot nguong, tam dung phien sac de kiem tra","8/12/2024 10:27:39 PM","8/14/2024 10:27:39 AM","28","False"
"273","ERR-00273","89","274","High","Mat ket noi voi bo dieu khien cong sac","8/23/2024 10:27:39 PM","8/25/2024 11:27:39 AM","29","False"
"274","ERR-00274","89","275","Low","Can hieu chuan lai cam bien trang thai dau sac","9/3/2024 10:27:39 PM","9/5/2024 12:27:39 PM","30","False"
"275","ERR-00275","98","276","Low","Can hieu chuan lai cam bien trang thai dau sac","9/14/2024 10:27:39 PM","9/16/2024 1:27:39 PM","31","False"
"276","ERR-00276","98","277","Medium","Dong dien dao dong bat thuong trong gio cao diem","9/25/2024 10:27:39 PM","9/27/2024 2:27:39 PM","32","False"
"277","ERR-00277","98","278","Low","Can hieu chuan lai cam bien trang thai dau sac","10/6/2024 10:27:39 PM","10/8/2024 3:27:39 PM","33","False"
"278","ERR-00278","98","279","Low","Can hieu chuan lai cam bien trang thai dau sac","10/17/2024 10:27:39 PM","10/19/2024 4:27:39 PM","34","False"
"279","ERR-00279","98","280","Medium","Dong dien dao dong bat thuong trong gio cao diem","10/28/2024 10:27:39 PM","","","True"
"280","ERR-00280","1","1","High","Mat ket noi voi bo dieu khien cong sac","11/8/2024 10:27:39 PM","11/10/2024 6:27:39 PM","36","False"
"281","ERR-00281","1","2","Low","Can hieu chuan lai cam bien trang thai dau sac","11/19/2024 10:27:39 PM","11/21/2024 7:27:39 PM","9","False"
"282","ERR-00282","3","3","Medium","Dong dien dao dong bat thuong trong gio cao diem","11/30/2024 10:27:39 PM","12/2/2024 8:27:39 PM","10","False"
"283","ERR-00283","3","4","Low","Can hieu chuan lai cam bien trang thai dau sac","12/11/2024 10:27:39 PM","12/13/2024 9:27:39 PM","11","False"
"284","ERR-00284","5","5","Low","Can hieu chuan lai cam bien trang thai dau sac","12/22/2024 10:27:39 PM","12/24/2024 10:27:39 PM","12","False"
"285","ERR-00285","5","6","Medium","Dong dien dao dong bat thuong trong gio cao diem","1/2/2025 10:27:39 PM","1/4/2025 11:27:39 PM","13","False"
"286","ERR-00286","6","7","Low","Can hieu chuan lai cam bien trang thai dau sac","1/13/2025 10:27:39 PM","1/16/2025 12:27:39 AM","14","False"
"287","ERR-00287","6","8","High","Mat ket noi voi bo dieu khien cong sac","1/24/2025 10:27:39 PM","1/27/2025 1:27:39 AM","15","False"
"288","ERR-00288","10","9","Medium","Dong dien dao dong bat thuong trong gio cao diem","2/4/2025 10:27:39 PM","","","True"
"289","ERR-00289","10","10","Critical","Nhiet do dau sac vuot nguong, tam dung phien sac de kiem tra","2/15/2025 10:27:39 PM","2/16/2025 3:27:39 AM","17","False"
"290","ERR-00290","12","11","Low","Can hieu chuan lai cam bien trang thai dau sac","2/26/2025 10:27:39 PM","2/27/2025 4:27:39 AM","18","False"
"291","ERR-00291","12","12","Medium","Dong dien dao dong bat thuong trong gio cao diem","3/9/2025 10:27:39 PM","3/10/2025 5:27:39 AM","19","False"
"292","ERR-00292","14","13","Low","Can hieu chuan lai cam bien trang thai dau sac","3/20/2025 10:27:39 PM","3/21/2025 6:27:39 AM","20","False"
"293","ERR-00293","14","14","Low","Can hieu chuan lai cam bien trang thai dau sac","3/31/2025 10:27:39 PM","4/1/2025 7:27:39 AM","21","False"
"294","ERR-00294","16","15","High","Mat ket noi voi bo dieu khien cong sac","4/11/2025 10:27:39 PM","4/12/2025 8:27:39 AM","22","False"
"295","ERR-00295","16","16","Low","Can hieu chuan lai cam bien trang thai dau sac","4/22/2025 10:27:39 PM","4/23/2025 9:27:39 AM","23","False"
"296","ERR-00296","18","17","Low","Can hieu chuan lai cam bien trang thai dau sac","5/3/2025 10:27:39 PM","5/4/2025 10:27:39 AM","24","False"
"297","ERR-00297","18","18","Medium","Dong dien dao dong bat thuong trong gio cao diem","5/14/2025 10:27:39 PM","","","True"
"298","ERR-00298","21","19","Low","Can hieu chuan lai cam bien trang thai dau sac","5/25/2025 10:27:39 PM","5/26/2025 12:27:39 PM","26","False"
"299","ERR-00299","21","20","Low","Can hieu chuan lai cam bien trang thai dau sac","6/5/2025 10:27:39 PM","6/6/2025 1:27:39 PM","27","False"
"300","ERR-00300","23","21","Medium","Dong dien dao dong bat thuong trong gio cao diem","6/16/2025 10:27:39 PM","6/17/2025 2:27:39 PM","28","False"
"301","ERR-00301","23","22","High","Mat ket noi voi bo dieu khien cong sac","6/27/2025 10:27:39 PM","6/28/2025 3:27:39 PM","29","False"
"302","ERR-00302","24","23","Low","Can hieu chuan lai cam bien trang thai dau sac","7/8/2025 10:27:39 PM","7/9/2025 4:27:39 PM","30","False"
"303","ERR-00303","24","24","Medium","Dong dien dao dong bat thuong trong gio cao diem","7/19/2025 10:27:39 PM","7/20/2025 5:27:39 PM","31","False"
"304","ERR-00304","26","25","Low","Can hieu chuan lai cam bien trang thai dau sac","7/30/2025 10:27:39 PM","7/31/2025 6:27:39 PM","32","False"
"305","ERR-00305","26","26","Low","Can hieu chuan lai cam bien trang thai dau sac","8/10/2025 10:27:39 PM","8/11/2025 7:27:39 PM","33","False"
"306","ERR-00306","30","27","Critical","Nhiet do dau sac vuot nguong, tam dung phien sac de kiem tra","8/21/2025 10:27:39 PM","","","True"
"307","ERR-00307","30","28","Low","Can hieu chuan lai cam bien trang thai dau sac","9/1/2025 10:27:39 PM","9/2/2025 9:27:39 PM","35","False"
"308","ERR-00308","32","29","High","Mat ket noi voi bo dieu khien cong sac","9/12/2025 10:27:39 PM","9/13/2025 10:27:39 PM","36","False"
"309","ERR-00309","32","30","Medium","Dong dien dao dong bat thuong trong gio cao diem","9/23/2025 10:27:39 PM","9/24/2025 11:27:39 PM","9","False"
"310","ERR-00310","34","31","Low","Can hieu chuan lai cam bien trang thai dau sac","10/4/2025 10:27:39 PM","10/6/2025 12:27:39 AM","10","False"
"311","ERR-00311","34","32","Low","Can hieu chuan lai cam bien trang thai dau sac","10/15/2025 10:27:39 PM","10/17/2025 1:27:39 AM","11","False"
"312","ERR-00312","35","33","Medium","Dong dien dao dong bat thuong trong gio cao diem","10/26/2025 10:27:39 PM","10/28/2025 2:27:39 AM","12","False"
"313","ERR-00313","35","34","Low","Can hieu chuan lai cam bien trang thai dau sac","11/6/2025 10:27:39 PM","11/8/2025 3:27:39 AM","13","False"
"314","ERR-00314","37","35","Low","Can hieu chuan lai cam bien trang thai dau sac","11/17/2025 10:27:39 PM","11/19/2025 4:27:39 AM","14","False"
"315","ERR-00315","37","36","High","Mat ket noi voi bo dieu khien cong sac","11/28/2025 10:27:39 PM","","","True"
"316","ERR-00316","39","37","Low","Can hieu chuan lai cam bien trang thai dau sac","12/9/2025 10:27:39 PM","12/11/2025 6:27:39 AM","16","False"
"317","ERR-00317","39","38","Low","Can hieu chuan lai cam bien trang thai dau sac","12/20/2025 10:27:39 PM","12/22/2025 7:27:39 AM","17","False"
"318","ERR-00318","42","39","Medium","Dong dien dao dong bat thuong trong gio cao diem","12/31/2025 10:27:39 PM","1/2/2026 8:27:39 AM","18","False"
"319","ERR-00319","42","40","Low","Can hieu chuan lai cam bien trang thai dau sac","1/11/2026 10:27:39 PM","1/13/2026 9:27:39 AM","19","False"
"320","ERR-00320","44","41","Low","Can hieu chuan lai cam bien trang thai dau sac","1/22/2026 10:27:39 PM","1/24/2026 10:27:39 AM","20","False"
"321","ERR-00321","44","42","Medium","Dong dien dao dong bat thuong trong gio cao diem","2/2/2026 10:27:39 PM","2/4/2026 11:27:39 AM","21","False"
"322","ERR-00322","46","43","High","Mat ket noi voi bo dieu khien cong sac","2/13/2026 10:27:39 PM","2/15/2026 12:27:39 PM","22","False"
"323","ERR-00323","46","44","Critical","Nhiet do dau sac vuot nguong, tam dung phien sac de kiem tra","2/24/2026 10:27:39 PM","2/26/2026 1:27:39 PM","23","False"
"324","ERR-00324","50","45","Medium","Dong dien dao dong bat thuong trong gio cao diem","3/7/2026 10:27:39 PM","","","True"
"325","ERR-00325","50","46","Low","Can hieu chuan lai cam bien trang thai dau sac","3/18/2026 10:27:39 PM","3/20/2026 3:27:39 PM","25","False"
"326","ERR-00326","52","47","Low","Can hieu chuan lai cam bien trang thai dau sac","3/29/2026 10:27:39 PM","3/31/2026 4:27:39 PM","26","False"
"327","ERR-00327","52","48","Medium","Dong dien dao dong bat thuong trong gio cao diem","4/9/2026 10:27:39 PM","4/11/2026 5:27:39 PM","27","False"
"328","ERR-00328","55","49","Low","Can hieu chuan lai cam bien trang thai dau sac","4/20/2026 10:27:39 PM","4/22/2026 6:27:39 PM","28","False"
"329","ERR-00329","55","50","High","Mat ket noi voi bo dieu khien cong sac","5/1/2026 10:27:39 PM","5/3/2026 7:27:39 PM","29","False"
"330","ERR-00330","57","51","Medium","Dong dien dao dong bat thuong trong gio cao diem","5/12/2026 10:27:39 PM","5/14/2026 8:27:39 PM","30","False"
"331","ERR-00331","57","52","Low","Can hieu chuan lai cam bien trang thai dau sac","5/23/2026 10:27:39 PM","5/25/2026 9:27:39 PM","31","False"
"332","ERR-00332","60","53","Low","Can hieu chuan lai cam bien trang thai dau sac","6/3/2024 10:27:39 PM","6/5/2024 10:27:39 PM","32","False"
"333","ERR-00333","60","54","Medium","Dong dien dao dong bat thuong trong gio cao diem","6/14/2024 10:27:39 PM","","","True"
"334","ERR-00334","62","55","Low","Can hieu chuan lai cam bien trang thai dau sac","6/25/2024 10:27:39 PM","6/28/2024 12:27:39 AM","34","False"
"335","ERR-00335","62","56","Low","Can hieu chuan lai cam bien trang thai dau sac","7/6/2024 10:27:39 PM","7/9/2024 1:27:39 AM","35","False"
"336","ERR-00336","65","57","High","Mat ket noi voi bo dieu khien cong sac","7/17/2024 10:27:39 PM","7/18/2024 2:27:39 AM","36","False"
"337","ERR-00337","65","58","Low","Can hieu chuan lai cam bien trang thai dau sac","7/28/2024 10:27:39 PM","7/29/2024 3:27:39 AM","9","False"
"338","ERR-00338","67","59","Low","Can hieu chuan lai cam bien trang thai dau sac","8/8/2024 10:27:39 PM","8/9/2024 4:27:39 AM","10","False"
"339","ERR-00339","67","60","Medium","Dong dien dao dong bat thuong trong gio cao diem","8/19/2024 10:27:39 PM","8/20/2024 5:27:39 AM","11","False"
"340","ERR-00340","70","61","Critical","Nhiet do dau sac vuot nguong, tam dung phien sac de kiem tra","8/30/2024 10:27:39 PM","8/31/2024 6:27:39 AM","12","False"
"341","ERR-00341","70","62","Low","Can hieu chuan lai cam bien trang thai dau sac","9/10/2024 10:27:39 PM","9/11/2024 7:27:39 AM","13","False"
"342","ERR-00342","73","63","Medium","Dong dien dao dong bat thuong trong gio cao diem","9/21/2024 10:27:39 PM","","","True"
"343","ERR-00343","73","64","High","Mat ket noi voi bo dieu khien cong sac","10/2/2024 10:27:39 PM","10/3/2024 9:27:39 AM","15","False"
"344","ERR-00344","75","65","Low","Can hieu chuan lai cam bien trang thai dau sac","10/13/2024 10:27:39 PM","10/14/2024 10:27:39 AM","16","False"
"345","ERR-00345","75","66","Medium","Dong dien dao dong bat thuong trong gio cao diem","10/24/2024 10:27:39 PM","10/25/2024 11:27:39 AM","17","False"
"346","ERR-00346","76","67","Low","Can hieu chuan lai cam bien trang thai dau sac","11/4/2024 10:27:39 PM","11/5/2024 12:27:39 PM","18","False"
"347","ERR-00347","76","68","Low","Can hieu chuan lai cam bien trang thai dau sac","11/15/2024 10:27:39 PM","11/16/2024 1:27:39 PM","19","False"
"348","ERR-00348","78","69","Medium","Dong dien dao dong bat thuong trong gio cao diem","11/26/2024 10:27:39 PM","11/27/2024 2:27:39 PM","20","False"
"349","ERR-00349","78","70","Low","Can hieu chuan lai cam bien trang thai dau sac","12/7/2024 10:27:39 PM","12/8/2024 3:27:39 PM","21","False"
"350","ERR-00350","81","71","High","Mat ket noi voi bo dieu khien cong sac","12/18/2024 10:27:39 PM","12/19/2024 4:27:39 PM","22","False"
"351","ERR-00351","81","72","Medium","Dong dien dao dong bat thuong trong gio cao diem","12/29/2024 10:27:39 PM","","","True"
"352","ERR-00352","83","73","Low","Can hieu chuan lai cam bien trang thai dau sac","1/9/2025 10:27:39 PM","1/10/2025 6:27:39 PM","24","False"
"353","ERR-00353","83","74","Low","Can hieu chuan lai cam bien trang thai dau sac","1/20/2025 10:27:39 PM","1/21/2025 7:27:39 PM","25","False"
"354","ERR-00354","85","75","Medium","Dong dien dao dong bat thuong trong gio cao diem","1/31/2025 10:27:39 PM","2/1/2025 8:27:39 PM","26","False"
"355","ERR-00355","85","76","Low","Can hieu chuan lai cam bien trang thai dau sac","2/11/2025 10:27:39 PM","2/12/2025 9:27:39 PM","27","False"
"356","ERR-00356","87","77","Low","Can hieu chuan lai cam bien trang thai dau sac","2/22/2025 10:27:39 PM","2/23/2025 10:27:39 PM","28","False"
"357","ERR-00357","87","78","Critical","Nhiet do dau sac vuot nguong, tam dung phien sac de kiem tra","3/5/2025 10:27:39 PM","3/6/2025 11:27:39 PM","29","False"
"358","ERR-00358","91","79","Low","Can hieu chuan lai cam bien trang thai dau sac","3/16/2025 10:27:39 PM","3/18/2025 12:27:39 AM","30","False"
"359","ERR-00359","91","80","Low","Can hieu chuan lai cam bien trang thai dau sac","3/27/2025 10:27:39 PM","3/29/2025 1:27:39 AM","31","False"
"360","ERR-00360","93","81","Medium","Dong dien dao dong bat thuong trong gio cao diem","4/7/2025 10:27:39 PM","","","True"
"361","ERR-00361","93","82","Low","Can hieu chuan lai cam bien trang thai dau sac","4/18/2025 10:27:39 PM","4/20/2025 3:27:39 AM","33","False"
"362","ERR-00362","95","83","Low","Can hieu chuan lai cam bien trang thai dau sac","4/29/2025 10:27:39 PM","5/1/2025 4:27:39 AM","34","False"
"363","ERR-00363","95","84","Medium","Dong dien dao dong bat thuong trong gio cao diem","5/10/2025 10:27:39 PM","5/12/2025 5:27:39 AM","35","False"
"364","ERR-00364","97","85","High","Mat ket noi voi bo dieu khien cong sac","5/21/2025 10:27:39 PM","5/23/2025 6:27:39 AM","36","False"
"365","ERR-00365","97","86","Low","Can hieu chuan lai cam bien trang thai dau sac","6/1/2025 10:27:39 PM","6/3/2025 7:27:39 AM","9","False"
"366","ERR-00366","99","87","Medium","Dong dien dao dong bat thuong trong gio cao diem","6/12/2025 10:27:39 PM","6/14/2025 8:27:39 AM","10","False"
"367","ERR-00367","99","88","Low","Can hieu chuan lai cam bien trang thai dau sac","6/23/2025 10:27:39 PM","6/25/2025 9:27:39 AM","11","False"
"368","ERR-00368","100","89","Low","Can hieu chuan lai cam bien trang thai dau sac","7/4/2025 10:27:39 PM","7/6/2025 10:27:39 AM","12","False"
"369","ERR-00369","100","90","Medium","Dong dien dao dong bat thuong trong gio cao diem","7/15/2025 10:27:39 PM","","","True"
"370","ERR-00370","100","91","Low","Can hieu chuan lai cam bien trang thai dau sac","7/26/2025 10:27:39 PM","7/28/2025 12:27:39 PM","14","False"
"371","ERR-00371","96","92","High","Mat ket noi voi bo dieu khien cong sac","8/6/2025 10:27:39 PM","8/8/2025 1:27:39 PM","15","False"
"372","ERR-00372","96","93","Medium","Dong dien dao dong bat thuong trong gio cao diem","8/17/2025 10:27:39 PM","8/19/2025 2:27:39 PM","16","False"
"373","ERR-00373","96","94","Low","Can hieu chuan lai cam bien trang thai dau sac","8/28/2025 10:27:39 PM","8/30/2025 3:27:39 PM","17","False"
"374","ERR-00374","94","95","Critical","Nhiet do dau sac vuot nguong, tam dung phien sac de kiem tra","9/8/2025 10:27:39 PM","9/10/2025 4:27:39 PM","18","False"
"375","ERR-00375","94","96","Medium","Dong dien dao dong bat thuong trong gio cao diem","9/19/2025 10:27:39 PM","9/21/2025 5:27:39 PM","19","False"
"376","ERR-00376","94","97","Low","Can hieu chuan lai cam bien trang thai dau sac","9/30/2025 10:27:39 PM","10/2/2025 6:27:39 PM","20","False"
"377","ERR-00377","92","98","Low","Can hieu chuan lai cam bien trang thai dau sac","10/11/2025 10:27:39 PM","10/13/2025 7:27:39 PM","21","False"
"378","ERR-00378","92","99","High","Mat ket noi voi bo dieu khien cong sac","10/22/2025 10:27:39 PM","","","True"
"379","ERR-00379","92","100","Low","Can hieu chuan lai cam bien trang thai dau sac","11/2/2025 10:27:39 PM","11/4/2025 9:27:39 PM","23","False"
"380","ERR-00380","69","101","Low","Can hieu chuan lai cam bien trang thai dau sac","11/13/2025 10:27:39 PM","11/15/2025 10:27:39 PM","24","False"
"381","ERR-00381","69","102","Medium","Dong dien dao dong bat thuong trong gio cao diem","11/24/2025 10:27:39 PM","11/26/2025 11:27:39 PM","25","False"
"382","ERR-00382","69","103","Low","Can hieu chuan lai cam bien trang thai dau sac","12/5/2025 10:27:39 PM","12/8/2025 12:27:39 AM","26","False"
"383","ERR-00383","90","104","Low","Can hieu chuan lai cam bien trang thai dau sac","12/16/2025 10:27:39 PM","12/19/2025 1:27:39 AM","27","False"
"384","ERR-00384","90","105","Medium","Dong dien dao dong bat thuong trong gio cao diem","12/27/2025 10:27:39 PM","12/28/2025 2:27:39 AM","28","False"
"385","ERR-00385","90","106","High","Mat ket noi voi bo dieu khien cong sac","1/7/2026 10:27:39 PM","1/8/2026 3:27:39 AM","29","False"
"386","ERR-00386","88","107","Low","Can hieu chuan lai cam bien trang thai dau sac","1/18/2026 10:27:39 PM","1/19/2026 4:27:39 AM","30","False"
"387","ERR-00387","88","108","Medium","Dong dien dao dong bat thuong trong gio cao diem","1/29/2026 10:27:39 PM","","","True"
"388","ERR-00388","88","109","Low","Can hieu chuan lai cam bien trang thai dau sac","2/9/2026 10:27:39 PM","2/10/2026 6:27:39 AM","32","False"
"389","ERR-00389","86","110","Low","Can hieu chuan lai cam bien trang thai dau sac","2/20/2026 10:27:39 PM","2/21/2026 7:27:39 AM","33","False"
"390","ERR-00390","86","111","Medium","Dong dien dao dong bat thuong trong gio cao diem","3/3/2026 10:27:39 PM","3/4/2026 8:27:39 AM","34","False"
"391","ERR-00391","86","112","Critical","Nhiet do dau sac vuot nguong, tam dung phien sac de kiem tra","3/14/2026 10:27:39 PM","3/15/2026 9:27:39 AM","35","False"
"392","ERR-00392","84","113","High","Mat ket noi voi bo dieu khien cong sac","3/25/2026 10:27:39 PM","3/26/2026 10:27:39 AM","36","False"
"393","ERR-00393","84","114","Medium","Dong dien dao dong bat thuong trong gio cao diem","4/5/2026 10:27:39 PM","4/6/2026 11:27:39 AM","9","False"
"394","ERR-00394","84","115","Low","Can hieu chuan lai cam bien trang thai dau sac","4/16/2026 10:27:39 PM","4/17/2026 12:27:39 PM","10","False"
"395","ERR-00395","82","116","Low","Can hieu chuan lai cam bien trang thai dau sac","4/27/2026 10:27:39 PM","4/28/2026 1:27:39 PM","11","False"
"396","ERR-00396","82","117","Medium","Dong dien dao dong bat thuong trong gio cao diem","5/8/2026 10:27:39 PM","","","True"
"397","ERR-00397","82","118","Low","Can hieu chuan lai cam bien trang thai dau sac","5/19/2026 10:27:39 PM","5/20/2026 3:27:39 PM","13","False"
"398","ERR-00398","79","119","Low","Can hieu chuan lai cam bien trang thai dau sac","5/30/2026 10:27:39 PM","5/31/2026 4:27:39 PM","14","False"
"399","ERR-00399","79","120","High","Mat ket noi voi bo dieu khien cong sac","6/10/2024 10:27:39 PM","6/11/2024 5:27:39 PM","15","False"
"400","ERR-00400","79","121","Low","Can hieu chuan lai cam bien trang thai dau sac","6/21/2024 10:27:39 PM","6/22/2024 6:27:39 PM","16","False"
"401","ERR-00401","77","122","Low","Can hieu chuan lai cam bien trang thai dau sac","7/2/2024 10:27:39 PM","7/3/2024 7:27:39 PM","17","False"
"402","ERR-00402","77","123","Medium","Dong dien dao dong bat thuong trong gio cao diem","7/13/2024 10:27:39 PM","7/14/2024 8:27:39 PM","18","False"
"403","ERR-00403","77","124","Low","Can hieu chuan lai cam bien trang thai dau sac","7/24/2024 10:27:39 PM","7/25/2024 9:27:39 PM","19","False"
"404","ERR-00404","71","125","Low","Can hieu chuan lai cam bien trang thai dau sac","8/4/2024 10:27:39 PM","8/5/2024 10:27:39 PM","20","False"
"405","ERR-00405","71","126","Medium","Dong dien dao dong bat thuong trong gio cao diem","8/15/2024 10:27:39 PM","","","True"
"406","ERR-00406","71","127","High","Mat ket noi voi bo dieu khien cong sac","8/26/2024 10:27:39 PM","8/28/2024 12:27:39 AM","22","False"
"407","ERR-00407","72","128","Low","Can hieu chuan lai cam bien trang thai dau sac","9/6/2024 10:27:39 PM","9/8/2024 1:27:39 AM","23","False"
"408","ERR-00408","72","129","Critical","Nhiet do dau sac vuot nguong, tam dung phien sac de kiem tra","9/17/2024 10:27:39 PM","9/19/2024 2:27:39 AM","24","False"
"409","ERR-00409","72","130","Low","Can hieu chuan lai cam bien trang thai dau sac","9/28/2024 10:27:39 PM","9/30/2024 3:27:39 AM","25","False"
"410","ERR-00410","66","131","Low","Can hieu chuan lai cam bien trang thai dau sac","10/9/2024 10:27:39 PM","10/11/2024 4:27:39 AM","26","False"
"411","ERR-00411","66","132","Medium","Dong dien dao dong bat thuong trong gio cao diem","10/20/2024 10:27:39 PM","10/22/2024 5:27:39 AM","27","False"
"412","ERR-00412","66","133","Low","Can hieu chuan lai cam bien trang thai dau sac","10/31/2024 10:27:39 PM","11/2/2024 6:27:39 AM","28","False"
"413","ERR-00413","63","134","High","Mat ket noi voi bo dieu khien cong sac","11/11/2024 10:27:39 PM","11/13/2024 7:27:39 AM","29","False"
"414","ERR-00414","63","135","Medium","Dong dien dao dong bat thuong trong gio cao diem","11/22/2024 10:27:39 PM","","","True"
"415","ERR-00415","63","136","Low","Can hieu chuan lai cam bien trang thai dau sac","12/3/2024 10:27:39 PM","12/5/2024 9:27:39 AM","31","False"
"416","ERR-00416","64","137","Low","Can hieu chuan lai cam bien trang thai dau sac","12/14/2024 10:27:39 PM","12/16/2024 10:27:39 AM","32","False"
"417","ERR-00417","64","138","Medium","Dong dien dao dong bat thuong trong gio cao diem","12/25/2024 10:27:39 PM","12/27/2024 11:27:39 AM","33","False"
"418","ERR-00418","64","139","Low","Can hieu chuan lai cam bien trang thai dau sac","1/5/2025 10:27:39 PM","1/7/2025 12:27:39 PM","34","False"
"419","ERR-00419","61","140","Low","Can hieu chuan lai cam bien trang thai dau sac","1/16/2025 10:27:39 PM","1/18/2025 1:27:39 PM","35","False"
"420","ERR-00420","61","141","High","Mat ket noi voi bo dieu khien cong sac","1/27/2025 10:27:39 PM","1/29/2025 2:27:39 PM","36","False"
"421","ERR-00421","61","142","Low","Can hieu chuan lai cam bien trang thai dau sac","2/7/2025 10:27:39 PM","2/9/2025 3:27:39 PM","9","False"
"422","ERR-00422","58","143","Low","Can hieu chuan lai cam bien trang thai dau sac","2/18/2025 10:27:39 PM","2/20/2025 4:27:39 PM","10","False"
"423","ERR-00423","58","144","Medium","Dong dien dao dong bat thuong trong gio cao diem","3/1/2025 10:27:39 PM","","","True"
"424","ERR-00424","58","145","Low","Can hieu chuan lai cam bien trang thai dau sac","3/12/2025 10:27:39 PM","3/14/2025 6:27:39 PM","12","False"
"425","ERR-00425","56","146","Critical","Nhiet do dau sac vuot nguong, tam dung phien sac de kiem tra","3/23/2025 10:27:39 PM","3/25/2025 7:27:39 PM","13","False"
"426","ERR-00426","56","147","Medium","Dong dien dao dong bat thuong trong gio cao diem","4/3/2025 10:27:39 PM","4/5/2025 8:27:39 PM","14","False"
"427","ERR-00427","56","148","High","Mat ket noi voi bo dieu khien cong sac","4/14/2025 10:27:39 PM","4/16/2025 9:27:39 PM","15","False"
"428","ERR-00428","49","149","Low","Can hieu chuan lai cam bien trang thai dau sac","4/25/2025 10:27:39 PM","4/27/2025 10:27:39 PM","16","False"
"429","ERR-00429","49","150","Medium","Dong dien dao dong bat thuong trong gio cao diem","5/6/2025 10:27:39 PM","5/8/2025 11:27:39 PM","17","False"
"430","ERR-00430","49","151","Low","Can hieu chuan lai cam bien trang thai dau sac","5/17/2025 10:27:39 PM","5/20/2025 12:27:39 AM","18","False"
"431","ERR-00431","54","152","Low","Can hieu chuan lai cam bien trang thai dau sac","5/28/2025 10:27:39 PM","5/31/2025 1:27:39 AM","19","False"
"432","ERR-00432","54","153","Medium","Dong dien dao dong bat thuong trong gio cao diem","6/8/2025 10:27:39 PM","","","True"
"433","ERR-00433","54","154","Low","Can hieu chuan lai cam bien trang thai dau sac","6/19/2025 10:27:39 PM","6/20/2025 3:27:39 AM","21","False"
"434","ERR-00434","51","155","High","Mat ket noi voi bo dieu khien cong sac","6/30/2025 10:27:39 PM","7/1/2025 4:27:39 AM","22","False"
"435","ERR-00435","51","156","Medium","Dong dien dao dong bat thuong trong gio cao diem","7/11/2025 10:27:39 PM","7/12/2025 5:27:39 AM","23","False"
"436","ERR-00436","51","157","Low","Can hieu chuan lai cam bien trang thai dau sac","7/22/2025 10:27:39 PM","7/23/2025 6:27:39 AM","24","False"
"437","ERR-00437","47","158","Low","Can hieu chuan lai cam bien trang thai dau sac","8/2/2025 10:27:39 PM","8/3/2025 7:27:39 AM","25","False"
"438","ERR-00438","47","159","Medium","Dong dien dao dong bat thuong trong gio cao diem","8/13/2025 10:27:39 PM","8/14/2025 8:27:39 AM","26","False"
"439","ERR-00439","47","160","Low","Can hieu chuan lai cam bien trang thai dau sac","8/24/2025 10:27:39 PM","8/25/2025 9:27:39 AM","27","False"
"440","ERR-00440","45","161","Low","Can hieu chuan lai cam bien trang thai dau sac","9/4/2025 10:27:39 PM","9/5/2025 10:27:39 AM","28","False"
"441","ERR-00441","45","162","High","Mat ket noi voi bo dieu khien cong sac","9/15/2025 10:27:39 PM","","","True"
"442","ERR-00442","45","163","Critical","Nhiet do dau sac vuot nguong, tam dung phien sac de kiem tra","9/26/2025 10:27:39 PM","9/27/2025 12:27:39 PM","30","False"
"443","ERR-00443","43","164","Low","Can hieu chuan lai cam bien trang thai dau sac","10/7/2025 10:27:39 PM","10/8/2025 1:27:39 PM","31","False"
"444","ERR-00444","43","165","Medium","Dong dien dao dong bat thuong trong gio cao diem","10/18/2025 10:27:39 PM","10/19/2025 2:27:39 PM","32","False"
"445","ERR-00445","43","166","Low","Can hieu chuan lai cam bien trang thai dau sac","10/29/2025 10:27:39 PM","10/30/2025 3:27:39 PM","33","False"
"446","ERR-00446","40","167","Low","Can hieu chuan lai cam bien trang thai dau sac","11/9/2025 10:27:39 PM","11/10/2025 4:27:39 PM","34","False"
"447","ERR-00447","40","168","Medium","Dong dien dao dong bat thuong trong gio cao diem","11/20/2025 10:27:39 PM","11/21/2025 5:27:39 PM","35","False"
"448","ERR-00448","40","169","High","Mat ket noi voi bo dieu khien cong sac","12/1/2025 10:27:39 PM","12/2/2025 6:27:39 PM","36","False"
"449","ERR-00449","41","170","Low","Can hieu chuan lai cam bien trang thai dau sac","12/12/2025 10:27:39 PM","12/13/2025 7:27:39 PM","9","False"
"450","ERR-00450","41","171","Medium","Dong dien dao dong bat thuong trong gio cao diem","12/23/2025 10:27:39 PM","","","True"
"451","ERR-00451","41","172","Low","Can hieu chuan lai cam bien trang thai dau sac","1/3/2026 10:27:39 PM","1/4/2026 9:27:39 PM","11","False"
"452","ERR-00452","36","173","Low","Can hieu chuan lai cam bien trang thai dau sac","1/14/2026 10:27:39 PM","1/15/2026 10:27:39 PM","12","False"
"453","ERR-00453","36","174","Medium","Dong dien dao dong bat thuong trong gio cao diem","1/25/2026 10:27:39 PM","1/26/2026 11:27:39 PM","13","False"
"454","ERR-00454","36","175","Low","Can hieu chuan lai cam bien trang thai dau sac","2/5/2026 10:27:39 PM","2/7/2026 12:27:39 AM","14","False"
"455","ERR-00455","33","176","High","Mat ket noi voi bo dieu khien cong sac","2/16/2026 10:27:39 PM","2/18/2026 1:27:39 AM","15","False"
"456","ERR-00456","33","177","Medium","Dong dien dao dong bat thuong trong gio cao diem","2/27/2026 10:27:39 PM","3/1/2026 2:27:39 AM","16","False"
"457","ERR-00457","33","178","Low","Can hieu chuan lai cam bien trang thai dau sac","3/10/2026 10:27:39 PM","3/12/2026 3:27:39 AM","17","False"
"458","ERR-00458","31","179","Low","Can hieu chuan lai cam bien trang thai dau sac","3/21/2026 10:27:39 PM","3/23/2026 4:27:39 AM","18","False"
"459","ERR-00459","31","180","Critical","Nhiet do dau sac vuot nguong, tam dung phien sac de kiem tra","4/1/2026 10:27:39 PM","","","True"
"460","ERR-00460","31","181","Low","Can hieu chuan lai cam bien trang thai dau sac","4/12/2026 10:27:39 PM","4/14/2026 6:27:39 AM","20","False"
"461","ERR-00461","9","182","Low","Can hieu chuan lai cam bien trang thai dau sac","4/23/2026 10:27:39 PM","4/25/2026 7:27:39 AM","21","False"
"462","ERR-00462","9","183","High","Mat ket noi voi bo dieu khien cong sac","5/4/2026 10:27:39 PM","5/6/2026 8:27:39 AM","22","False"
"463","ERR-00463","9","184","Low","Can hieu chuan lai cam bien trang thai dau sac","5/15/2026 10:27:39 PM","5/17/2026 9:27:39 AM","23","False"
"464","ERR-00464","29","185","Low","Can hieu chuan lai cam bien trang thai dau sac","5/26/2026 10:27:39 PM","5/28/2026 10:27:39 AM","24","False"
"465","ERR-00465","29","186","Medium","Dong dien dao dong bat thuong trong gio cao diem","6/6/2024 10:27:39 PM","6/8/2024 11:27:39 AM","25","False"
"466","ERR-00466","29","187","Low","Can hieu chuan lai cam bien trang thai dau sac","6/17/2024 10:27:39 PM","6/19/2024 12:27:39 PM","26","False"
"467","ERR-00467","27","188","Low","Can hieu chuan lai cam bien trang thai dau sac","6/28/2024 10:27:39 PM","6/30/2024 1:27:39 PM","27","False"
"468","ERR-00468","27","189","Medium","Dong dien dao dong bat thuong trong gio cao diem","7/9/2024 10:27:39 PM","","","True"
"469","ERR-00469","27","190","High","Mat ket noi voi bo dieu khien cong sac","7/20/2024 10:27:39 PM","7/22/2024 3:27:39 PM","29","False"
"470","ERR-00470","25","191","Low","Can hieu chuan lai cam bien trang thai dau sac","7/31/2024 10:27:39 PM","8/2/2024 4:27:39 PM","30","False"
"471","ERR-00471","25","192","Medium","Dong dien dao dong bat thuong trong gio cao diem","8/11/2024 10:27:39 PM","8/13/2024 5:27:39 PM","31","False"
"472","ERR-00472","25","193","Low","Can hieu chuan lai cam bien trang thai dau sac","8/22/2024 10:27:39 PM","8/24/2024 6:27:39 PM","32","False"
"473","ERR-00473","22","194","Low","Can hieu chuan lai cam bien trang thai dau sac","9/2/2024 10:27:39 PM","9/4/2024 7:27:39 PM","33","False"
"474","ERR-00474","22","195","Medium","Dong dien dao dong bat thuong trong gio cao diem","9/13/2024 10:27:39 PM","9/15/2024 8:27:39 PM","34","False"
"475","ERR-00475","22","196","Low","Can hieu chuan lai cam bien trang thai dau sac","9/24/2024 10:27:39 PM","9/26/2024 9:27:39 PM","35","False"
"476","ERR-00476","19","197","Critical","Nhiet do dau sac vuot nguong, tam dung phien sac de kiem tra","10/5/2024 10:27:39 PM","10/7/2024 10:27:39 PM","36","False"
"477","ERR-00477","19","198","Medium","Dong dien dao dong bat thuong trong gio cao diem","10/16/2024 10:27:39 PM","","","True"
"478","ERR-00478","19","199","Low","Can hieu chuan lai cam bien trang thai dau sac","10/27/2024 10:27:39 PM","10/30/2024 12:27:39 AM","10","False"
"479","ERR-00479","20","200","Low","Can hieu chuan lai cam bien trang thai dau sac","11/7/2024 10:27:39 PM","11/10/2024 1:27:39 AM","11","False"
"480","ERR-00480","20","201","Medium","Dong dien dao dong bat thuong trong gio cao diem","11/18/2024 10:27:39 PM","11/19/2024 2:27:39 AM","12","False"
"481","ERR-00481","20","202","Low","Can hieu chuan lai cam bien trang thai dau sac","11/29/2024 10:27:39 PM","11/30/2024 3:27:39 AM","13","False"
"482","ERR-00482","15","203","Low","Can hieu chuan lai cam bien trang thai dau sac","12/10/2024 10:27:39 PM","12/11/2024 4:27:39 AM","14","False"
"483","ERR-00483","15","204","High","Mat ket noi voi bo dieu khien cong sac","12/21/2024 10:27:39 PM","12/22/2024 5:27:39 AM","15","False"
"484","ERR-00484","15","205","Low","Can hieu chuan lai cam bien trang thai dau sac","1/1/2025 10:27:39 PM","1/2/2025 6:27:39 AM","16","False"
"485","ERR-00485","13","206","Low","Can hieu chuan lai cam bien trang thai dau sac","1/12/2025 10:27:39 PM","1/13/2025 7:27:39 AM","17","False"
"486","ERR-00486","13","207","Medium","Dong dien dao dong bat thuong trong gio cao diem","1/23/2025 10:27:39 PM","","","True"
"487","ERR-00487","13","208","Low","Can hieu chuan lai cam bien trang thai dau sac","2/3/2025 10:27:39 PM","2/4/2025 9:27:39 AM","19","False"
"488","ERR-00488","11","209","Low","Can hieu chuan lai cam bien trang thai dau sac","2/14/2025 10:27:39 PM","2/15/2025 10:27:39 AM","20","False"
"489","ERR-00489","11","210","Medium","Dong dien dao dong bat thuong trong gio cao diem","2/25/2025 10:27:39 PM","2/26/2025 11:27:39 AM","21","False"
"490","ERR-00490","11","211","High","Mat ket noi voi bo dieu khien cong sac","3/8/2025 10:27:39 PM","3/9/2025 12:27:39 PM","22","False"
"491","ERR-00491","7","212","Low","Can hieu chuan lai cam bien trang thai dau sac","3/19/2025 10:27:39 PM","3/20/2025 1:27:39 PM","23","False"
"492","ERR-00492","7","213","Medium","Dong dien dao dong bat thuong trong gio cao diem","3/30/2025 10:27:39 PM","3/31/2025 2:27:39 PM","24","False"
"493","ERR-00493","7","214","Critical","Nhiet do dau sac vuot nguong, tam dung phien sac de kiem tra","4/10/2025 10:27:39 PM","4/11/2025 3:27:39 PM","25","False"
"494","ERR-00494","4","215","Low","Can hieu chuan lai cam bien trang thai dau sac","4/21/2025 10:27:39 PM","4/22/2025 4:27:39 PM","26","False"
"495","ERR-00495","4","216","Medium","Dong dien dao dong bat thuong trong gio cao diem","5/2/2025 10:27:39 PM","","","True"
"496","ERR-00496","4","217","Low","Can hieu chuan lai cam bien trang thai dau sac","5/13/2025 10:27:39 PM","5/14/2025 6:27:39 PM","28","False"
"497","ERR-00497","2","218","High","Mat ket noi voi bo dieu khien cong sac","5/24/2025 10:27:39 PM","5/25/2025 7:27:39 PM","29","False"
"498","ERR-00498","2","219","Medium","Dong dien dao dong bat thuong trong gio cao diem","6/4/2025 10:27:39 PM","6/5/2025 8:27:39 PM","30","False"
"499","ERR-00499","2","220","Low","Can hieu chuan lai cam bien trang thai dau sac","6/15/2025 10:27:39 PM","6/16/2025 9:27:39 PM","31","False"
"500","ERR-00500","8","221","Low","Can hieu chuan lai cam bien trang thai dau sac","6/26/2025 10:27:39 PM","6/27/2025 10:27:39 PM","32","False"
"501","ERR-00501","8","222","Medium","Dong dien dao dong bat thuong trong gio cao diem","7/7/2025 10:27:39 PM","7/8/2025 11:27:39 PM","33","False"
"502","ERR-00502","8","223","Low","Can hieu chuan lai cam bien trang thai dau sac","7/18/2025 10:27:39 PM","7/20/2025 12:27:39 AM","34","False"
"503","ERR-00503","8","224","Low","Can hieu chuan lai cam bien trang thai dau sac","7/29/2025 10:27:39 PM","7/31/2025 1:27:39 AM","35","False"
"504","ERR-00504","8","225","High","Mat ket noi voi bo dieu khien cong sac","8/9/2025 10:27:39 PM","","","True"
"505","ERR-00505","17","226","Low","Can hieu chuan lai cam bien trang thai dau sac","8/20/2025 10:27:39 PM","8/22/2025 3:27:39 AM","9","False"
"506","ERR-00506","17","227","Low","Can hieu chuan lai cam bien trang thai dau sac","8/31/2025 10:27:39 PM","9/2/2025 4:27:39 AM","10","False"
"507","ERR-00507","17","228","Medium","Dong dien dao dong bat thuong trong gio cao diem","9/11/2025 10:27:39 PM","9/13/2025 5:27:39 AM","11","False"
"508","ERR-00508","17","229","Low","Can hieu chuan lai cam bien trang thai dau sac","9/22/2025 10:27:39 PM","9/24/2025 6:27:39 AM","12","False"
"509","ERR-00509","17","230","Low","Can hieu chuan lai cam bien trang thai dau sac","10/3/2025 10:27:39 PM","10/5/2025 7:27:39 AM","13","False"
"510","ERR-00510","28","231","Critical","Nhiet do dau sac vuot nguong, tam dung phien sac de kiem tra","10/14/2025 10:27:39 PM","10/16/2025 8:27:39 AM","14","False"
"511","ERR-00511","28","232","High","Mat ket noi voi bo dieu khien cong sac","10/25/2025 10:27:39 PM","10/27/2025 9:27:39 AM","15","False"
"512","ERR-00512","28","233","Low","Can hieu chuan lai cam bien trang thai dau sac","11/5/2025 10:27:39 PM","11/7/2025 10:27:39 AM","16","False"
"513","ERR-00513","28","234","Medium","Dong dien dao dong bat thuong trong gio cao diem","11/16/2025 10:27:39 PM","","","True"
"514","ERR-00514","28","235","Low","Can hieu chuan lai cam bien trang thai dau sac","11/27/2025 10:27:39 PM","11/29/2025 12:27:39 PM","18","False"
"515","ERR-00515","38","236","Low","Can hieu chuan lai cam bien trang thai dau sac","12/8/2025 10:27:39 PM","12/10/2025 1:27:39 PM","19","False"
"516","ERR-00516","38","237","Medium","Dong dien dao dong bat thuong trong gio cao diem","12/19/2025 10:27:39 PM","12/21/2025 2:27:39 PM","20","False"
"517","ERR-00517","38","238","Low","Can hieu chuan lai cam bien trang thai dau sac","12/30/2025 10:27:39 PM","1/1/2026 3:27:39 PM","21","False"
"518","ERR-00518","38","239","High","Mat ket noi voi bo dieu khien cong sac","1/10/2026 10:27:39 PM","1/12/2026 4:27:39 PM","22","False"
"519","ERR-00519","38","240","Medium","Dong dien dao dong bat thuong trong gio cao diem","1/21/2026 10:27:39 PM","1/23/2026 5:27:39 PM","23","False"
"520","ERR-00520","48","241","Low","Can hieu chuan lai cam bien trang thai dau sac","2/1/2026 10:27:39 PM","2/3/2026 6:27:39 PM","24","False"
"521","ERR-00521","48","242","Low","Can hieu chuan lai cam bien trang thai dau sac","2/12/2026 10:27:39 PM","2/14/2026 7:27:39 PM","25","False"
"522","ERR-00522","48","243","Medium","Dong dien dao dong bat thuong trong gio cao diem","2/23/2026 10:27:39 PM","","","True"
"523","ERR-00523","48","244","Low","Can hieu chuan lai cam bien trang thai dau sac","3/6/2026 10:27:39 PM","3/8/2026 9:27:39 PM","27","False"
"524","ERR-00524","48","245","Low","Can hieu chuan lai cam bien trang thai dau sac","3/17/2026 10:27:39 PM","3/19/2026 10:27:39 PM","28","False"
"525","ERR-00525","53","246","High","Mat ket noi voi bo dieu khien cong sac","3/28/2026 10:27:39 PM","3/30/2026 11:27:39 PM","29","False"
"526","ERR-00526","53","247","Low","Can hieu chuan lai cam bien trang thai dau sac","4/8/2026 10:27:39 PM","4/11/2026 12:27:39 AM","30","False"
"527","ERR-00527","53","248","Critical","Nhiet do dau sac vuot nguong, tam dung phien sac de kiem tra","4/19/2026 10:27:39 PM","4/22/2026 1:27:39 AM","31","False"
"528","ERR-00528","53","249","Medium","Dong dien dao dong bat thuong trong gio cao diem","4/30/2026 10:27:39 PM","5/1/2026 2:27:39 AM","32","False"
"529","ERR-00529","53","250","Low","Can hieu chuan lai cam bien trang thai dau sac","5/11/2026 10:27:39 PM","5/12/2026 3:27:39 AM","33","False"
"530","ERR-00530","59","251","Low","Can hieu chuan lai cam bien trang thai dau sac","5/22/2026 10:27:39 PM","5/23/2026 4:27:39 AM","34","False"
"531","ERR-00531","59","252","Medium","Dong dien dao dong bat thuong trong gio cao diem","6/2/2024 10:27:39 PM","","","True"
"532","ERR-00532","59","253","High","Mat ket noi voi bo dieu khien cong sac","6/13/2024 10:27:39 PM","6/14/2024 6:27:39 AM","36","False"
"533","ERR-00533","59","254","Low","Can hieu chuan lai cam bien trang thai dau sac","6/24/2024 10:27:39 PM","6/25/2024 7:27:39 AM","9","False"
"534","ERR-00534","59","255","Medium","Dong dien dao dong bat thuong trong gio cao diem","7/5/2024 10:27:39 PM","7/6/2024 8:27:39 AM","10","False"
"535","ERR-00535","68","256","Low","Can hieu chuan lai cam bien trang thai dau sac","7/16/2024 10:27:39 PM","7/17/2024 9:27:39 AM","11","False"
"536","ERR-00536","68","257","Low","Can hieu chuan lai cam bien trang thai dau sac","7/27/2024 10:27:39 PM","7/28/2024 10:27:39 AM","12","False"
"537","ERR-00537","68","258","Medium","Dong dien dao dong bat thuong trong gio cao diem","8/7/2024 10:27:39 PM","8/8/2024 11:27:39 AM","13","False"
"538","ERR-00538","68","259","Low","Can hieu chuan lai cam bien trang thai dau sac","8/18/2024 10:27:39 PM","8/19/2024 12:27:39 PM","14","False"
"539","ERR-00539","68","260","High","Mat ket noi voi bo dieu khien cong sac","8/29/2024 10:27:39 PM","8/30/2024 1:27:39 PM","15","False"
"540","ERR-00540","74","261","Medium","Dong dien dao dong bat thuong trong gio cao diem","9/9/2024 10:27:39 PM","","","True"
"541","ERR-00541","74","262","Low","Can hieu chuan lai cam bien trang thai dau sac","9/20/2024 10:27:39 PM","9/21/2024 3:27:39 PM","17","False"
"542","ERR-00542","74","263","Low","Can hieu chuan lai cam bien trang thai dau sac","10/1/2024 10:27:39 PM","10/2/2024 4:27:39 PM","18","False"
"543","ERR-00543","74","264","Medium","Dong dien dao dong bat thuong trong gio cao diem","10/12/2024 10:27:39 PM","10/13/2024 5:27:39 PM","19","False"
"544","ERR-00544","74","265","Critical","Nhiet do dau sac vuot nguong, tam dung phien sac de kiem tra","10/23/2024 10:27:39 PM","10/24/2024 6:27:39 PM","20","False"
"545","ERR-00545","80","266","Low","Can hieu chuan lai cam bien trang thai dau sac","11/3/2024 10:27:39 PM","11/4/2024 7:27:39 PM","21","False"
"546","ERR-00546","80","267","High","Mat ket noi voi bo dieu khien cong sac","11/14/2024 10:27:39 PM","11/15/2024 8:27:39 PM","22","False"
"547","ERR-00547","80","268","Low","Can hieu chuan lai cam bien trang thai dau sac","11/25/2024 10:27:39 PM","11/26/2024 9:27:39 PM","23","False"
"548","ERR-00548","80","269","Low","Can hieu chuan lai cam bien trang thai dau sac","12/6/2024 10:27:39 PM","12/7/2024 10:27:39 PM","24","False"
"549","ERR-00549","80","270","Medium","Dong dien dao dong bat thuong trong gio cao diem","12/17/2024 10:27:39 PM","","","True"
"550","ERR-00550","89","271","Low","Can hieu chuan lai cam bien trang thai dau sac","12/28/2024 10:27:39 PM","12/30/2024 12:27:39 AM","26","False"
"551","ERR-00551","89","272","Low","Can hieu chuan lai cam bien trang thai dau sac","1/8/2025 10:27:39 PM","1/10/2025 1:27:39 AM","27","False"
"552","ERR-00552","89","273","Medium","Dong dien dao dong bat thuong trong gio cao diem","1/19/2025 10:27:39 PM","1/21/2025 2:27:39 AM","28","False"
"553","ERR-00553","89","274","High","Mat ket noi voi bo dieu khien cong sac","1/30/2025 10:27:39 PM","2/1/2025 3:27:39 AM","29","False"
"554","ERR-00554","89","275","Low","Can hieu chuan lai cam bien trang thai dau sac","2/10/2025 10:27:39 PM","2/12/2025 4:27:39 AM","30","False"
"555","ERR-00555","98","276","Medium","Dong dien dao dong bat thuong trong gio cao diem","2/21/2025 10:27:39 PM","2/23/2025 5:27:39 AM","31","False"
"556","ERR-00556","98","277","Low","Can hieu chuan lai cam bien trang thai dau sac","3/4/2025 10:27:39 PM","3/6/2025 6:27:39 AM","32","False"
"557","ERR-00557","98","278","Low","Can hieu chuan lai cam bien trang thai dau sac","3/15/2025 10:27:39 PM","3/17/2025 7:27:39 AM","33","False"
"558","ERR-00558","98","279","Medium","Dong dien dao dong bat thuong trong gio cao diem","3/26/2025 10:27:39 PM","","","True"
"559","ERR-00559","98","280","Low","Can hieu chuan lai cam bien trang thai dau sac","4/6/2025 10:27:39 PM","4/8/2025 9:27:39 AM","35","False"
"560","ERR-00560","1","1","High","Mat ket noi voi bo dieu khien cong sac","4/17/2025 10:27:39 PM","4/19/2025 10:27:39 AM","36","False"
"561","ERR-00561","1","2","Critical","Nhiet do dau sac vuot nguong, tam dung phien sac de kiem tra","4/28/2025 10:27:39 PM","4/30/2025 11:27:39 AM","9","False"
"562","ERR-00562","3","3","Low","Can hieu chuan lai cam bien trang thai dau sac","5/9/2025 10:27:39 PM","5/11/2025 12:27:39 PM","10","False"
"563","ERR-00563","3","4","Low","Can hieu chuan lai cam bien trang thai dau sac","5/20/2025 10:27:39 PM","5/22/2025 1:27:39 PM","11","False"
"564","ERR-00564","5","5","Medium","Dong dien dao dong bat thuong trong gio cao diem","5/31/2025 10:27:39 PM","6/2/2025 2:27:39 PM","12","False"
"565","ERR-00565","5","6","Low","Can hieu chuan lai cam bien trang thai dau sac","6/11/2025 10:27:39 PM","6/13/2025 3:27:39 PM","13","False"
"566","ERR-00566","6","7","Low","Can hieu chuan lai cam bien trang thai dau sac","6/22/2025 10:27:39 PM","6/24/2025 4:27:39 PM","14","False"
"567","ERR-00567","6","8","High","Mat ket noi voi bo dieu khien cong sac","7/3/2025 10:27:39 PM","","","True"
"568","ERR-00568","10","9","Low","Can hieu chuan lai cam bien trang thai dau sac","7/14/2025 10:27:39 PM","7/16/2025 6:27:39 PM","16","False"
"569","ERR-00569","10","10","Low","Can hieu chuan lai cam bien trang thai dau sac","7/25/2025 10:27:39 PM","7/27/2025 7:27:39 PM","17","False"
"570","ERR-00570","12","11","Medium","Dong dien dao dong bat thuong trong gio cao diem","8/5/2025 10:27:39 PM","8/7/2025 8:27:39 PM","18","False"
"571","ERR-00571","12","12","Low","Can hieu chuan lai cam bien trang thai dau sac","8/16/2025 10:27:39 PM","8/18/2025 9:27:39 PM","19","False"
"572","ERR-00572","14","13","Low","Can hieu chuan lai cam bien trang thai dau sac","8/27/2025 10:27:39 PM","8/29/2025 10:27:39 PM","20","False"
"573","ERR-00573","14","14","Medium","Dong dien dao dong bat thuong trong gio cao diem","9/7/2025 10:27:39 PM","9/9/2025 11:27:39 PM","21","False"
"574","ERR-00574","16","15","High","Mat ket noi voi bo dieu khien cong sac","9/18/2025 10:27:39 PM","9/21/2025 12:27:39 AM","22","False"
"575","ERR-00575","16","16","Low","Can hieu chuan lai cam bien trang thai dau sac","9/29/2025 10:27:39 PM","10/2/2025 1:27:39 AM","23","False"
"576","ERR-00576","18","17","Medium","Dong dien dao dong bat thuong trong gio cao diem","10/10/2025 10:27:39 PM","","","True"
"577","ERR-00577","18","18","Low","Can hieu chuan lai cam bien trang thai dau sac","10/21/2025 10:27:39 PM","10/22/2025 3:27:39 AM","25","False"
"578","ERR-00578","21","19","Critical","Nhiet do dau sac vuot nguong, tam dung phien sac de kiem tra","11/1/2025 10:27:39 PM","11/2/2025 4:27:39 AM","26","False"
"579","ERR-00579","21","20","Medium","Dong dien dao dong bat thuong trong gio cao diem","11/12/2025 10:27:39 PM","11/13/2025 5:27:39 AM","27","False"
"580","ERR-00580","23","21","Low","Can hieu chuan lai cam bien trang thai dau sac","11/23/2025 10:27:39 PM","11/24/2025 6:27:39 AM","28","False"
"581","ERR-00581","23","22","High","Mat ket noi voi bo dieu khien cong sac","12/4/2025 10:27:39 PM","12/5/2025 7:27:39 AM","29","False"
"582","ERR-00582","24","23","Medium","Dong dien dao dong bat thuong trong gio cao diem","12/15/2025 10:27:39 PM","12/16/2025 8:27:39 AM","30","False"
"583","ERR-00583","24","24","Low","Can hieu chuan lai cam bien trang thai dau sac","12/26/2025 10:27:39 PM","12/27/2025 9:27:39 AM","31","False"
"584","ERR-00584","26","25","Low","Can hieu chuan lai cam bien trang thai dau sac","1/6/2026 10:27:39 PM","1/7/2026 10:27:39 AM","32","False"
"585","ERR-00585","26","26","Medium","Dong dien dao dong bat thuong trong gio cao diem","1/17/2026 10:27:39 PM","","","True"
"586","ERR-00586","30","27","Low","Can hieu chuan lai cam bien trang thai dau sac","1/28/2026 10:27:39 PM","1/29/2026 12:27:39 PM","34","False"
"587","ERR-00587","30","28","Low","Can hieu chuan lai cam bien trang thai dau sac","2/8/2026 10:27:39 PM","2/9/2026 1:27:39 PM","35","False"
"588","ERR-00588","32","29","High","Mat ket noi voi bo dieu khien cong sac","2/19/2026 10:27:39 PM","2/20/2026 2:27:39 PM","36","False"
"589","ERR-00589","32","30","Low","Can hieu chuan lai cam bien trang thai dau sac","3/2/2026 10:27:39 PM","3/3/2026 3:27:39 PM","9","False"
"590","ERR-00590","34","31","Low","Can hieu chuan lai cam bien trang thai dau sac","3/13/2026 10:27:39 PM","3/14/2026 4:27:39 PM","10","False"
"591","ERR-00591","34","32","Medium","Dong dien dao dong bat thuong trong gio cao diem","3/24/2026 10:27:39 PM","3/25/2026 5:27:39 PM","11","False"
"592","ERR-00592","35","33","Low","Can hieu chuan lai cam bien trang thai dau sac","4/4/2026 10:27:39 PM","4/5/2026 6:27:39 PM","12","False"
"593","ERR-00593","35","34","Low","Can hieu chuan lai cam bien trang thai dau sac","4/15/2026 10:27:39 PM","4/16/2026 7:27:39 PM","13","False"
"594","ERR-00594","37","35","Medium","Dong dien dao dong bat thuong trong gio cao diem","4/26/2026 10:27:39 PM","","","True"
"595","ERR-00595","37","36","Critical","Nhiet do dau sac vuot nguong, tam dung phien sac de kiem tra","5/7/2026 10:27:39 PM","5/8/2026 9:27:39 PM","15","False"
"596","ERR-00596","39","37","Low","Can hieu chuan lai cam bien trang thai dau sac","5/18/2026 10:27:39 PM","5/19/2026 10:27:39 PM","16","False"
"597","ERR-00597","39","38","Medium","Dong dien dao dong bat thuong trong gio cao diem","5/29/2026 10:27:39 PM","5/30/2026 11:27:39 PM","17","False"
"598","ERR-00598","42","39","Low","Can hieu chuan lai cam bien trang thai dau sac","6/9/2024 10:27:39 PM","6/11/2024 12:27:39 AM","18","False"
"599","ERR-00599","42","40","Low","Can hieu chuan lai cam bien trang thai dau sac","6/20/2024 10:27:39 PM","6/22/2024 1:27:39 AM","19","False"
"600","ERR-00600","44","41","Medium","Dong dien dao dong bat thuong trong gio cao diem","7/1/2024 10:27:39 PM","7/3/2024 2:27:39 AM","20","False"
"601","ERR-00601","44","42","Low","Can hieu chuan lai cam bien trang thai dau sac","7/12/2024 10:27:39 PM","7/14/2024 3:27:39 AM","21","False"
"602","ERR-00602","46","43","High","Mat ket noi voi bo dieu khien cong sac","7/23/2024 10:27:39 PM","7/25/2024 4:27:39 AM","22","False"
"603","ERR-00603","46","44","Medium","Dong dien dao dong bat thuong trong gio cao diem","8/3/2024 10:27:39 PM","","","True"
"604","ERR-00604","50","45","Low","Can hieu chuan lai cam bien trang thai dau sac","8/14/2024 10:27:39 PM","8/16/2024 6:27:39 AM","24","False"
"605","ERR-00605","50","46","Low","Can hieu chuan lai cam bien trang thai dau sac","8/25/2024 10:27:39 PM","8/27/2024 7:27:39 AM","25","False"
"606","ERR-00606","52","47","Medium","Dong dien dao dong bat thuong trong gio cao diem","9/5/2024 10:27:39 PM","9/7/2024 8:27:39 AM","26","False"
"607","ERR-00607","52","48","Low","Can hieu chuan lai cam bien trang thai dau sac","9/16/2024 10:27:39 PM","9/18/2024 9:27:39 AM","27","False"
"608","ERR-00608","55","49","Low","Can hieu chuan lai cam bien trang thai dau sac","9/27/2024 10:27:39 PM","9/29/2024 10:27:39 AM","28","False"
"609","ERR-00609","55","50","High","Mat ket noi voi bo dieu khien cong sac","10/8/2024 10:27:39 PM","10/10/2024 11:27:39 AM","29","False"
"610","ERR-00610","57","51","Low","Can hieu chuan lai cam bien trang thai dau sac","10/19/2024 10:27:39 PM","10/21/2024 12:27:39 PM","30","False"
"611","ERR-00611","57","52","Low","Can hieu chuan lai cam bien trang thai dau sac","10/30/2024 10:27:39 PM","11/1/2024 1:27:39 PM","31","False"
"612","ERR-00612","60","53","Critical","Nhiet do dau sac vuot nguong, tam dung phien sac de kiem tra","11/10/2024 10:27:39 PM","","","True"
"613","ERR-00613","60","54","Low","Can hieu chuan lai cam bien trang thai dau sac","11/21/2024 10:27:39 PM","11/23/2024 3:27:39 PM","33","False"
"614","ERR-00614","62","55","Low","Can hieu chuan lai cam bien trang thai dau sac","12/2/2024 10:27:39 PM","12/4/2024 4:27:39 PM","34","False"
"615","ERR-00615","62","56","Medium","Dong dien dao dong bat thuong trong gio cao diem","12/13/2024 10:27:39 PM","12/15/2024 5:27:39 PM","35","False"
"616","ERR-00616","65","57","High","Mat ket noi voi bo dieu khien cong sac","12/24/2024 10:27:39 PM","12/26/2024 6:27:39 PM","36","False"
"617","ERR-00617","65","58","Low","Can hieu chuan lai cam bien trang thai dau sac","1/4/2025 10:27:39 PM","1/6/2025 7:27:39 PM","9","False"
"618","ERR-00618","67","59","Medium","Dong dien dao dong bat thuong trong gio cao diem","1/15/2025 10:27:39 PM","1/17/2025 8:27:39 PM","10","False"
"619","ERR-00619","67","60","Low","Can hieu chuan lai cam bien trang thai dau sac","1/26/2025 10:27:39 PM","1/28/2025 9:27:39 PM","11","False"
"620","ERR-00620","70","61","Low","Can hieu chuan lai cam bien trang thai dau sac","2/6/2025 10:27:39 PM","2/8/2025 10:27:39 PM","12","False"
"621","ERR-00621","70","62","Medium","Dong dien dao dong bat thuong trong gio cao diem","2/17/2025 10:27:39 PM","","","True"
"622","ERR-00622","73","63","Low","Can hieu chuan lai cam bien trang thai dau sac","2/28/2025 10:27:39 PM","3/3/2025 12:27:39 AM","14","False"
"623","ERR-00623","73","64","High","Mat ket noi voi bo dieu khien cong sac","3/11/2025 10:27:39 PM","3/14/2025 1:27:39 AM","15","False"
"624","ERR-00624","75","65","Medium","Dong dien dao dong bat thuong trong gio cao diem","3/22/2025 10:27:39 PM","3/23/2025 2:27:39 AM","16","False"
"625","ERR-00625","75","66","Low","Can hieu chuan lai cam bien trang thai dau sac","4/2/2025 10:27:39 PM","4/3/2025 3:27:39 AM","17","False"
"626","ERR-00626","76","67","Low","Can hieu chuan lai cam bien trang thai dau sac","4/13/2025 10:27:39 PM","4/14/2025 4:27:39 AM","18","False"
"627","ERR-00627","76","68","Medium","Dong dien dao dong bat thuong trong gio cao diem","4/24/2025 10:27:39 PM","4/25/2025 5:27:39 AM","19","False"
"628","ERR-00628","78","69","Low","Can hieu chuan lai cam bien trang thai dau sac","5/5/2025 10:27:39 PM","5/6/2025 6:27:39 AM","20","False"
"629","ERR-00629","78","70","Critical","Nhiet do dau sac vuot nguong, tam dung phien sac de kiem tra","5/16/2025 10:27:39 PM","5/17/2025 7:27:39 AM","21","False"
"630","ERR-00630","81","71","High","Mat ket noi voi bo dieu khien cong sac","5/27/2025 10:27:39 PM","","","True"
"631","ERR-00631","81","72","Low","Can hieu chuan lai cam bien trang thai dau sac","6/7/2025 10:27:39 PM","6/8/2025 9:27:39 AM","23","False"
"632","ERR-00632","83","73","Low","Can hieu chuan lai cam bien trang thai dau sac","6/18/2025 10:27:39 PM","6/19/2025 10:27:39 AM","24","False"
"633","ERR-00633","83","74","Medium","Dong dien dao dong bat thuong trong gio cao diem","6/29/2025 10:27:39 PM","6/30/2025 11:27:39 AM","25","False"
"634","ERR-00634","85","75","Low","Can hieu chuan lai cam bien trang thai dau sac","7/10/2025 10:27:39 PM","7/11/2025 12:27:39 PM","26","False"
"635","ERR-00635","85","76","Low","Can hieu chuan lai cam bien trang thai dau sac","7/21/2025 10:27:39 PM","7/22/2025 1:27:39 PM","27","False"
"636","ERR-00636","87","77","Medium","Dong dien dao dong bat thuong trong gio cao diem","8/1/2025 10:27:39 PM","8/2/2025 2:27:39 PM","28","False"
"637","ERR-00637","87","78","High","Mat ket noi voi bo dieu khien cong sac","8/12/2025 10:27:39 PM","8/13/2025 3:27:39 PM","29","False"
"638","ERR-00638","91","79","Low","Can hieu chuan lai cam bien trang thai dau sac","8/23/2025 10:27:39 PM","8/24/2025 4:27:39 PM","30","False"
"639","ERR-00639","91","80","Medium","Dong dien dao dong bat thuong trong gio cao diem","9/3/2025 10:27:39 PM","","","True"
"640","ERR-00640","93","81","Low","Can hieu chuan lai cam bien trang thai dau sac","9/14/2025 10:27:39 PM","9/15/2025 6:27:39 PM","32","False"
"641","ERR-00641","93","82","Low","Can hieu chuan lai cam bien trang thai dau sac","9/25/2025 10:27:39 PM","9/26/2025 7:27:39 PM","33","False"
"642","ERR-00642","95","83","Medium","Dong dien dao dong bat thuong trong gio cao diem","10/6/2025 10:27:39 PM","10/7/2025 8:27:39 PM","34","False"
"643","ERR-00643","95","84","Low","Can hieu chuan lai cam bien trang thai dau sac","10/17/2025 10:27:39 PM","10/18/2025 9:27:39 PM","35","False"
"644","ERR-00644","97","85","High","Mat ket noi voi bo dieu khien cong sac","10/28/2025 10:27:39 PM","10/29/2025 10:27:39 PM","36","False"
"645","ERR-00645","97","86","Medium","Dong dien dao dong bat thuong trong gio cao diem","11/8/2025 10:27:39 PM","11/9/2025 11:27:39 PM","9","False"
"646","ERR-00646","99","87","Critical","Nhiet do dau sac vuot nguong, tam dung phien sac de kiem tra","11/19/2025 10:27:39 PM","11/21/2025 12:27:39 AM","10","False"
"647","ERR-00647","99","88","Low","Can hieu chuan lai cam bien trang thai dau sac","11/30/2025 10:27:39 PM","12/2/2025 1:27:39 AM","11","False"
"648","ERR-00648","100","89","Medium","Dong dien dao dong bat thuong trong gio cao diem","12/11/2025 10:27:39 PM","","","True"
"649","ERR-00649","100","90","Low","Can hieu chuan lai cam bien trang thai dau sac","12/22/2025 10:27:39 PM","12/24/2025 3:27:39 AM","13","False"
"650","ERR-00650","100","91","Low","Can hieu chuan lai cam bien trang thai dau sac","1/2/2026 10:27:39 PM","1/4/2026 4:27:39 AM","14","False"
"651","ERR-00651","96","92","High","Mat ket noi voi bo dieu khien cong sac","1/13/2026 10:27:39 PM","1/15/2026 5:27:39 AM","15","False"
"652","ERR-00652","96","93","Low","Can hieu chuan lai cam bien trang thai dau sac","1/24/2026 10:27:39 PM","1/26/2026 6:27:39 AM","16","False"
"653","ERR-00653","96","94","Low","Can hieu chuan lai cam bien trang thai dau sac","2/4/2026 10:27:39 PM","2/6/2026 7:27:39 AM","17","False"
"654","ERR-00654","94","95","Medium","Dong dien dao dong bat thuong trong gio cao diem","2/15/2026 10:27:39 PM","2/17/2026 8:27:39 AM","18","False"
"655","ERR-00655","94","96","Low","Can hieu chuan lai cam bien trang thai dau sac","2/26/2026 10:27:39 PM","2/28/2026 9:27:39 AM","19","False"
"656","ERR-00656","94","97","Low","Can hieu chuan lai cam bien trang thai dau sac","3/9/2026 10:27:39 PM","3/11/2026 10:27:39 AM","20","False"
"657","ERR-00657","92","98","Medium","Dong dien dao dong bat thuong trong gio cao diem","3/20/2026 10:27:39 PM","","","True"
"658","ERR-00658","92","99","High","Mat ket noi voi bo dieu khien cong sac","3/31/2026 10:27:39 PM","4/2/2026 12:27:39 PM","22","False"
"659","ERR-00659","92","100","Low","Can hieu chuan lai cam bien trang thai dau sac","4/11/2026 10:27:39 PM","4/13/2026 1:27:39 PM","23","False"
"660","ERR-00660","69","101","Medium","Dong dien dao dong bat thuong trong gio cao diem","4/22/2026 10:27:39 PM","4/24/2026 2:27:39 PM","24","False"
"661","ERR-00661","69","102","Low","Can hieu chuan lai cam bien trang thai dau sac","5/3/2026 10:27:39 PM","5/5/2026 3:27:39 PM","25","False"
"662","ERR-00662","69","103","Low","Can hieu chuan lai cam bien trang thai dau sac","5/14/2026 10:27:39 PM","5/16/2026 4:27:39 PM","26","False"
"663","ERR-00663","90","104","Critical","Nhiet do dau sac vuot nguong, tam dung phien sac de kiem tra","5/25/2026 10:27:39 PM","5/27/2026 5:27:39 PM","27","False"
"664","ERR-00664","90","105","Low","Can hieu chuan lai cam bien trang thai dau sac","6/5/2024 10:27:39 PM","6/7/2024 6:27:39 PM","28","False"
"665","ERR-00665","90","106","High","Mat ket noi voi bo dieu khien cong sac","6/16/2024 10:27:39 PM","6/18/2024 7:27:39 PM","29","False"
"666","ERR-00666","88","107","Medium","Dong dien dao dong bat thuong trong gio cao diem","6/27/2024 10:27:39 PM","","","True"
"667","ERR-00667","88","108","Low","Can hieu chuan lai cam bien trang thai dau sac","7/8/2024 10:27:39 PM","7/10/2024 9:27:39 PM","31","False"
"668","ERR-00668","88","109","Low","Can hieu chuan lai cam bien trang thai dau sac","7/19/2024 10:27:39 PM","7/21/2024 10:27:39 PM","32","False"
"669","ERR-00669","86","110","Medium","Dong dien dao dong bat thuong trong gio cao diem","7/30/2024 10:27:39 PM","8/1/2024 11:27:39 PM","33","False"
"670","ERR-00670","86","111","Low","Can hieu chuan lai cam bien trang thai dau sac","8/10/2024 10:27:39 PM","8/13/2024 12:27:39 AM","34","False"
"671","ERR-00671","86","112","Low","Can hieu chuan lai cam bien trang thai dau sac","8/21/2024 10:27:39 PM","8/24/2024 1:27:39 AM","35","False"
"672","ERR-00672","84","113","High","Mat ket noi voi bo dieu khien cong sac","9/1/2024 10:27:39 PM","9/2/2024 2:27:39 AM","36","False"
"673","ERR-00673","84","114","Low","Can hieu chuan lai cam bien trang thai dau sac","9/12/2024 10:27:39 PM","9/13/2024 3:27:39 AM","9","False"
"674","ERR-00674","84","115","Low","Can hieu chuan lai cam bien trang thai dau sac","9/23/2024 10:27:39 PM","9/24/2024 4:27:39 AM","10","False"
"675","ERR-00675","82","116","Medium","Dong dien dao dong bat thuong trong gio cao diem","10/4/2024 10:27:39 PM","","","True"
"676","ERR-00676","82","117","Low","Can hieu chuan lai cam bien trang thai dau sac","10/15/2024 10:27:39 PM","10/16/2024 6:27:39 AM","12","False"
"677","ERR-00677","82","118","Low","Can hieu chuan lai cam bien trang thai dau sac","10/26/2024 10:27:39 PM","10/27/2024 7:27:39 AM","13","False"
"678","ERR-00678","79","119","Medium","Dong dien dao dong bat thuong trong gio cao diem","11/6/2024 10:27:39 PM","11/7/2024 8:27:39 AM","14","False"
"679","ERR-00679","79","120","High","Mat ket noi voi bo dieu khien cong sac","11/17/2024 10:27:39 PM","11/18/2024 9:27:39 AM","15","False"
"680","ERR-00680","79","121","Critical","Nhiet do dau sac vuot nguong, tam dung phien sac de kiem tra","11/28/2024 10:27:39 PM","11/29/2024 10:27:39 AM","16","False"
"681","ERR-00681","77","122","Medium","Dong dien dao dong bat thuong trong gio cao diem","12/9/2024 10:27:39 PM","12/10/2024 11:27:39 AM","17","False"
"682","ERR-00682","77","123","Low","Can hieu chuan lai cam bien trang thai dau sac","12/20/2024 10:27:39 PM","12/21/2024 12:27:39 PM","18","False"
"683","ERR-00683","77","124","Low","Can hieu chuan lai cam bien trang thai dau sac","12/31/2024 10:27:39 PM","1/1/2025 1:27:39 PM","19","False"
"684","ERR-00684","71","125","Medium","Dong dien dao dong bat thuong trong gio cao diem","1/11/2025 10:27:39 PM","","","True"
"685","ERR-00685","71","126","Low","Can hieu chuan lai cam bien trang thai dau sac","1/22/2025 10:27:39 PM","1/23/2025 3:27:39 PM","21","False"
"686","ERR-00686","71","127","High","Mat ket noi voi bo dieu khien cong sac","2/2/2025 10:27:39 PM","2/3/2025 4:27:39 PM","22","False"
"687","ERR-00687","72","128","Medium","Dong dien dao dong bat thuong trong gio cao diem","2/13/2025 10:27:39 PM","2/14/2025 5:27:39 PM","23","False"
"688","ERR-00688","72","129","Low","Can hieu chuan lai cam bien trang thai dau sac","2/24/2025 10:27:39 PM","2/25/2025 6:27:39 PM","24","False"
"689","ERR-00689","72","130","Low","Can hieu chuan lai cam bien trang thai dau sac","3/7/2025 10:27:39 PM","3/8/2025 7:27:39 PM","25","False"
"690","ERR-00690","66","131","Medium","Dong dien dao dong bat thuong trong gio cao diem","3/18/2025 10:27:39 PM","3/19/2025 8:27:39 PM","26","False"
"691","ERR-00691","66","132","Low","Can hieu chuan lai cam bien trang thai dau sac","3/29/2025 10:27:39 PM","3/30/2025 9:27:39 PM","27","False"
"692","ERR-00692","66","133","Low","Can hieu chuan lai cam bien trang thai dau sac","4/9/2025 10:27:39 PM","4/10/2025 10:27:39 PM","28","False"
"693","ERR-00693","63","134","High","Mat ket noi voi bo dieu khien cong sac","4/20/2025 10:27:39 PM","","","True"
"694","ERR-00694","63","135","Low","Can hieu chuan lai cam bien trang thai dau sac","5/1/2025 10:27:39 PM","5/3/2025 12:27:39 AM","30","False"
"695","ERR-00695","63","136","Low","Can hieu chuan lai cam bien trang thai dau sac","5/12/2025 10:27:39 PM","5/14/2025 1:27:39 AM","31","False"
"696","ERR-00696","64","137","Medium","Dong dien dao dong bat thuong trong gio cao diem","5/23/2025 10:27:39 PM","5/25/2025 2:27:39 AM","32","False"
"697","ERR-00697","64","138","Critical","Nhiet do dau sac vuot nguong, tam dung phien sac de kiem tra","6/3/2025 10:27:39 PM","6/5/2025 3:27:39 AM","33","False"
"698","ERR-00698","64","139","Low","Can hieu chuan lai cam bien trang thai dau sac","6/14/2025 10:27:39 PM","6/16/2025 4:27:39 AM","34","False"
"699","ERR-00699","61","140","Medium","Dong dien dao dong bat thuong trong gio cao diem","6/25/2025 10:27:39 PM","6/27/2025 5:27:39 AM","35","False"
"700","ERR-00700","61","141","High","Mat ket noi voi bo dieu khien cong sac","7/6/2025 10:27:39 PM","7/8/2025 6:27:39 AM","36","False"
"701","ERR-00701","61","142","Low","Can hieu chuan lai cam bien trang thai dau sac","7/17/2025 10:27:39 PM","7/19/2025 7:27:39 AM","9","False"
"702","ERR-00702","58","143","Medium","Dong dien dao dong bat thuong trong gio cao diem","7/28/2025 10:27:39 PM","","","True"
"703","ERR-00703","58","144","Low","Can hieu chuan lai cam bien trang thai dau sac","8/8/2025 10:27:39 PM","8/10/2025 9:27:39 AM","11","False"
"704","ERR-00704","58","145","Low","Can hieu chuan lai cam bien trang thai dau sac","8/19/2025 10:27:39 PM","8/21/2025 10:27:39 AM","12","False"
"705","ERR-00705","56","146","Medium","Dong dien dao dong bat thuong trong gio cao diem","8/30/2025 10:27:39 PM","9/1/2025 11:27:39 AM","13","False"
"706","ERR-00706","56","147","Low","Can hieu chuan lai cam bien trang thai dau sac","9/10/2025 10:27:39 PM","9/12/2025 12:27:39 PM","14","False"
"707","ERR-00707","56","148","High","Mat ket noi voi bo dieu khien cong sac","9/21/2025 10:27:39 PM","9/23/2025 1:27:39 PM","15","False"
"708","ERR-00708","49","149","Medium","Dong dien dao dong bat thuong trong gio cao diem","10/2/2025 10:27:39 PM","10/4/2025 2:27:39 PM","16","False"
"709","ERR-00709","49","150","Low","Can hieu chuan lai cam bien trang thai dau sac","10/13/2025 10:27:39 PM","10/15/2025 3:27:39 PM","17","False"
"710","ERR-00710","49","151","Low","Can hieu chuan lai cam bien trang thai dau sac","10/24/2025 10:27:39 PM","10/26/2025 4:27:39 PM","18","False"
"711","ERR-00711","54","152","Medium","Dong dien dao dong bat thuong trong gio cao diem","11/4/2025 10:27:39 PM","","","True"
"712","ERR-00712","54","153","Low","Can hieu chuan lai cam bien trang thai dau sac","11/15/2025 10:27:39 PM","11/17/2025 6:27:39 PM","20","False"
"713","ERR-00713","54","154","Low","Can hieu chuan lai cam bien trang thai dau sac","11/26/2025 10:27:39 PM","11/28/2025 7:27:39 PM","21","False"
"714","ERR-00714","51","155","Critical","Nhiet do dau sac vuot nguong, tam dung phien sac de kiem tra","12/7/2025 10:27:39 PM","12/9/2025 8:27:39 PM","22","False"
"715","ERR-00715","51","156","Low","Can hieu chuan lai cam bien trang thai dau sac","12/18/2025 10:27:39 PM","12/20/2025 9:27:39 PM","23","False"
"716","ERR-00716","51","157","Low","Can hieu chuan lai cam bien trang thai dau sac","12/29/2025 10:27:39 PM","12/31/2025 10:27:39 PM","24","False"
"717","ERR-00717","47","158","Medium","Dong dien dao dong bat thuong trong gio cao diem","1/9/2026 10:27:39 PM","1/11/2026 11:27:39 PM","25","False"
"718","ERR-00718","47","159","Low","Can hieu chuan lai cam bien trang thai dau sac","1/20/2026 10:27:39 PM","1/23/2026 12:27:39 AM","26","False"
"719","ERR-00719","47","160","Low","Can hieu chuan lai cam bien trang thai dau sac","1/31/2026 10:27:39 PM","2/3/2026 1:27:39 AM","27","False"
"720","ERR-00720","45","161","Medium","Dong dien dao dong bat thuong trong gio cao diem","2/11/2026 10:27:39 PM","","","True"
"721","ERR-00721","45","162","High","Mat ket noi voi bo dieu khien cong sac","2/22/2026 10:27:39 PM","2/23/2026 3:27:39 AM","29","False"
"722","ERR-00722","45","163","Low","Can hieu chuan lai cam bien trang thai dau sac","3/5/2026 10:27:39 PM","3/6/2026 4:27:39 AM","30","False"
"723","ERR-00723","43","164","Medium","Dong dien dao dong bat thuong trong gio cao diem","3/16/2026 10:27:39 PM","3/17/2026 5:27:39 AM","31","False"
"724","ERR-00724","43","165","Low","Can hieu chuan lai cam bien trang thai dau sac","3/27/2026 10:27:39 PM","3/28/2026 6:27:39 AM","32","False"
"725","ERR-00725","43","166","Low","Can hieu chuan lai cam bien trang thai dau sac","4/7/2026 10:27:39 PM","4/8/2026 7:27:39 AM","33","False"
"726","ERR-00726","40","167","Medium","Dong dien dao dong bat thuong trong gio cao diem","4/18/2026 10:27:39 PM","4/19/2026 8:27:39 AM","34","False"
"727","ERR-00727","40","168","Low","Can hieu chuan lai cam bien trang thai dau sac","4/29/2026 10:27:39 PM","4/30/2026 9:27:39 AM","35","False"
"728","ERR-00728","40","169","High","Mat ket noi voi bo dieu khien cong sac","5/10/2026 10:27:39 PM","5/11/2026 10:27:39 AM","36","False"
"729","ERR-00729","41","170","Medium","Dong dien dao dong bat thuong trong gio cao diem","5/21/2026 10:27:39 PM","","","True"
"730","ERR-00730","41","171","Low","Can hieu chuan lai cam bien trang thai dau sac","6/1/2024 10:27:39 PM","6/2/2024 12:27:39 PM","10","False"
"731","ERR-00731","41","172","Critical","Nhiet do dau sac vuot nguong, tam dung phien sac de kiem tra","6/12/2024 10:27:39 PM","6/13/2024 1:27:39 PM","11","False"
"732","ERR-00732","36","173","Medium","Dong dien dao dong bat thuong trong gio cao diem","6/23/2024 10:27:39 PM","6/24/2024 2:27:39 PM","12","False"
"733","ERR-00733","36","174","Low","Can hieu chuan lai cam bien trang thai dau sac","7/4/2024 10:27:39 PM","7/5/2024 3:27:39 PM","13","False"
"734","ERR-00734","36","175","Low","Can hieu chuan lai cam bien trang thai dau sac","7/15/2024 10:27:39 PM","7/16/2024 4:27:39 PM","14","False"
"735","ERR-00735","33","176","High","Mat ket noi voi bo dieu khien cong sac","7/26/2024 10:27:39 PM","7/27/2024 5:27:39 PM","15","False"
"736","ERR-00736","33","177","Low","Can hieu chuan lai cam bien trang thai dau sac","8/6/2024 10:27:39 PM","8/7/2024 6:27:39 PM","16","False"
"737","ERR-00737","33","178","Low","Can hieu chuan lai cam bien trang thai dau sac","8/17/2024 10:27:39 PM","8/18/2024 7:27:39 PM","17","False"
"738","ERR-00738","31","179","Medium","Dong dien dao dong bat thuong trong gio cao diem","8/28/2024 10:27:39 PM","","","True"
"739","ERR-00739","31","180","Low","Can hieu chuan lai cam bien trang thai dau sac","9/8/2024 10:27:39 PM","9/9/2024 9:27:39 PM","19","False"
"740","ERR-00740","31","181","Low","Can hieu chuan lai cam bien trang thai dau sac","9/19/2024 10:27:39 PM","9/20/2024 10:27:39 PM","20","False"
"741","ERR-00741","9","182","Medium","Dong dien dao dong bat thuong trong gio cao diem","9/30/2024 10:27:39 PM","10/1/2024 11:27:39 PM","21","False"
"742","ERR-00742","9","183","High","Mat ket noi voi bo dieu khien cong sac","10/11/2024 10:27:39 PM","10/13/2024 12:27:39 AM","22","False"
"743","ERR-00743","9","184","Low","Can hieu chuan lai cam bien trang thai dau sac","10/22/2024 10:27:39 PM","10/24/2024 1:27:39 AM","23","False"
"744","ERR-00744","29","185","Medium","Dong dien dao dong bat thuong trong gio cao diem","11/2/2024 10:27:39 PM","11/4/2024 2:27:39 AM","24","False"
"745","ERR-00745","29","186","Low","Can hieu chuan lai cam bien trang thai dau sac","11/13/2024 10:27:39 PM","11/15/2024 3:27:39 AM","25","False"
"746","ERR-00746","29","187","Low","Can hieu chuan lai cam bien trang thai dau sac","11/24/2024 10:27:39 PM","11/26/2024 4:27:39 AM","26","False"
"747","ERR-00747","27","188","Medium","Dong dien dao dong bat thuong trong gio cao diem","12/5/2024 10:27:39 PM","","","True"
"748","ERR-00748","27","189","Critical","Nhiet do dau sac vuot nguong, tam dung phien sac de kiem tra","12/16/2024 10:27:39 PM","12/18/2024 6:27:39 AM","28","False"
"749","ERR-00749","27","190","High","Mat ket noi voi bo dieu khien cong sac","12/27/2024 10:27:39 PM","12/29/2024 7:27:39 AM","29","False"
"750","ERR-00750","25","191","Medium","Dong dien dao dong bat thuong trong gio cao diem","1/7/2025 10:27:39 PM","1/9/2025 8:27:39 AM","30","False"
"751","ERR-00751","25","192","Low","Can hieu chuan lai cam bien trang thai dau sac","1/18/2025 10:27:39 PM","1/20/2025 9:27:39 AM","31","False"
"752","ERR-00752","25","193","Low","Can hieu chuan lai cam bien trang thai dau sac","1/29/2025 10:27:39 PM","1/31/2025 10:27:39 AM","32","False"
"753","ERR-00753","22","194","Medium","Dong dien dao dong bat thuong trong gio cao diem","2/9/2025 10:27:39 PM","2/11/2025 11:27:39 AM","33","False"
"754","ERR-00754","22","195","Low","Can hieu chuan lai cam bien trang thai dau sac","2/20/2025 10:27:39 PM","2/22/2025 12:27:39 PM","34","False"
"755","ERR-00755","22","196","Low","Can hieu chuan lai cam bien trang thai dau sac","3/3/2025 10:27:39 PM","3/5/2025 1:27:39 PM","35","False"
"756","ERR-00756","19","197","High","Mat ket noi voi bo dieu khien cong sac","3/14/2025 10:27:39 PM","","","True"
"757","ERR-00757","19","198","Low","Can hieu chuan lai cam bien trang thai dau sac","3/25/2025 10:27:39 PM","3/27/2025 3:27:39 PM","9","False"
"758","ERR-00758","19","199","Low","Can hieu chuan lai cam bien trang thai dau sac","4/5/2025 10:27:39 PM","4/7/2025 4:27:39 PM","10","False"
"759","ERR-00759","20","200","Medium","Dong dien dao dong bat thuong trong gio cao diem","4/16/2025 10:27:39 PM","4/18/2025 5:27:39 PM","11","False"
"760","ERR-00760","20","201","Low","Can hieu chuan lai cam bien trang thai dau sac","4/27/2025 10:27:39 PM","4/29/2025 6:27:39 PM","12","False"
"761","ERR-00761","20","202","Low","Can hieu chuan lai cam bien trang thai dau sac","5/8/2025 10:27:39 PM","5/10/2025 7:27:39 PM","13","False"
"762","ERR-00762","15","203","Medium","Dong dien dao dong bat thuong trong gio cao diem","5/19/2025 10:27:39 PM","5/21/2025 8:27:39 PM","14","False"
"763","ERR-00763","15","204","High","Mat ket noi voi bo dieu khien cong sac","5/30/2025 10:27:39 PM","6/1/2025 9:27:39 PM","15","False"
"764","ERR-00764","15","205","Low","Can hieu chuan lai cam bien trang thai dau sac","6/10/2025 10:27:39 PM","6/12/2025 10:27:39 PM","16","False"
"765","ERR-00765","13","206","Critical","Nhiet do dau sac vuot nguong, tam dung phien sac de kiem tra","6/21/2025 10:27:39 PM","","","True"
"766","ERR-00766","13","207","Low","Can hieu chuan lai cam bien trang thai dau sac","7/2/2025 10:27:39 PM","7/5/2025 12:27:39 AM","18","False"
"767","ERR-00767","13","208","Low","Can hieu chuan lai cam bien trang thai dau sac","7/13/2025 10:27:39 PM","7/16/2025 1:27:39 AM","19","False"
"768","ERR-00768","11","209","Medium","Dong dien dao dong bat thuong trong gio cao diem","7/24/2025 10:27:39 PM","7/25/2025 2:27:39 AM","20","False"
"769","ERR-00769","11","210","Low","Can hieu chuan lai cam bien trang thai dau sac","8/4/2025 10:27:39 PM","8/5/2025 3:27:39 AM","21","False"
"770","ERR-00770","11","211","High","Mat ket noi voi bo dieu khien cong sac","8/15/2025 10:27:39 PM","8/16/2025 4:27:39 AM","22","False"
"771","ERR-00771","7","212","Medium","Dong dien dao dong bat thuong trong gio cao diem","8/26/2025 10:27:39 PM","8/27/2025 5:27:39 AM","23","False"
"772","ERR-00772","7","213","Low","Can hieu chuan lai cam bien trang thai dau sac","9/6/2025 10:27:39 PM","9/7/2025 6:27:39 AM","24","False"
"773","ERR-00773","7","214","Low","Can hieu chuan lai cam bien trang thai dau sac","9/17/2025 10:27:39 PM","9/18/2025 7:27:39 AM","25","False"
"774","ERR-00774","4","215","Medium","Dong dien dao dong bat thuong trong gio cao diem","9/28/2025 10:27:39 PM","","","True"
"775","ERR-00775","4","216","Low","Can hieu chuan lai cam bien trang thai dau sac","10/9/2025 10:27:39 PM","10/10/2025 9:27:39 AM","27","False"
"776","ERR-00776","4","217","Low","Can hieu chuan lai cam bien trang thai dau sac","10/20/2025 10:27:39 PM","10/21/2025 10:27:39 AM","28","False"
"777","ERR-00777","2","218","High","Mat ket noi voi bo dieu khien cong sac","10/31/2025 10:27:39 PM","11/1/2025 11:27:39 AM","29","False"
"778","ERR-00778","2","219","Low","Can hieu chuan lai cam bien trang thai dau sac","11/11/2025 10:27:39 PM","11/12/2025 12:27:39 PM","30","False"
"779","ERR-00779","2","220","Low","Can hieu chuan lai cam bien trang thai dau sac","11/22/2025 10:27:39 PM","11/23/2025 1:27:39 PM","31","False"
"780","ERR-00780","8","221","Medium","Dong dien dao dong bat thuong trong gio cao diem","12/3/2025 10:27:39 PM","12/4/2025 2:27:39 PM","32","False"
"781","ERR-00781","8","222","Low","Can hieu chuan lai cam bien trang thai dau sac","12/14/2025 10:27:39 PM","12/15/2025 3:27:39 PM","33","False"
"782","ERR-00782","8","223","Critical","Nhiet do dau sac vuot nguong, tam dung phien sac de kiem tra","12/25/2025 10:27:39 PM","12/26/2025 4:27:39 PM","34","False"
"783","ERR-00783","8","224","Medium","Dong dien dao dong bat thuong trong gio cao diem","1/5/2026 10:27:39 PM","","","True"
"784","ERR-00784","8","225","High","Mat ket noi voi bo dieu khien cong sac","1/16/2026 10:27:39 PM","1/17/2026 6:27:39 PM","36","False"
"785","ERR-00785","17","226","Low","Can hieu chuan lai cam bien trang thai dau sac","1/27/2026 10:27:39 PM","1/28/2026 7:27:39 PM","9","False"
"786","ERR-00786","17","227","Medium","Dong dien dao dong bat thuong trong gio cao diem","2/7/2026 10:27:39 PM","2/8/2026 8:27:39 PM","10","False"
"787","ERR-00787","17","228","Low","Can hieu chuan lai cam bien trang thai dau sac","2/18/2026 10:27:39 PM","2/19/2026 9:27:39 PM","11","False"
"788","ERR-00788","17","229","Low","Can hieu chuan lai cam bien trang thai dau sac","3/1/2026 10:27:39 PM","3/2/2026 10:27:39 PM","12","False"
"789","ERR-00789","17","230","Medium","Dong dien dao dong bat thuong trong gio cao diem","3/12/2026 10:27:39 PM","3/13/2026 11:27:39 PM","13","False"
"790","ERR-00790","28","231","Low","Can hieu chuan lai cam bien trang thai dau sac","3/23/2026 10:27:39 PM","3/25/2026 12:27:39 AM","14","False"
"791","ERR-00791","28","232","High","Mat ket noi voi bo dieu khien cong sac","4/3/2026 10:27:39 PM","4/5/2026 1:27:39 AM","15","False"
"792","ERR-00792","28","233","Medium","Dong dien dao dong bat thuong trong gio cao diem","4/14/2026 10:27:39 PM","","","True"
"793","ERR-00793","28","234","Low","Can hieu chuan lai cam bien trang thai dau sac","4/25/2026 10:27:39 PM","4/27/2026 3:27:39 AM","17","False"
"794","ERR-00794","28","235","Low","Can hieu chuan lai cam bien trang thai dau sac","5/6/2026 10:27:39 PM","5/8/2026 4:27:39 AM","18","False"
"795","ERR-00795","38","236","Medium","Dong dien dao dong bat thuong trong gio cao diem","5/17/2026 10:27:39 PM","5/19/2026 5:27:39 AM","19","False"
"796","ERR-00796","38","237","Low","Can hieu chuan lai cam bien trang thai dau sac","5/28/2026 10:27:39 PM","5/30/2026 6:27:39 AM","20","False"
"797","ERR-00797","38","238","Low","Can hieu chuan lai cam bien trang thai dau sac","6/8/2024 10:27:39 PM","6/10/2024 7:27:39 AM","21","False"
"798","ERR-00798","38","239","High","Mat ket noi voi bo dieu khien cong sac","6/19/2024 10:27:39 PM","6/21/2024 8:27:39 AM","22","False"
"799","ERR-00799","38","240","Critical","Nhiet do dau sac vuot nguong, tam dung phien sac de kiem tra","6/30/2024 10:27:39 PM","7/2/2024 9:27:39 AM","23","False"
"800","ERR-00800","48","241","Low","Can hieu chuan lai cam bien trang thai dau sac","7/11/2024 10:27:39 PM","7/13/2024 10:27:39 AM","24","False"
"801","ERR-00801","48","242","Medium","Dong dien dao dong bat thuong trong gio cao diem","7/22/2024 10:27:39 PM","","","True"
"802","ERR-00802","48","243","Low","Can hieu chuan lai cam bien trang thai dau sac","8/2/2024 10:27:39 PM","8/4/2024 12:27:39 PM","26","False"
"803","ERR-00803","48","244","Low","Can hieu chuan lai cam bien trang thai dau sac","8/13/2024 10:27:39 PM","8/15/2024 1:27:39 PM","27","False"
"804","ERR-00804","48","245","Medium","Dong dien dao dong bat thuong trong gio cao diem","8/24/2024 10:27:39 PM","8/26/2024 2:27:39 PM","28","False"
"805","ERR-00805","53","246","High","Mat ket noi voi bo dieu khien cong sac","9/4/2024 10:27:39 PM","9/6/2024 3:27:39 PM","29","False"
"806","ERR-00806","53","247","Low","Can hieu chuan lai cam bien trang thai dau sac","9/15/2024 10:27:39 PM","9/17/2024 4:27:39 PM","30","False"
"807","ERR-00807","53","248","Medium","Dong dien dao dong bat thuong trong gio cao diem","9/26/2024 10:27:39 PM","9/28/2024 5:27:39 PM","31","False"
"808","ERR-00808","53","249","Low","Can hieu chuan lai cam bien trang thai dau sac","10/7/2024 10:27:39 PM","10/9/2024 6:27:39 PM","32","False"
"809","ERR-00809","53","250","Low","Can hieu chuan lai cam bien trang thai dau sac","10/18/2024 10:27:39 PM","10/20/2024 7:27:39 PM","33","False"
"810","ERR-00810","59","251","Medium","Dong dien dao dong bat thuong trong gio cao diem","10/29/2024 10:27:39 PM","","","True"
"811","ERR-00811","59","252","Low","Can hieu chuan lai cam bien trang thai dau sac","11/9/2024 10:27:39 PM","11/11/2024 9:27:39 PM","35","False"
"812","ERR-00812","59","253","High","Mat ket noi voi bo dieu khien cong sac","11/20/2024 10:27:39 PM","11/22/2024 10:27:39 PM","36","False"
"813","ERR-00813","59","254","Medium","Dong dien dao dong bat thuong trong gio cao diem","12/1/2024 10:27:39 PM","12/3/2024 11:27:39 PM","9","False"
"814","ERR-00814","59","255","Low","Can hieu chuan lai cam bien trang thai dau sac","12/12/2024 10:27:39 PM","12/15/2024 12:27:39 AM","10","False"
"815","ERR-00815","68","256","Low","Can hieu chuan lai cam bien trang thai dau sac","12/23/2024 10:27:39 PM","12/26/2024 1:27:39 AM","11","False"
"816","ERR-00816","68","257","Critical","Nhiet do dau sac vuot nguong, tam dung phien sac de kiem tra","1/3/2025 10:27:39 PM","1/4/2025 2:27:39 AM","12","False"
"817","ERR-00817","68","258","Low","Can hieu chuan lai cam bien trang thai dau sac","1/14/2025 10:27:39 PM","1/15/2025 3:27:39 AM","13","False"
"818","ERR-00818","68","259","Low","Can hieu chuan lai cam bien trang thai dau sac","1/25/2025 10:27:39 PM","1/26/2025 4:27:39 AM","14","False"
"819","ERR-00819","68","260","High","Mat ket noi voi bo dieu khien cong sac","2/5/2025 10:27:39 PM","","","True"
"820","ERR-00820","74","261","Low","Can hieu chuan lai cam bien trang thai dau sac","2/16/2025 10:27:39 PM","2/17/2025 6:27:39 AM","16","False"
"821","ERR-00821","74","262","Low","Can hieu chuan lai cam bien trang thai dau sac","2/27/2025 10:27:39 PM","2/28/2025 7:27:39 AM","17","False"
"822","ERR-00822","74","263","Medium","Dong dien dao dong bat thuong trong gio cao diem","3/10/2025 10:27:39 PM","3/11/2025 8:27:39 AM","18","False"
"823","ERR-00823","74","264","Low","Can hieu chuan lai cam bien trang thai dau sac","3/21/2025 10:27:39 PM","3/22/2025 9:27:39 AM","19","False"
"824","ERR-00824","74","265","Low","Can hieu chuan lai cam bien trang thai dau sac","4/1/2025 10:27:39 PM","4/2/2025 10:27:39 AM","20","False"
"825","ERR-00825","80","266","Medium","Dong dien dao dong bat thuong trong gio cao diem","4/12/2025 10:27:39 PM","4/13/2025 11:27:39 AM","21","False"
"826","ERR-00826","80","267","High","Mat ket noi voi bo dieu khien cong sac","4/23/2025 10:27:39 PM","4/24/2025 12:27:39 PM","22","False"
"827","ERR-00827","80","268","Low","Can hieu chuan lai cam bien trang thai dau sac","5/4/2025 10:27:39 PM","5/5/2025 1:27:39 PM","23","False"
"828","ERR-00828","80","269","Medium","Dong dien dao dong bat thuong trong gio cao diem","5/15/2025 10:27:39 PM","","","True"
"829","ERR-00829","80","270","Low","Can hieu chuan lai cam bien trang thai dau sac","5/26/2025 10:27:39 PM","5/27/2025 3:27:39 PM","25","False"
"830","ERR-00830","89","271","Low","Can hieu chuan lai cam bien trang thai dau sac","6/6/2025 10:27:39 PM","6/7/2025 4:27:39 PM","26","False"
"831","ERR-00831","89","272","Medium","Dong dien dao dong bat thuong trong gio cao diem","6/17/2025 10:27:39 PM","6/18/2025 5:27:39 PM","27","False"
"832","ERR-00832","89","273","Low","Can hieu chuan lai cam bien trang thai dau sac","6/28/2025 10:27:39 PM","6/29/2025 6:27:39 PM","28","False"
"833","ERR-00833","89","274","Critical","Nhiet do dau sac vuot nguong, tam dung phien sac de kiem tra","7/9/2025 10:27:39 PM","7/10/2025 7:27:39 PM","29","False"
"834","ERR-00834","89","275","Medium","Dong dien dao dong bat thuong trong gio cao diem","7/20/2025 10:27:39 PM","7/21/2025 8:27:39 PM","30","False"
"835","ERR-00835","98","276","Low","Can hieu chuan lai cam bien trang thai dau sac","7/31/2025 10:27:39 PM","8/1/2025 9:27:39 PM","31","False"
"836","ERR-00836","98","277","Low","Can hieu chuan lai cam bien trang thai dau sac","8/11/2025 10:27:39 PM","8/12/2025 10:27:39 PM","32","False"
"837","ERR-00837","98","278","Medium","Dong dien dao dong bat thuong trong gio cao diem","8/22/2025 10:27:39 PM","","","True"
"838","ERR-00838","98","279","Low","Can hieu chuan lai cam bien trang thai dau sac","9/2/2025 10:27:39 PM","9/4/2025 12:27:39 AM","34","False"
"839","ERR-00839","98","280","Low","Can hieu chuan lai cam bien trang thai dau sac","9/13/2025 10:27:39 PM","9/15/2025 1:27:39 AM","35","False"
"840","ERR-00840","1","1","High","Mat ket noi voi bo dieu khien cong sac","9/24/2025 10:27:39 PM","9/26/2025 2:27:39 AM","36","False"
"841","ERR-00841","1","2","Low","Can hieu chuan lai cam bien trang thai dau sac","10/5/2025 10:27:39 PM","10/7/2025 3:27:39 AM","9","False"
"842","ERR-00842","3","3","Low","Can hieu chuan lai cam bien trang thai dau sac","10/16/2025 10:27:39 PM","10/18/2025 4:27:39 AM","10","False"
"843","ERR-00843","3","4","Medium","Dong dien dao dong bat thuong trong gio cao diem","10/27/2025 10:27:39 PM","10/29/2025 5:27:39 AM","11","False"
"844","ERR-00844","5","5","Low","Can hieu chuan lai cam bien trang thai dau sac","11/7/2025 10:27:39 PM","11/9/2025 6:27:39 AM","12","False"
"845","ERR-00845","5","6","Low","Can hieu chuan lai cam bien trang thai dau sac","11/18/2025 10:27:39 PM","11/20/2025 7:27:39 AM","13","False"
"846","ERR-00846","6","7","Medium","Dong dien dao dong bat thuong trong gio cao diem","11/29/2025 10:27:39 PM","","","True"
"847","ERR-00847","6","8","High","Mat ket noi voi bo dieu khien cong sac","12/10/2025 10:27:39 PM","12/12/2025 9:27:39 AM","15","False"
"848","ERR-00848","10","9","Low","Can hieu chuan lai cam bien trang thai dau sac","12/21/2025 10:27:39 PM","12/23/2025 10:27:39 AM","16","False"
"849","ERR-00849","10","10","Medium","Dong dien dao dong bat thuong trong gio cao diem","1/1/2026 10:27:39 PM","1/3/2026 11:27:39 AM","17","False"
"850","ERR-00850","12","11","Critical","Nhiet do dau sac vuot nguong, tam dung phien sac de kiem tra","1/12/2026 10:27:39 PM","1/14/2026 12:27:39 PM","18","False"
"851","ERR-00851","12","12","Low","Can hieu chuan lai cam bien trang thai dau sac","1/23/2026 10:27:39 PM","1/25/2026 1:27:39 PM","19","False"
"852","ERR-00852","14","13","Medium","Dong dien dao dong bat thuong trong gio cao diem","2/3/2026 10:27:39 PM","2/5/2026 2:27:39 PM","20","False"
"853","ERR-00853","14","14","Low","Can hieu chuan lai cam bien trang thai dau sac","2/14/2026 10:27:39 PM","2/16/2026 3:27:39 PM","21","False"
"854","ERR-00854","16","15","High","Mat ket noi voi bo dieu khien cong sac","2/25/2026 10:27:39 PM","2/27/2026 4:27:39 PM","22","False"
"855","ERR-00855","16","16","Medium","Dong dien dao dong bat thuong trong gio cao diem","3/8/2026 10:27:39 PM","","","True"
"856","ERR-00856","18","17","Low","Can hieu chuan lai cam bien trang thai dau sac","3/19/2026 10:27:39 PM","3/21/2026 6:27:39 PM","24","False"
"857","ERR-00857","18","18","Low","Can hieu chuan lai cam bien trang thai dau sac","3/30/2026 10:27:39 PM","4/1/2026 7:27:39 PM","25","False"
"858","ERR-00858","21","19","Medium","Dong dien dao dong bat thuong trong gio cao diem","4/10/2026 10:27:39 PM","4/12/2026 8:27:39 PM","26","False"
"859","ERR-00859","21","20","Low","Can hieu chuan lai cam bien trang thai dau sac","4/21/2026 10:27:39 PM","4/23/2026 9:27:39 PM","27","False"
"860","ERR-00860","23","21","Low","Can hieu chuan lai cam bien trang thai dau sac","5/2/2026 10:27:39 PM","5/4/2026 10:27:39 PM","28","False"
"861","ERR-00861","23","22","High","Mat ket noi voi bo dieu khien cong sac","5/13/2026 10:27:39 PM","5/15/2026 11:27:39 PM","29","False"
"862","ERR-00862","24","23","Low","Can hieu chuan lai cam bien trang thai dau sac","5/24/2026 10:27:39 PM","5/27/2026 12:27:39 AM","30","False"
"863","ERR-00863","24","24","Low","Can hieu chuan lai cam bien trang thai dau sac","6/4/2024 10:27:39 PM","6/7/2024 1:27:39 AM","31","False"
"864","ERR-00864","26","25","Medium","Dong dien dao dong bat thuong trong gio cao diem","6/15/2024 10:27:39 PM","","","True"
"865","ERR-00865","26","26","Low","Can hieu chuan lai cam bien trang thai dau sac","6/26/2024 10:27:39 PM","6/27/2024 3:27:39 AM","33","False"
"866","ERR-00866","30","27","Low","Can hieu chuan lai cam bien trang thai dau sac","7/7/2024 10:27:39 PM","7/8/2024 4:27:39 AM","34","False"
"867","ERR-00867","30","28","Critical","Nhiet do dau sac vuot nguong, tam dung phien sac de kiem tra","7/18/2024 10:27:39 PM","7/19/2024 5:27:39 AM","35","False"
"868","ERR-00868","32","29","High","Mat ket noi voi bo dieu khien cong sac","7/29/2024 10:27:39 PM","7/30/2024 6:27:39 AM","36","False"
"869","ERR-00869","32","30","Low","Can hieu chuan lai cam bien trang thai dau sac","8/9/2024 10:27:39 PM","8/10/2024 7:27:39 AM","9","False"
"870","ERR-00870","34","31","Medium","Dong dien dao dong bat thuong trong gio cao diem","8/20/2024 10:27:39 PM","8/21/2024 8:27:39 AM","10","False"
"871","ERR-00871","34","32","Low","Can hieu chuan lai cam bien trang thai dau sac","8/31/2024 10:27:39 PM","9/1/2024 9:27:39 AM","11","False"
"872","ERR-00872","35","33","Low","Can hieu chuan lai cam bien trang thai dau sac","9/11/2024 10:27:39 PM","9/12/2024 10:27:39 AM","12","False"
"873","ERR-00873","35","34","Medium","Dong dien dao dong bat thuong trong gio cao diem","9/22/2024 10:27:39 PM","","","True"
"874","ERR-00874","37","35","Low","Can hieu chuan lai cam bien trang thai dau sac","10/3/2024 10:27:39 PM","10/4/2024 12:27:39 PM","14","False"
"875","ERR-00875","37","36","High","Mat ket noi voi bo dieu khien cong sac","10/14/2024 10:27:39 PM","10/15/2024 1:27:39 PM","15","False"
"876","ERR-00876","39","37","Medium","Dong dien dao dong bat thuong trong gio cao diem","10/25/2024 10:27:39 PM","10/26/2024 2:27:39 PM","16","False"
"877","ERR-00877","39","38","Low","Can hieu chuan lai cam bien trang thai dau sac","11/5/2024 10:27:39 PM","11/6/2024 3:27:39 PM","17","False"
"878","ERR-00878","42","39","Low","Can hieu chuan lai cam bien trang thai dau sac","11/16/2024 10:27:39 PM","11/17/2024 4:27:39 PM","18","False"
"879","ERR-00879","42","40","Medium","Dong dien dao dong bat thuong trong gio cao diem","11/27/2024 10:27:39 PM","11/28/2024 5:27:39 PM","19","False"
"880","ERR-00880","44","41","Low","Can hieu chuan lai cam bien trang thai dau sac","12/8/2024 10:27:39 PM","12/9/2024 6:27:39 PM","20","False"
"881","ERR-00881","44","42","Low","Can hieu chuan lai cam bien trang thai dau sac","12/19/2024 10:27:39 PM","12/20/2024 7:27:39 PM","21","False"
"882","ERR-00882","46","43","High","Mat ket noi voi bo dieu khien cong sac","12/30/2024 10:27:39 PM","","","True"
"883","ERR-00883","46","44","Low","Can hieu chuan lai cam bien trang thai dau sac","1/10/2025 10:27:39 PM","1/11/2025 9:27:39 PM","23","False"
"884","ERR-00884","50","45","Critical","Nhiet do dau sac vuot nguong, tam dung phien sac de kiem tra","1/21/2025 10:27:39 PM","1/22/2025 10:27:39 PM","24","False"
"885","ERR-00885","50","46","Medium","Dong dien dao dong bat thuong trong gio cao diem","2/1/2025 10:27:39 PM","2/2/2025 11:27:39 PM","25","False"
"886","ERR-00886","52","47","Low","Can hieu chuan lai cam bien trang thai dau sac","2/12/2025 10:27:39 PM","2/14/2025 12:27:39 AM","26","False"
"887","ERR-00887","52","48","Low","Can hieu chuan lai cam bien trang thai dau sac","2/23/2025 10:27:39 PM","2/25/2025 1:27:39 AM","27","False"
"888","ERR-00888","55","49","Medium","Dong dien dao dong bat thuong trong gio cao diem","3/6/2025 10:27:39 PM","3/8/2025 2:27:39 AM","28","False"
"889","ERR-00889","55","50","High","Mat ket noi voi bo dieu khien cong sac","3/17/2025 10:27:39 PM","3/19/2025 3:27:39 AM","29","False"
"890","ERR-00890","57","51","Low","Can hieu chuan lai cam bien trang thai dau sac","3/28/2025 10:27:39 PM","3/30/2025 4:27:39 AM","30","False"
"891","ERR-00891","57","52","Medium","Dong dien dao dong bat thuong trong gio cao diem","4/8/2025 10:27:39 PM","","","True"
"892","ERR-00892","60","53","Low","Can hieu chuan lai cam bien trang thai dau sac","4/19/2025 10:27:39 PM","4/21/2025 6:27:39 AM","32","False"
"893","ERR-00893","60","54","Low","Can hieu chuan lai cam bien trang thai dau sac","4/30/2025 10:27:39 PM","5/2/2025 7:27:39 AM","33","False"
"894","ERR-00894","62","55","Medium","Dong dien dao dong bat thuong trong gio cao diem","5/11/2025 10:27:39 PM","5/13/2025 8:27:39 AM","34","False"
"895","ERR-00895","62","56","Low","Can hieu chuan lai cam bien trang thai dau sac","5/22/2025 10:27:39 PM","5/24/2025 9:27:39 AM","35","False"
"896","ERR-00896","65","57","High","Mat ket noi voi bo dieu khien cong sac","6/2/2025 10:27:39 PM","6/4/2025 10:27:39 AM","36","False"
"897","ERR-00897","65","58","Medium","Dong dien dao dong bat thuong trong gio cao diem","6/13/2025 10:27:39 PM","6/15/2025 11:27:39 AM","9","False"
"898","ERR-00898","67","59","Low","Can hieu chuan lai cam bien trang thai dau sac","6/24/2025 10:27:39 PM","6/26/2025 12:27:39 PM","10","False"
"899","ERR-00899","67","60","Low","Can hieu chuan lai cam bien trang thai dau sac","7/5/2025 10:27:39 PM","7/7/2025 1:27:39 PM","11","False"
"900","ERR-00900","70","61","Medium","Dong dien dao dong bat thuong trong gio cao diem","7/16/2025 10:27:39 PM","","","True"
"901","ERR-00901","70","62","Critical","Nhiet do dau sac vuot nguong, tam dung phien sac de kiem tra","7/27/2025 10:27:39 PM","7/29/2025 3:27:39 PM","13","False"
"902","ERR-00902","73","63","Low","Can hieu chuan lai cam bien trang thai dau sac","8/7/2025 10:27:39 PM","8/9/2025 4:27:39 PM","14","False"
"903","ERR-00903","73","64","High","Mat ket noi voi bo dieu khien cong sac","8/18/2025 10:27:39 PM","8/20/2025 5:27:39 PM","15","False"
"904","ERR-00904","75","65","Low","Can hieu chuan lai cam bien trang thai dau sac","8/29/2025 10:27:39 PM","8/31/2025 6:27:39 PM","16","False"
"905","ERR-00905","75","66","Low","Can hieu chuan lai cam bien trang thai dau sac","9/9/2025 10:27:39 PM","9/11/2025 7:27:39 PM","17","False"
"906","ERR-00906","76","67","Medium","Dong dien dao dong bat thuong trong gio cao diem","9/20/2025 10:27:39 PM","9/22/2025 8:27:39 PM","18","False"
"907","ERR-00907","76","68","Low","Can hieu chuan lai cam bien trang thai dau sac","10/1/2025 10:27:39 PM","10/3/2025 9:27:39 PM","19","False"
"908","ERR-00908","78","69","Low","Can hieu chuan lai cam bien trang thai dau sac","10/12/2025 10:27:39 PM","10/14/2025 10:27:39 PM","20","False"
"909","ERR-00909","78","70","Medium","Dong dien dao dong bat thuong trong gio cao diem","10/23/2025 10:27:39 PM","","","True"
"910","ERR-00910","81","71","High","Mat ket noi voi bo dieu khien cong sac","11/3/2025 10:27:39 PM","11/6/2025 12:27:39 AM","22","False"
"911","ERR-00911","81","72","Low","Can hieu chuan lai cam bien trang thai dau sac","11/14/2025 10:27:39 PM","11/17/2025 1:27:39 AM","23","False"
"912","ERR-00912","83","73","Medium","Dong dien dao dong bat thuong trong gio cao diem","11/25/2025 10:27:39 PM","11/26/2025 2:27:39 AM","24","False"
"913","ERR-00913","83","74","Low","Can hieu chuan lai cam bien trang thai dau sac","12/6/2025 10:27:39 PM","12/7/2025 3:27:39 AM","25","False"
"914","ERR-00914","85","75","Low","Can hieu chuan lai cam bien trang thai dau sac","12/17/2025 10:27:39 PM","12/18/2025 4:27:39 AM","26","False"
"915","ERR-00915","85","76","Medium","Dong dien dao dong bat thuong trong gio cao diem","12/28/2025 10:27:39 PM","12/29/2025 5:27:39 AM","27","False"
"916","ERR-00916","87","77","Low","Can hieu chuan lai cam bien trang thai dau sac","1/8/2026 10:27:39 PM","1/9/2026 6:27:39 AM","28","False"
"917","ERR-00917","87","78","High","Mat ket noi voi bo dieu khien cong sac","1/19/2026 10:27:39 PM","1/20/2026 7:27:39 AM","29","False"
"918","ERR-00918","91","79","Critical","Nhiet do dau sac vuot nguong, tam dung phien sac de kiem tra","1/30/2026 10:27:39 PM","","","True"
"919","ERR-00919","91","80","Low","Can hieu chuan lai cam bien trang thai dau sac","2/10/2026 10:27:39 PM","2/11/2026 9:27:39 AM","31","False"
"920","ERR-00920","93","81","Low","Can hieu chuan lai cam bien trang thai dau sac","2/21/2026 10:27:39 PM","2/22/2026 10:27:39 AM","32","False"
"921","ERR-00921","93","82","Medium","Dong dien dao dong bat thuong trong gio cao diem","3/4/2026 10:27:39 PM","3/5/2026 11:27:39 AM","33","False"
"922","ERR-00922","95","83","Low","Can hieu chuan lai cam bien trang thai dau sac","3/15/2026 10:27:39 PM","3/16/2026 12:27:39 PM","34","False"
"923","ERR-00923","95","84","Low","Can hieu chuan lai cam bien trang thai dau sac","3/26/2026 10:27:39 PM","3/27/2026 1:27:39 PM","35","False"
"924","ERR-00924","97","85","High","Mat ket noi voi bo dieu khien cong sac","4/6/2026 10:27:39 PM","4/7/2026 2:27:39 PM","36","False"
"925","ERR-00925","97","86","Low","Can hieu chuan lai cam bien trang thai dau sac","4/17/2026 10:27:39 PM","4/18/2026 3:27:39 PM","9","False"
"926","ERR-00926","99","87","Low","Can hieu chuan lai cam bien trang thai dau sac","4/28/2026 10:27:39 PM","4/29/2026 4:27:39 PM","10","False"
"927","ERR-00927","99","88","Medium","Dong dien dao dong bat thuong trong gio cao diem","5/9/2026 10:27:39 PM","","","True"
"928","ERR-00928","100","89","Low","Can hieu chuan lai cam bien trang thai dau sac","5/20/2026 10:27:39 PM","5/21/2026 6:27:39 PM","12","False"
"929","ERR-00929","100","90","Low","Can hieu chuan lai cam bien trang thai dau sac","5/31/2026 10:27:39 PM","6/1/2026 7:27:39 PM","13","False"
"930","ERR-00930","100","91","Medium","Dong dien dao dong bat thuong trong gio cao diem","6/11/2024 10:27:39 PM","6/12/2024 8:27:39 PM","14","False"
"931","ERR-00931","96","92","High","Mat ket noi voi bo dieu khien cong sac","6/22/2024 10:27:39 PM","6/23/2024 9:27:39 PM","15","False"
"932","ERR-00932","96","93","Low","Can hieu chuan lai cam bien trang thai dau sac","7/3/2024 10:27:39 PM","7/4/2024 10:27:39 PM","16","False"
"933","ERR-00933","96","94","Medium","Dong dien dao dong bat thuong trong gio cao diem","7/14/2024 10:27:39 PM","7/15/2024 11:27:39 PM","17","False"
"934","ERR-00934","94","95","Low","Can hieu chuan lai cam bien trang thai dau sac","7/25/2024 10:27:39 PM","7/27/2024 12:27:39 AM","18","False"
"935","ERR-00935","94","96","Critical","Nhiet do dau sac vuot nguong, tam dung phien sac de kiem tra","8/5/2024 10:27:39 PM","8/7/2024 1:27:39 AM","19","False"
"936","ERR-00936","94","97","Medium","Dong dien dao dong bat thuong trong gio cao diem","8/16/2024 10:27:39 PM","","","True"
"937","ERR-00937","92","98","Low","Can hieu chuan lai cam bien trang thai dau sac","8/27/2024 10:27:39 PM","8/29/2024 3:27:39 AM","21","False"
"938","ERR-00938","92","99","High","Mat ket noi voi bo dieu khien cong sac","9/7/2024 10:27:39 PM","9/9/2024 4:27:39 AM","22","False"
"939","ERR-00939","92","100","Medium","Dong dien dao dong bat thuong trong gio cao diem","9/18/2024 10:27:39 PM","9/20/2024 5:27:39 AM","23","False"
"940","ERR-00940","69","101","Low","Can hieu chuan lai cam bien trang thai dau sac","9/29/2024 10:27:39 PM","10/1/2024 6:27:39 AM","24","False"
"941","ERR-00941","69","102","Low","Can hieu chuan lai cam bien trang thai dau sac","10/10/2024 10:27:39 PM","10/12/2024 7:27:39 AM","25","False"
"942","ERR-00942","69","103","Medium","Dong dien dao dong bat thuong trong gio cao diem","10/21/2024 10:27:39 PM","10/23/2024 8:27:39 AM","26","False"
"943","ERR-00943","90","104","Low","Can hieu chuan lai cam bien trang thai dau sac","11/1/2024 10:27:39 PM","11/3/2024 9:27:39 AM","27","False"
"944","ERR-00944","90","105","Low","Can hieu chuan lai cam bien trang thai dau sac","11/12/2024 10:27:39 PM","11/14/2024 10:27:39 AM","28","False"
"945","ERR-00945","90","106","High","Mat ket noi voi bo dieu khien cong sac","11/23/2024 10:27:39 PM","","","True"
"946","ERR-00946","88","107","Low","Can hieu chuan lai cam bien trang thai dau sac","12/4/2024 10:27:39 PM","12/6/2024 12:27:39 PM","30","False"
"947","ERR-00947","88","108","Low","Can hieu chuan lai cam bien trang thai dau sac","12/15/2024 10:27:39 PM","12/17/2024 1:27:39 PM","31","False"
"948","ERR-00948","88","109","Medium","Dong dien dao dong bat thuong trong gio cao diem","12/26/2024 10:27:39 PM","12/28/2024 2:27:39 PM","32","False"
"949","ERR-00949","86","110","Low","Can hieu chuan lai cam bien trang thai dau sac","1/6/2025 10:27:39 PM","1/8/2025 3:27:39 PM","33","False"
"950","ERR-00950","86","111","Low","Can hieu chuan lai cam bien trang thai dau sac","1/17/2025 10:27:39 PM","1/19/2025 4:27:39 PM","34","False"
"951","ERR-00951","86","112","Medium","Dong dien dao dong bat thuong trong gio cao diem","1/28/2025 10:27:39 PM","1/30/2025 5:27:39 PM","35","False"
"952","ERR-00952","84","113","Critical","Nhiet do dau sac vuot nguong, tam dung phien sac de kiem tra","2/8/2025 10:27:39 PM","2/10/2025 6:27:39 PM","36","False"
"953","ERR-00953","84","114","Low","Can hieu chuan lai cam bien trang thai dau sac","2/19/2025 10:27:39 PM","2/21/2025 7:27:39 PM","9","False"
"954","ERR-00954","84","115","Medium","Dong dien dao dong bat thuong trong gio cao diem","3/2/2025 10:27:39 PM","","","True"
"955","ERR-00955","82","116","Low","Can hieu chuan lai cam bien trang thai dau sac","3/13/2025 10:27:39 PM","3/15/2025 9:27:39 PM","11","False"
"956","ERR-00956","82","117","Low","Can hieu chuan lai cam bien trang thai dau sac","3/24/2025 10:27:39 PM","3/26/2025 10:27:39 PM","12","False"
"957","ERR-00957","82","118","Medium","Dong dien dao dong bat thuong trong gio cao diem","4/4/2025 10:27:39 PM","4/6/2025 11:27:39 PM","13","False"
"958","ERR-00958","79","119","Low","Can hieu chuan lai cam bien trang thai dau sac","4/15/2025 10:27:39 PM","4/18/2025 12:27:39 AM","14","False"
"959","ERR-00959","79","120","High","Mat ket noi voi bo dieu khien cong sac","4/26/2025 10:27:39 PM","4/29/2025 1:27:39 AM","15","False"
"960","ERR-00960","79","121","Medium","Dong dien dao dong bat thuong trong gio cao diem","5/7/2025 10:27:39 PM","5/8/2025 2:27:39 AM","16","False"
"961","ERR-00961","77","122","Low","Can hieu chuan lai cam bien trang thai dau sac","5/18/2025 10:27:39 PM","5/19/2025 3:27:39 AM","17","False"
"962","ERR-00962","77","123","Low","Can hieu chuan lai cam bien trang thai dau sac","5/29/2025 10:27:39 PM","5/30/2025 4:27:39 AM","18","False"
"963","ERR-00963","77","124","Medium","Dong dien dao dong bat thuong trong gio cao diem","6/9/2025 10:27:39 PM","","","True"
"964","ERR-00964","71","125","Low","Can hieu chuan lai cam bien trang thai dau sac","6/20/2025 10:27:39 PM","6/21/2025 6:27:39 AM","20","False"
"965","ERR-00965","71","126","Low","Can hieu chuan lai cam bien trang thai dau sac","7/1/2025 10:27:39 PM","7/2/2025 7:27:39 AM","21","False"
"966","ERR-00966","71","127","High","Mat ket noi voi bo dieu khien cong sac","7/12/2025 10:27:39 PM","7/13/2025 8:27:39 AM","22","False"
"967","ERR-00967","72","128","Low","Can hieu chuan lai cam bien trang thai dau sac","7/23/2025 10:27:39 PM","7/24/2025 9:27:39 AM","23","False"
"968","ERR-00968","72","129","Low","Can hieu chuan lai cam bien trang thai dau sac","8/3/2025 10:27:39 PM","8/4/2025 10:27:39 AM","24","False"
"969","ERR-00969","72","130","Critical","Nhiet do dau sac vuot nguong, tam dung phien sac de kiem tra","8/14/2025 10:27:39 PM","8/15/2025 11:27:39 AM","25","False"
"970","ERR-00970","66","131","Low","Can hieu chuan lai cam bien trang thai dau sac","8/25/2025 10:27:39 PM","8/26/2025 12:27:39 PM","26","False"
"971","ERR-00971","66","132","Low","Can hieu chuan lai cam bien trang thai dau sac","9/5/2025 10:27:39 PM","9/6/2025 1:27:39 PM","27","False"
"972","ERR-00972","66","133","Medium","Dong dien dao dong bat thuong trong gio cao diem","9/16/2025 10:27:39 PM","","","True"
"973","ERR-00973","63","134","High","Mat ket noi voi bo dieu khien cong sac","9/27/2025 10:27:39 PM","9/28/2025 3:27:39 PM","29","False"
"974","ERR-00974","63","135","Low","Can hieu chuan lai cam bien trang thai dau sac","10/8/2025 10:27:39 PM","10/9/2025 4:27:39 PM","30","False"
"975","ERR-00975","63","136","Medium","Dong dien dao dong bat thuong trong gio cao diem","10/19/2025 10:27:39 PM","10/20/2025 5:27:39 PM","31","False"
"976","ERR-00976","64","137","Low","Can hieu chuan lai cam bien trang thai dau sac","10/30/2025 10:27:39 PM","10/31/2025 6:27:39 PM","32","False"
"977","ERR-00977","64","138","Low","Can hieu chuan lai cam bien trang thai dau sac","11/10/2025 10:27:39 PM","11/11/2025 7:27:39 PM","33","False"
"978","ERR-00978","64","139","Medium","Dong dien dao dong bat thuong trong gio cao diem","11/21/2025 10:27:39 PM","11/22/2025 8:27:39 PM","34","False"
"979","ERR-00979","61","140","Low","Can hieu chuan lai cam bien trang thai dau sac","12/2/2025 10:27:39 PM","12/3/2025 9:27:39 PM","35","False"
"980","ERR-00980","61","141","High","Mat ket noi voi bo dieu khien cong sac","12/13/2025 10:27:39 PM","12/14/2025 10:27:39 PM","36","False"
"981","ERR-00981","61","142","Medium","Dong dien dao dong bat thuong trong gio cao diem","12/24/2025 10:27:39 PM","","","True"
"982","ERR-00982","58","143","Low","Can hieu chuan lai cam bien trang thai dau sac","1/4/2026 10:27:39 PM","1/6/2026 12:27:39 AM","10","False"
"983","ERR-00983","58","144","Low","Can hieu chuan lai cam bien trang thai dau sac","1/15/2026 10:27:39 PM","1/17/2026 1:27:39 AM","11","False"
"984","ERR-00984","58","145","Medium","Dong dien dao dong bat thuong trong gio cao diem","1/26/2026 10:27:39 PM","1/28/2026 2:27:39 AM","12","False"
"985","ERR-00985","56","146","Low","Can hieu chuan lai cam bien trang thai dau sac","2/6/2026 10:27:39 PM","2/8/2026 3:27:39 AM","13","False"
"986","ERR-00986","56","147","Critical","Nhiet do dau sac vuot nguong, tam dung phien sac de kiem tra","2/17/2026 10:27:39 PM","2/19/2026 4:27:39 AM","14","False"
"987","ERR-00987","56","148","High","Mat ket noi voi bo dieu khien cong sac","2/28/2026 10:27:39 PM","3/2/2026 5:27:39 AM","15","False"
"988","ERR-00988","49","149","Low","Can hieu chuan lai cam bien trang thai dau sac","3/11/2026 10:27:39 PM","3/13/2026 6:27:39 AM","16","False"
"989","ERR-00989","49","150","Low","Can hieu chuan lai cam bien trang thai dau sac","3/22/2026 10:27:39 PM","3/24/2026 7:27:39 AM","17","False"
"990","ERR-00990","49","151","Medium","Dong dien dao dong bat thuong trong gio cao diem","4/2/2026 10:27:39 PM","","","True"
"991","ERR-00991","54","152","Low","Can hieu chuan lai cam bien trang thai dau sac","4/13/2026 10:27:39 PM","4/15/2026 9:27:39 AM","19","False"
"992","ERR-00992","54","153","Low","Can hieu chuan lai cam bien trang thai dau sac","4/24/2026 10:27:39 PM","4/26/2026 10:27:39 AM","20","False"
"993","ERR-00993","54","154","Medium","Dong dien dao dong bat thuong trong gio cao diem","5/5/2026 10:27:39 PM","5/7/2026 11:27:39 AM","21","False"
"994","ERR-00994","51","155","High","Mat ket noi voi bo dieu khien cong sac","5/16/2026 10:27:39 PM","5/18/2026 12:27:39 PM","22","False"
"995","ERR-00995","51","156","Low","Can hieu chuan lai cam bien trang thai dau sac","5/27/2026 10:27:39 PM","5/29/2026 1:27:39 PM","23","False"
"996","ERR-00996","51","157","Medium","Dong dien dao dong bat thuong trong gio cao diem","6/7/2024 10:27:39 PM","6/9/2024 2:27:39 PM","24","False"
"997","ERR-00997","47","158","Low","Can hieu chuan lai cam bien trang thai dau sac","6/18/2024 10:27:39 PM","6/20/2024 3:27:39 PM","25","False"
"998","ERR-00998","47","159","Low","Can hieu chuan lai cam bien trang thai dau sac","6/29/2024 10:27:39 PM","7/1/2024 4:27:39 PM","26","False"
"999","ERR-00999","47","160","Medium","Dong dien dao dong bat thuong trong gio cao diem","7/10/2024 10:27:39 PM","","","True"
"1000","ERR-01000","45","161","Low","Can hieu chuan lai cam bien trang thai dau sac","7/21/2024 10:27:39 PM","7/23/2024 6:27:39 PM","28","False"
"1001","ERR-01001","45","162","High","Mat ket noi voi bo dieu khien cong sac","8/1/2024 10:27:39 PM","8/3/2024 7:27:39 PM","29","False"
"1002","ERR-01002","45","163","Medium","Dong dien dao dong bat thuong trong gio cao diem","8/12/2024 10:27:39 PM","8/14/2024 8:27:39 PM","30","False"
"1003","ERR-01003","43","164","Critical","Nhiet do dau sac vuot nguong, tam dung phien sac de kiem tra","8/23/2024 10:27:39 PM","8/25/2024 9:27:39 PM","31","False"
"1004","ERR-01004","43","165","Low","Can hieu chuan lai cam bien trang thai dau sac","9/3/2024 10:27:39 PM","9/5/2024 10:27:39 PM","32","False"
"1005","ERR-01005","43","166","Medium","Dong dien dao dong bat thuong trong gio cao diem","9/14/2024 10:27:39 PM","9/16/2024 11:27:39 PM","33","False"
"1006","ERR-01006","40","167","Low","Can hieu chuan lai cam bien trang thai dau sac","9/25/2024 10:27:39 PM","9/28/2024 12:27:39 AM","34","False"
"1007","ERR-01007","40","168","Low","Can hieu chuan lai cam bien trang thai dau sac","10/6/2024 10:27:39 PM","10/9/2024 1:27:39 AM","35","False"
"1008","ERR-01008","40","169","High","Mat ket noi voi bo dieu khien cong sac","10/17/2024 10:27:39 PM","","","True"
"1009","ERR-01009","41","170","Low","Can hieu chuan lai cam bien trang thai dau sac","10/28/2024 10:27:39 PM","10/29/2024 3:27:39 AM","9","False"
"1010","ERR-01010","41","171","Low","Can hieu chuan lai cam bien trang thai dau sac","11/8/2024 10:27:39 PM","11/9/2024 4:27:39 AM","10","False"
"1011","ERR-01011","41","172","Medium","Dong dien dao dong bat thuong trong gio cao diem","11/19/2024 10:27:39 PM","11/20/2024 5:27:39 AM","11","False"
"1012","ERR-01012","36","173","Low","Can hieu chuan lai cam bien trang thai dau sac","11/30/2024 10:27:39 PM","12/1/2024 6:27:39 AM","12","False"
"1013","ERR-01013","36","174","Low","Can hieu chuan lai cam bien trang thai dau sac","12/11/2024 10:27:39 PM","12/12/2024 7:27:39 AM","13","False"
"1014","ERR-01014","36","175","Medium","Dong dien dao dong bat thuong trong gio cao diem","12/22/2024 10:27:39 PM","12/23/2024 8:27:39 AM","14","False"
"1015","ERR-01015","33","176","High","Mat ket noi voi bo dieu khien cong sac","1/2/2025 10:27:39 PM","1/3/2025 9:27:39 AM","15","False"
"1016","ERR-01016","33","177","Low","Can hieu chuan lai cam bien trang thai dau sac","1/13/2025 10:27:39 PM","1/14/2025 10:27:39 AM","16","False"
"1017","ERR-01017","33","178","Medium","Dong dien dao dong bat thuong trong gio cao diem","1/24/2025 10:27:39 PM","","","True"
"1018","ERR-01018","31","179","Low","Can hieu chuan lai cam bien trang thai dau sac","2/4/2025 10:27:39 PM","2/5/2025 12:27:39 PM","18","False"
"1019","ERR-01019","31","180","Low","Can hieu chuan lai cam bien trang thai dau sac","2/15/2025 10:27:39 PM","2/16/2025 1:27:39 PM","19","False"
"1020","ERR-01020","31","181","Critical","Nhiet do dau sac vuot nguong, tam dung phien sac de kiem tra","2/26/2025 10:27:39 PM","2/27/2025 2:27:39 PM","20","False"
"1021","ERR-01021","9","182","Low","Can hieu chuan lai cam bien trang thai dau sac","3/9/2025 10:27:39 PM","3/10/2025 3:27:39 PM","21","False"
"1022","ERR-01022","9","183","High","Mat ket noi voi bo dieu khien cong sac","3/20/2025 10:27:39 PM","3/21/2025 4:27:39 PM","22","False"
"1023","ERR-01023","9","184","Medium","Dong dien dao dong bat thuong trong gio cao diem","3/31/2025 10:27:39 PM","4/1/2025 5:27:39 PM","23","False"
"1024","ERR-01024","29","185","Low","Can hieu chuan lai cam bien trang thai dau sac","4/11/2025 10:27:39 PM","4/12/2025 6:27:39 PM","24","False"
"1025","ERR-01025","29","186","Low","Can hieu chuan lai cam bien trang thai dau sac","4/22/2025 10:27:39 PM","4/23/2025 7:27:39 PM","25","False"
"1026","ERR-01026","29","187","Medium","Dong dien dao dong bat thuong trong gio cao diem","5/3/2025 10:27:39 PM","","","True"
"1027","ERR-01027","27","188","Low","Can hieu chuan lai cam bien trang thai dau sac","5/14/2025 10:27:39 PM","5/15/2025 9:27:39 PM","27","False"
"1028","ERR-01028","27","189","Low","Can hieu chuan lai cam bien trang thai dau sac","5/25/2025 10:27:39 PM","5/26/2025 10:27:39 PM","28","False"
"1029","ERR-01029","27","190","High","Mat ket noi voi bo dieu khien cong sac","6/5/2025 10:27:39 PM","6/6/2025 11:27:39 PM","29","False"
"1030","ERR-01030","25","191","Low","Can hieu chuan lai cam bien trang thai dau sac","6/16/2025 10:27:39 PM","6/18/2025 12:27:39 AM","30","False"
"1031","ERR-01031","25","192","Low","Can hieu chuan lai cam bien trang thai dau sac","6/27/2025 10:27:39 PM","6/29/2025 1:27:39 AM","31","False"
"1032","ERR-01032","25","193","Medium","Dong dien dao dong bat thuong trong gio cao diem","7/8/2025 10:27:39 PM","7/10/2025 2:27:39 AM","32","False"
"1033","ERR-01033","22","194","Low","Can hieu chuan lai cam bien trang thai dau sac","7/19/2025 10:27:39 PM","7/21/2025 3:27:39 AM","33","False"
"1034","ERR-01034","22","195","Low","Can hieu chuan lai cam bien trang thai dau sac","7/30/2025 10:27:39 PM","8/1/2025 4:27:39 AM","34","False"
"1035","ERR-01035","22","196","Medium","Dong dien dao dong bat thuong trong gio cao diem","8/10/2025 10:27:39 PM","","","True"
"1036","ERR-01036","19","197","High","Mat ket noi voi bo dieu khien cong sac","8/21/2025 10:27:39 PM","8/23/2025 6:27:39 AM","36","False"
"1037","ERR-01037","19","198","Critical","Nhiet do dau sac vuot nguong, tam dung phien sac de kiem tra","9/1/2025 10:27:39 PM","9/3/2025 7:27:39 AM","9","False"
"1038","ERR-01038","19","199","Medium","Dong dien dao dong bat thuong trong gio cao diem","9/12/2025 10:27:39 PM","9/14/2025 8:27:39 AM","10","False"
"1039","ERR-01039","20","200","Low","Can hieu chuan lai cam bien trang thai dau sac","9/23/2025 10:27:39 PM","9/25/2025 9:27:39 AM","11","False"
"1040","ERR-01040","20","201","Low","Can hieu chuan lai cam bien trang thai dau sac","10/4/2025 10:27:39 PM","10/6/2025 10:27:39 AM","12","False"
"1041","ERR-01041","20","202","Medium","Dong dien dao dong bat thuong trong gio cao diem","10/15/2025 10:27:39 PM","10/17/2025 11:27:39 AM","13","False"
"1042","ERR-01042","15","203","Low","Can hieu chuan lai cam bien trang thai dau sac","10/26/2025 10:27:39 PM","10/28/2025 12:27:39 PM","14","False"
"1043","ERR-01043","15","204","High","Mat ket noi voi bo dieu khien cong sac","11/6/2025 10:27:39 PM","11/8/2025 1:27:39 PM","15","False"
"1044","ERR-01044","15","205","Medium","Dong dien dao dong bat thuong trong gio cao diem","11/17/2025 10:27:39 PM","","","True"
"1045","ERR-01045","13","206","Low","Can hieu chuan lai cam bien trang thai dau sac","11/28/2025 10:27:39 PM","11/30/2025 3:27:39 PM","17","False"
"1046","ERR-01046","13","207","Low","Can hieu chuan lai cam bien trang thai dau sac","12/9/2025 10:27:39 PM","12/11/2025 4:27:39 PM","18","False"
"1047","ERR-01047","13","208","Medium","Dong dien dao dong bat thuong trong gio cao diem","12/20/2025 10:27:39 PM","12/22/2025 5:27:39 PM","19","False"
"1048","ERR-01048","11","209","Low","Can hieu chuan lai cam bien trang thai dau sac","12/31/2025 10:27:39 PM","1/2/2026 6:27:39 PM","20","False"
"1049","ERR-01049","11","210","Low","Can hieu chuan lai cam bien trang thai dau sac","1/11/2026 10:27:39 PM","1/13/2026 7:27:39 PM","21","False"
"1050","ERR-01050","11","211","High","Mat ket noi voi bo dieu khien cong sac","1/22/2026 10:27:39 PM","1/24/2026 8:27:39 PM","22","False"
"1051","ERR-01051","7","212","Low","Can hieu chuan lai cam bien trang thai dau sac","2/2/2026 10:27:39 PM","2/4/2026 9:27:39 PM","23","False"
"1052","ERR-01052","7","213","Low","Can hieu chuan lai cam bien trang thai dau sac","2/13/2026 10:27:39 PM","2/15/2026 10:27:39 PM","24","False"
"1053","ERR-01053","7","214","Medium","Dong dien dao dong bat thuong trong gio cao diem","2/24/2026 10:27:39 PM","","","True"
"1054","ERR-01054","4","215","Critical","Nhiet do dau sac vuot nguong, tam dung phien sac de kiem tra","3/7/2026 10:27:39 PM","3/10/2026 12:27:39 AM","26","False"
"1055","ERR-01055","4","216","Low","Can hieu chuan lai cam bien trang thai dau sac","3/18/2026 10:27:39 PM","3/21/2026 1:27:39 AM","27","False"
"1056","ERR-01056","4","217","Medium","Dong dien dao dong bat thuong trong gio cao diem","3/29/2026 10:27:39 PM","3/30/2026 2:27:39 AM","28","False"
"1057","ERR-01057","2","218","High","Mat ket noi voi bo dieu khien cong sac","4/9/2026 10:27:39 PM","4/10/2026 3:27:39 AM","29","False"
"1058","ERR-01058","2","219","Low","Can hieu chuan lai cam bien trang thai dau sac","4/20/2026 10:27:39 PM","4/21/2026 4:27:39 AM","30","False"
"1059","ERR-01059","2","220","Medium","Dong dien dao dong bat thuong trong gio cao diem","5/1/2026 10:27:39 PM","5/2/2026 5:27:39 AM","31","False"
"1060","ERR-01060","8","221","Low","Can hieu chuan lai cam bien trang thai dau sac","5/12/2026 10:27:39 PM","5/13/2026 6:27:39 AM","32","False"
"1061","ERR-01061","8","222","Low","Can hieu chuan lai cam bien trang thai dau sac","5/23/2026 10:27:39 PM","5/24/2026 7:27:39 AM","33","False"
"1062","ERR-01062","8","223","Medium","Dong dien dao dong bat thuong trong gio cao diem","6/3/2024 10:27:39 PM","","","True"
"1063","ERR-01063","8","224","Low","Can hieu chuan lai cam bien trang thai dau sac","6/14/2024 10:27:39 PM","6/15/2024 9:27:39 AM","35","False"
"1064","ERR-01064","8","225","High","Mat ket noi voi bo dieu khien cong sac","6/25/2024 10:27:39 PM","6/26/2024 10:27:39 AM","36","False"
"1065","ERR-01065","17","226","Medium","Dong dien dao dong bat thuong trong gio cao diem","7/6/2024 10:27:39 PM","7/7/2024 11:27:39 AM","9","False"
"1066","ERR-01066","17","227","Low","Can hieu chuan lai cam bien trang thai dau sac","7/17/2024 10:27:39 PM","7/18/2024 12:27:39 PM","10","False"
"1067","ERR-01067","17","228","Low","Can hieu chuan lai cam bien trang thai dau sac","7/28/2024 10:27:39 PM","7/29/2024 1:27:39 PM","11","False"
"1068","ERR-01068","17","229","Medium","Dong dien dao dong bat thuong trong gio cao diem","8/8/2024 10:27:39 PM","8/9/2024 2:27:39 PM","12","False"
"1069","ERR-01069","17","230","Low","Can hieu chuan lai cam bien trang thai dau sac","8/19/2024 10:27:39 PM","8/20/2024 3:27:39 PM","13","False"
"1070","ERR-01070","28","231","Low","Can hieu chuan lai cam bien trang thai dau sac","8/30/2024 10:27:39 PM","8/31/2024 4:27:39 PM","14","False"
"1071","ERR-01071","28","232","Critical","Nhiet do dau sac vuot nguong, tam dung phien sac de kiem tra","9/10/2024 10:27:39 PM","","","True"
"1072","ERR-01072","28","233","Low","Can hieu chuan lai cam bien trang thai dau sac","9/21/2024 10:27:39 PM","9/22/2024 6:27:39 PM","16","False"
"1073","ERR-01073","28","234","Low","Can hieu chuan lai cam bien trang thai dau sac","10/2/2024 10:27:39 PM","10/3/2024 7:27:39 PM","17","False"
"1074","ERR-01074","28","235","Medium","Dong dien dao dong bat thuong trong gio cao diem","10/13/2024 10:27:39 PM","10/14/2024 8:27:39 PM","18","False"
"1075","ERR-01075","38","236","Low","Can hieu chuan lai cam bien trang thai dau sac","10/24/2024 10:27:39 PM","10/25/2024 9:27:39 PM","19","False"
"1076","ERR-01076","38","237","Low","Can hieu chuan lai cam bien trang thai dau sac","11/4/2024 10:27:39 PM","11/5/2024 10:27:39 PM","20","False"
"1077","ERR-01077","38","238","Medium","Dong dien dao dong bat thuong trong gio cao diem","11/15/2024 10:27:39 PM","11/16/2024 11:27:39 PM","21","False"
"1078","ERR-01078","38","239","High","Mat ket noi voi bo dieu khien cong sac","11/26/2024 10:27:39 PM","11/28/2024 12:27:39 AM","22","False"
"1079","ERR-01079","38","240","Low","Can hieu chuan lai cam bien trang thai dau sac","12/7/2024 10:27:39 PM","12/9/2024 1:27:39 AM","23","False"
"1080","ERR-01080","48","241","Medium","Dong dien dao dong bat thuong trong gio cao diem","12/18/2024 10:27:39 PM","","","True"
"1081","ERR-01081","48","242","Low","Can hieu chuan lai cam bien trang thai dau sac","12/29/2024 10:27:39 PM","12/31/2024 3:27:39 AM","25","False"
"1082","ERR-01082","48","243","Low","Can hieu chuan lai cam bien trang thai dau sac","1/9/2025 10:27:39 PM","1/11/2025 4:27:39 AM","26","False"
"1083","ERR-01083","48","244","Medium","Dong dien dao dong bat thuong trong gio cao diem","1/20/2025 10:27:39 PM","1/22/2025 5:27:39 AM","27","False"
"1084","ERR-01084","48","245","Low","Can hieu chuan lai cam bien trang thai dau sac","1/31/2025 10:27:39 PM","2/2/2025 6:27:39 AM","28","False"
"1085","ERR-01085","53","246","High","Mat ket noi voi bo dieu khien cong sac","2/11/2025 10:27:39 PM","2/13/2025 7:27:39 AM","29","False"
"1086","ERR-01086","53","247","Medium","Dong dien dao dong bat thuong trong gio cao diem","2/22/2025 10:27:39 PM","2/24/2025 8:27:39 AM","30","False"
"1087","ERR-01087","53","248","Low","Can hieu chuan lai cam bien trang thai dau sac","3/5/2025 10:27:39 PM","3/7/2025 9:27:39 AM","31","False"
"1088","ERR-01088","53","249","Critical","Nhiet do dau sac vuot nguong, tam dung phien sac de kiem tra","3/16/2025 10:27:39 PM","3/18/2025 10:27:39 AM","32","False"
"1089","ERR-01089","53","250","Medium","Dong dien dao dong bat thuong trong gio cao diem","3/27/2025 10:27:39 PM","","","True"
"1090","ERR-01090","59","251","Low","Can hieu chuan lai cam bien trang thai dau sac","4/7/2025 10:27:39 PM","4/9/2025 12:27:39 PM","34","False"
"1091","ERR-01091","59","252","Low","Can hieu chuan lai cam bien trang thai dau sac","4/18/2025 10:27:39 PM","4/20/2025 1:27:39 PM","35","False"
"1092","ERR-01092","59","253","High","Mat ket noi voi bo dieu khien cong sac","4/29/2025 10:27:39 PM","5/1/2025 2:27:39 PM","36","False"
"1093","ERR-01093","59","254","Low","Can hieu chuan lai cam bien trang thai dau sac","5/10/2025 10:27:39 PM","5/12/2025 3:27:39 PM","9","False"
"1094","ERR-01094","59","255","Low","Can hieu chuan lai cam bien trang thai dau sac","5/21/2025 10:27:39 PM","5/23/2025 4:27:39 PM","10","False"
"1095","ERR-01095","68","256","Medium","Dong dien dao dong bat thuong trong gio cao diem","6/1/2025 10:27:39 PM","6/3/2025 5:27:39 PM","11","False"
"1096","ERR-01096","68","257","Low","Can hieu chuan lai cam bien trang thai dau sac","6/12/2025 10:27:39 PM","6/14/2025 6:27:39 PM","12","False"
"1097","ERR-01097","68","258","Low","Can hieu chuan lai cam bien trang thai dau sac","6/23/2025 10:27:39 PM","6/25/2025 7:27:39 PM","13","False"
"1098","ERR-01098","68","259","Medium","Dong dien dao dong bat thuong trong gio cao diem","7/4/2025 10:27:39 PM","","","True"
"1099","ERR-01099","68","260","High","Mat ket noi voi bo dieu khien cong sac","7/15/2025 10:27:39 PM","7/17/2025 9:27:39 PM","15","False"
"1100","ERR-01100","74","261","Low","Can hieu chuan lai cam bien trang thai dau sac","7/26/2025 10:27:39 PM","7/28/2025 10:27:39 PM","16","False"
"1101","ERR-01101","74","262","Medium","Dong dien dao dong bat thuong trong gio cao diem","8/6/2025 10:27:39 PM","8/8/2025 11:27:39 PM","17","False"
"1102","ERR-01102","74","263","Low","Can hieu chuan lai cam bien trang thai dau sac","8/17/2025 10:27:39 PM","8/20/2025 12:27:39 AM","18","False"
"1103","ERR-01103","74","264","Low","Can hieu chuan lai cam bien trang thai dau sac","8/28/2025 10:27:39 PM","8/31/2025 1:27:39 AM","19","False"
"1104","ERR-01104","74","265","Medium","Dong dien dao dong bat thuong trong gio cao diem","9/8/2025 10:27:39 PM","9/9/2025 2:27:39 AM","20","False"
"1105","ERR-01105","80","266","Critical","Nhiet do dau sac vuot nguong, tam dung phien sac de kiem tra","9/19/2025 10:27:39 PM","9/20/2025 3:27:39 AM","21","False"
"1106","ERR-01106","80","267","High","Mat ket noi voi bo dieu khien cong sac","9/30/2025 10:27:39 PM","10/1/2025 4:27:39 AM","22","False"
"1107","ERR-01107","80","268","Medium","Dong dien dao dong bat thuong trong gio cao diem","10/11/2025 10:27:39 PM","","","True"
"1108","ERR-01108","80","269","Low","Can hieu chuan lai cam bien trang thai dau sac","10/22/2025 10:27:39 PM","10/23/2025 6:27:39 AM","24","False"
"1109","ERR-01109","80","270","Low","Can hieu chuan lai cam bien trang thai dau sac","11/2/2025 10:27:39 PM","11/3/2025 7:27:39 AM","25","False"
"1110","ERR-01110","89","271","Medium","Dong dien dao dong bat thuong trong gio cao diem","11/13/2025 10:27:39 PM","11/14/2025 8:27:39 AM","26","False"
"1111","ERR-01111","89","272","Low","Can hieu chuan lai cam bien trang thai dau sac","11/24/2025 10:27:39 PM","11/25/2025 9:27:39 AM","27","False"
"1112","ERR-01112","89","273","Low","Can hieu chuan lai cam bien trang thai dau sac","12/5/2025 10:27:39 PM","12/6/2025 10:27:39 AM","28","False"
"1113","ERR-01113","89","274","High","Mat ket noi voi bo dieu khien cong sac","12/16/2025 10:27:39 PM","12/17/2025 11:27:39 AM","29","False"
"1114","ERR-01114","89","275","Low","Can hieu chuan lai cam bien trang thai dau sac","12/27/2025 10:27:39 PM","12/28/2025 12:27:39 PM","30","False"
"1115","ERR-01115","98","276","Low","Can hieu chuan lai cam bien trang thai dau sac","1/7/2026 10:27:39 PM","1/8/2026 1:27:39 PM","31","False"
"1116","ERR-01116","98","277","Medium","Dong dien dao dong bat thuong trong gio cao diem","1/18/2026 10:27:39 PM","","","True"
"1117","ERR-01117","98","278","Low","Can hieu chuan lai cam bien trang thai dau sac","1/29/2026 10:27:39 PM","1/30/2026 3:27:39 PM","33","False"
"1118","ERR-01118","98","279","Low","Can hieu chuan lai cam bien trang thai dau sac","2/9/2026 10:27:39 PM","2/10/2026 4:27:39 PM","34","False"
"1119","ERR-01119","98","280","Medium","Dong dien dao dong bat thuong trong gio cao diem","2/20/2026 10:27:39 PM","2/21/2026 5:27:39 PM","35","False"
"1120","ERR-01120","1","1","High","Mat ket noi voi bo dieu khien cong sac","3/3/2026 10:27:39 PM","3/4/2026 6:27:39 PM","36","False"
"1121","ERR-01121","1","2","Low","Can hieu chuan lai cam bien trang thai dau sac","3/14/2026 10:27:39 PM","3/15/2026 7:27:39 PM","9","False"
"1122","ERR-01122","3","3","Critical","Nhiet do dau sac vuot nguong, tam dung phien sac de kiem tra","3/25/2026 10:27:39 PM","3/26/2026 8:27:39 PM","10","False"
"1123","ERR-01123","3","4","Low","Can hieu chuan lai cam bien trang thai dau sac","4/5/2026 10:27:39 PM","4/6/2026 9:27:39 PM","11","False"
"1124","ERR-01124","5","5","Low","Can hieu chuan lai cam bien trang thai dau sac","4/16/2026 10:27:39 PM","4/17/2026 10:27:39 PM","12","False"
"1125","ERR-01125","5","6","Medium","Dong dien dao dong bat thuong trong gio cao diem","4/27/2026 10:27:39 PM","","","True"
"1126","ERR-01126","6","7","Low","Can hieu chuan lai cam bien trang thai dau sac","5/8/2026 10:27:39 PM","5/10/2026 12:27:39 AM","14","False"
"1127","ERR-01127","6","8","High","Mat ket noi voi bo dieu khien cong sac","5/19/2026 10:27:39 PM","5/21/2026 1:27:39 AM","15","False"
"1128","ERR-01128","10","9","Medium","Dong dien dao dong bat thuong trong gio cao diem","5/30/2026 10:27:39 PM","6/1/2026 2:27:39 AM","16","False"
"1129","ERR-01129","10","10","Low","Can hieu chuan lai cam bien trang thai dau sac","6/10/2024 10:27:39 PM","6/12/2024 3:27:39 AM","17","False"
"1130","ERR-01130","12","11","Low","Can hieu chuan lai cam bien trang thai dau sac","6/21/2024 10:27:39 PM","6/23/2024 4:27:39 AM","18","False"
"1131","ERR-01131","12","12","Medium","Dong dien dao dong bat thuong trong gio cao diem","7/2/2024 10:27:39 PM","7/4/2024 5:27:39 AM","19","False"
"1132","ERR-01132","14","13","Low","Can hieu chuan lai cam bien trang thai dau sac","7/13/2024 10:27:39 PM","7/15/2024 6:27:39 AM","20","False"
"1133","ERR-01133","14","14","Low","Can hieu chuan lai cam bien trang thai dau sac","7/24/2024 10:27:39 PM","7/26/2024 7:27:39 AM","21","False"
"1134","ERR-01134","16","15","High","Mat ket noi voi bo dieu khien cong sac","8/4/2024 10:27:39 PM","","","True"
"1135","ERR-01135","16","16","Low","Can hieu chuan lai cam bien trang thai dau sac","8/15/2024 10:27:39 PM","8/17/2024 9:27:39 AM","23","False"
"1136","ERR-01136","18","17","Low","Can hieu chuan lai cam bien trang thai dau sac","8/26/2024 10:27:39 PM","8/28/2024 10:27:39 AM","24","False"
"1137","ERR-01137","18","18","Medium","Dong dien dao dong bat thuong trong gio cao diem","9/6/2024 10:27:39 PM","9/8/2024 11:27:39 AM","25","False"
"1138","ERR-01138","21","19","Low","Can hieu chuan lai cam bien trang thai dau sac","9/17/2024 10:27:39 PM","9/19/2024 12:27:39 PM","26","False"
"1139","ERR-01139","21","20","Critical","Nhiet do dau sac vuot nguong, tam dung phien sac de kiem tra","9/28/2024 10:27:39 PM","9/30/2024 1:27:39 PM","27","False"
"1140","ERR-01140","23","21","Medium","Dong dien dao dong bat thuong trong gio cao diem","10/9/2024 10:27:39 PM","10/11/2024 2:27:39 PM","28","False"
"1141","ERR-01141","23","22","High","Mat ket noi voi bo dieu khien cong sac","10/20/2024 10:27:39 PM","10/22/2024 3:27:39 PM","29","False"
"1142","ERR-01142","24","23","Low","Can hieu chuan lai cam bien trang thai dau sac","10/31/2024 10:27:39 PM","11/2/2024 4:27:39 PM","30","False"
"1143","ERR-01143","24","24","Medium","Dong dien dao dong bat thuong trong gio cao diem","11/11/2024 10:27:39 PM","","","True"
"1144","ERR-01144","26","25","Low","Can hieu chuan lai cam bien trang thai dau sac","11/22/2024 10:27:39 PM","11/24/2024 6:27:39 PM","32","False"
"1145","ERR-01145","26","26","Low","Can hieu chuan lai cam bien trang thai dau sac","12/3/2024 10:27:39 PM","12/5/2024 7:27:39 PM","33","False"
"1146","ERR-01146","30","27","Medium","Dong dien dao dong bat thuong trong gio cao diem","12/14/2024 10:27:39 PM","12/16/2024 8:27:39 PM","34","False"
"1147","ERR-01147","30","28","Low","Can hieu chuan lai cam bien trang thai dau sac","12/25/2024 10:27:39 PM","12/27/2024 9:27:39 PM","35","False"
"1148","ERR-01148","32","29","High","Mat ket noi voi bo dieu khien cong sac","1/5/2025 10:27:39 PM","1/7/2025 10:27:39 PM","36","False"
"1149","ERR-01149","32","30","Medium","Dong dien dao dong bat thuong trong gio cao diem","1/16/2025 10:27:39 PM","1/18/2025 11:27:39 PM","9","False"
"1150","ERR-01150","34","31","Low","Can hieu chuan lai cam bien trang thai dau sac","1/27/2025 10:27:39 PM","1/30/2025 12:27:39 AM","10","False"
"1151","ERR-01151","34","32","Low","Can hieu chuan lai cam bien trang thai dau sac","2/7/2025 10:27:39 PM","2/10/2025 1:27:39 AM","11","False"
"1152","ERR-01152","35","33","Medium","Dong dien dao dong bat thuong trong gio cao diem","2/18/2025 10:27:39 PM","","","True"
"1153","ERR-01153","35","34","Low","Can hieu chuan lai cam bien trang thai dau sac","3/1/2025 10:27:39 PM","3/2/2025 3:27:39 AM","13","False"
"1154","ERR-01154","37","35","Low","Can hieu chuan lai cam bien trang thai dau sac","3/12/2025 10:27:39 PM","3/13/2025 4:27:39 AM","14","False"
"1155","ERR-01155","37","36","High","Mat ket noi voi bo dieu khien cong sac","3/23/2025 10:27:39 PM","3/24/2025 5:27:39 AM","15","False"
"1156","ERR-01156","39","37","Critical","Nhiet do dau sac vuot nguong, tam dung phien sac de kiem tra","4/3/2025 10:27:39 PM","4/4/2025 6:27:39 AM","16","False"
"1157","ERR-01157","39","38","Low","Can hieu chuan lai cam bien trang thai dau sac","4/14/2025 10:27:39 PM","4/15/2025 7:27:39 AM","17","False"
"1158","ERR-01158","42","39","Medium","Dong dien dao dong bat thuong trong gio cao diem","4/25/2025 10:27:39 PM","4/26/2025 8:27:39 AM","18","False"
"1159","ERR-01159","42","40","Low","Can hieu chuan lai cam bien trang thai dau sac","5/6/2025 10:27:39 PM","5/7/2025 9:27:39 AM","19","False"
"1160","ERR-01160","44","41","Low","Can hieu chuan lai cam bien trang thai dau sac","5/17/2025 10:27:39 PM","5/18/2025 10:27:39 AM","20","False"
"1161","ERR-01161","44","42","Medium","Dong dien dao dong bat thuong trong gio cao diem","5/28/2025 10:27:39 PM","","","True"
"1162","ERR-01162","46","43","High","Mat ket noi voi bo dieu khien cong sac","6/8/2025 10:27:39 PM","6/9/2025 12:27:39 PM","22","False"
"1163","ERR-01163","46","44","Low","Can hieu chuan lai cam bien trang thai dau sac","6/19/2025 10:27:39 PM","6/20/2025 1:27:39 PM","23","False"
"1164","ERR-01164","50","45","Medium","Dong dien dao dong bat thuong trong gio cao diem","6/30/2025 10:27:39 PM","7/1/2025 2:27:39 PM","24","False"
"1165","ERR-01165","50","46","Low","Can hieu chuan lai cam bien trang thai dau sac","7/11/2025 10:27:39 PM","7/12/2025 3:27:39 PM","25","False"
"1166","ERR-01166","52","47","Low","Can hieu chuan lai cam bien trang thai dau sac","7/22/2025 10:27:39 PM","7/23/2025 4:27:39 PM","26","False"
"1167","ERR-01167","52","48","Medium","Dong dien dao dong bat thuong trong gio cao diem","8/2/2025 10:27:39 PM","8/3/2025 5:27:39 PM","27","False"
"1168","ERR-01168","55","49","Low","Can hieu chuan lai cam bien trang thai dau sac","8/13/2025 10:27:39 PM","8/14/2025 6:27:39 PM","28","False"
"1169","ERR-01169","55","50","High","Mat ket noi voi bo dieu khien cong sac","8/24/2025 10:27:39 PM","8/25/2025 7:27:39 PM","29","False"
"1170","ERR-01170","57","51","Medium","Dong dien dao dong bat thuong trong gio cao diem","9/4/2025 10:27:39 PM","","","True"
"1171","ERR-01171","57","52","Low","Can hieu chuan lai cam bien trang thai dau sac","9/15/2025 10:27:39 PM","9/16/2025 9:27:39 PM","31","False"
"1172","ERR-01172","60","53","Low","Can hieu chuan lai cam bien trang thai dau sac","9/26/2025 10:27:39 PM","9/27/2025 10:27:39 PM","32","False"
"1173","ERR-01173","60","54","Critical","Nhiet do dau sac vuot nguong, tam dung phien sac de kiem tra","10/7/2025 10:27:39 PM","10/8/2025 11:27:39 PM","33","False"
"1174","ERR-01174","62","55","Low","Can hieu chuan lai cam bien trang thai dau sac","10/18/2025 10:27:39 PM","10/20/2025 12:27:39 AM","34","False"
"1175","ERR-01175","62","56","Low","Can hieu chuan lai cam bien trang thai dau sac","10/29/2025 10:27:39 PM","10/31/2025 1:27:39 AM","35","False"
"1176","ERR-01176","65","57","High","Mat ket noi voi bo dieu khien cong sac","11/9/2025 10:27:39 PM","11/11/2025 2:27:39 AM","36","False"
"1177","ERR-01177","65","58","Low","Can hieu chuan lai cam bien trang thai dau sac","11/20/2025 10:27:39 PM","11/22/2025 3:27:39 AM","9","False"
"1178","ERR-01178","67","59","Low","Can hieu chuan lai cam bien trang thai dau sac","12/1/2025 10:27:39 PM","12/3/2025 4:27:39 AM","10","False"
"1179","ERR-01179","67","60","Medium","Dong dien dao dong bat thuong trong gio cao diem","12/12/2025 10:27:39 PM","","","True"
"1180","ERR-01180","70","61","Low","Can hieu chuan lai cam bien trang thai dau sac","12/23/2025 10:27:39 PM","12/25/2025 6:27:39 AM","12","False"
"1181","ERR-01181","70","62","Low","Can hieu chuan lai cam bien trang thai dau sac","1/3/2026 10:27:39 PM","1/5/2026 7:27:39 AM","13","False"
"1182","ERR-01182","73","63","Medium","Dong dien dao dong bat thuong trong gio cao diem","1/14/2026 10:27:39 PM","1/16/2026 8:27:39 AM","14","False"
"1183","ERR-01183","73","64","High","Mat ket noi voi bo dieu khien cong sac","1/25/2026 10:27:39 PM","1/27/2026 9:27:39 AM","15","False"
"1184","ERR-01184","75","65","Low","Can hieu chuan lai cam bien trang thai dau sac","2/5/2026 10:27:39 PM","2/7/2026 10:27:39 AM","16","False"
"1185","ERR-01185","75","66","Medium","Dong dien dao dong bat thuong trong gio cao diem","2/16/2026 10:27:39 PM","2/18/2026 11:27:39 AM","17","False"
"1186","ERR-01186","76","67","Low","Can hieu chuan lai cam bien trang thai dau sac","2/27/2026 10:27:39 PM","3/1/2026 12:27:39 PM","18","False"
"1187","ERR-01187","76","68","Low","Can hieu chuan lai cam bien trang thai dau sac","3/10/2026 10:27:39 PM","3/12/2026 1:27:39 PM","19","False"
"1188","ERR-01188","78","69","Medium","Dong dien dao dong bat thuong trong gio cao diem","3/21/2026 10:27:39 PM","","","True"
"1189","ERR-01189","78","70","Low","Can hieu chuan lai cam bien trang thai dau sac","4/1/2026 10:27:39 PM","4/3/2026 3:27:39 PM","21","False"
"1190","ERR-01190","81","71","Critical","Nhiet do dau sac vuot nguong, tam dung phien sac de kiem tra","4/12/2026 10:27:39 PM","4/14/2026 4:27:39 PM","22","False"
"1191","ERR-01191","81","72","Medium","Dong dien dao dong bat thuong trong gio cao diem","4/23/2026 10:27:39 PM","4/25/2026 5:27:39 PM","23","False"
"1192","ERR-01192","83","73","Low","Can hieu chuan lai cam bien trang thai dau sac","5/4/2026 10:27:39 PM","5/6/2026 6:27:39 PM","24","False"
"1193","ERR-01193","83","74","Low","Can hieu chuan lai cam bien trang thai dau sac","5/15/2026 10:27:39 PM","5/17/2026 7:27:39 PM","25","False"
"1194","ERR-01194","85","75","Medium","Dong dien dao dong bat thuong trong gio cao diem","5/26/2026 10:27:39 PM","5/28/2026 8:27:39 PM","26","False"
"1195","ERR-01195","85","76","Low","Can hieu chuan lai cam bien trang thai dau sac","6/6/2024 10:27:39 PM","6/8/2024 9:27:39 PM","27","False"
"1196","ERR-01196","87","77","Low","Can hieu chuan lai cam bien trang thai dau sac","6/17/2024 10:27:39 PM","6/19/2024 10:27:39 PM","28","False"
"1197","ERR-01197","87","78","High","Mat ket noi voi bo dieu khien cong sac","6/28/2024 10:27:39 PM","","","True"
"1198","ERR-01198","91","79","Low","Can hieu chuan lai cam bien trang thai dau sac","7/9/2024 10:27:39 PM","7/12/2024 12:27:39 AM","30","False"
"1199","ERR-01199","91","80","Low","Can hieu chuan lai cam bien trang thai dau sac","7/20/2024 10:27:39 PM","7/23/2024 1:27:39 AM","31","False"
"1200","ERR-01200","93","81","Medium","Dong dien dao dong bat thuong trong gio cao diem","7/31/2024 10:27:39 PM","8/1/2024 2:27:39 AM","32","False"
"1201","ERR-01201","93","82","Low","Can hieu chuan lai cam bien trang thai dau sac","8/11/2024 10:27:39 PM","8/12/2024 3:27:39 AM","33","False"
"1202","ERR-01202","95","83","Low","Can hieu chuan lai cam bien trang thai dau sac","8/22/2024 10:27:39 PM","8/23/2024 4:27:39 AM","34","False"
"1203","ERR-01203","95","84","Medium","Dong dien dao dong bat thuong trong gio cao diem","9/2/2024 10:27:39 PM","9/3/2024 5:27:39 AM","35","False"
"1204","ERR-01204","97","85","High","Mat ket noi voi bo dieu khien cong sac","9/13/2024 10:27:39 PM","9/14/2024 6:27:39 AM","36","False"
"1205","ERR-01205","97","86","Low","Can hieu chuan lai cam bien trang thai dau sac","9/24/2024 10:27:39 PM","9/25/2024 7:27:39 AM","9","False"
"1206","ERR-01206","99","87","Medium","Dong dien dao dong bat thuong trong gio cao diem","10/5/2024 10:27:39 PM","","","True"
"1207","ERR-01207","99","88","Critical","Nhiet do dau sac vuot nguong, tam dung phien sac de kiem tra","10/16/2024 10:27:39 PM","10/17/2024 9:27:39 AM","11","False"
"1208","ERR-01208","100","89","Low","Can hieu chuan lai cam bien trang thai dau sac","10/27/2024 10:27:39 PM","10/28/2024 10:27:39 AM","12","False"
"1209","ERR-01209","100","90","Medium","Dong dien dao dong bat thuong trong gio cao diem","11/7/2024 10:27:39 PM","11/8/2024 11:27:39 AM","13","False"
"1210","ERR-01210","100","91","Low","Can hieu chuan lai cam bien trang thai dau sac","11/18/2024 10:27:39 PM","11/19/2024 12:27:39 PM","14","False"
"1211","ERR-01211","96","92","High","Mat ket noi voi bo dieu khien cong sac","11/29/2024 10:27:39 PM","11/30/2024 1:27:39 PM","15","False"
"1212","ERR-01212","96","93","Medium","Dong dien dao dong bat thuong trong gio cao diem","12/10/2024 10:27:39 PM","12/11/2024 2:27:39 PM","16","False"
"1213","ERR-01213","96","94","Low","Can hieu chuan lai cam bien trang thai dau sac","12/21/2024 10:27:39 PM","12/22/2024 3:27:39 PM","17","False"
"1214","ERR-01214","94","95","Low","Can hieu chuan lai cam bien trang thai dau sac","1/1/2025 10:27:39 PM","1/2/2025 4:27:39 PM","18","False"
"1215","ERR-01215","94","96","Medium","Dong dien dao dong bat thuong trong gio cao diem","1/12/2025 10:27:39 PM","","","True"
"1216","ERR-01216","94","97","Low","Can hieu chuan lai cam bien trang thai dau sac","1/23/2025 10:27:39 PM","1/24/2025 6:27:39 PM","20","False"
"1217","ERR-01217","92","98","Low","Can hieu chuan lai cam bien trang thai dau sac","2/3/2025 10:27:39 PM","2/4/2025 7:27:39 PM","21","False"
"1218","ERR-01218","92","99","High","Mat ket noi voi bo dieu khien cong sac","2/14/2025 10:27:39 PM","2/15/2025 8:27:39 PM","22","False"
"1219","ERR-01219","92","100","Low","Can hieu chuan lai cam bien trang thai dau sac","2/25/2025 10:27:39 PM","2/26/2025 9:27:39 PM","23","False"
"1220","ERR-01220","69","101","Low","Can hieu chuan lai cam bien trang thai dau sac","3/8/2025 10:27:39 PM","3/9/2025 10:27:39 PM","24","False"
"1221","ERR-01221","69","102","Medium","Dong dien dao dong bat thuong trong gio cao diem","3/19/2025 10:27:39 PM","3/20/2025 11:27:39 PM","25","False"
"1222","ERR-01222","69","103","Low","Can hieu chuan lai cam bien trang thai dau sac","3/30/2025 10:27:39 PM","4/1/2025 12:27:39 AM","26","False"
"1223","ERR-01223","90","104","Low","Can hieu chuan lai cam bien trang thai dau sac","4/10/2025 10:27:39 PM","4/12/2025 1:27:39 AM","27","False"
"1224","ERR-01224","90","105","Critical","Nhiet do dau sac vuot nguong, tam dung phien sac de kiem tra","4/21/2025 10:27:39 PM","","","True"
"1225","ERR-01225","90","106","High","Mat ket noi voi bo dieu khien cong sac","5/2/2025 10:27:39 PM","5/4/2025 3:27:39 AM","29","False"
"1226","ERR-01226","88","107","Low","Can hieu chuan lai cam bien trang thai dau sac","5/13/2025 10:27:39 PM","5/15/2025 4:27:39 AM","30","False"
"1227","ERR-01227","88","108","Medium","Dong dien dao dong bat thuong trong gio cao diem","5/24/2025 10:27:39 PM","5/26/2025 5:27:39 AM","31","False"
"1228","ERR-01228","88","109","Low","Can hieu chuan lai cam bien trang thai dau sac","6/4/2025 10:27:39 PM","6/6/2025 6:27:39 AM","32","False"
"1229","ERR-01229","86","110","Low","Can hieu chuan lai cam bien trang thai dau sac","6/15/2025 10:27:39 PM","6/17/2025 7:27:39 AM","33","False"
"1230","ERR-01230","86","111","Medium","Dong dien dao dong bat thuong trong gio cao diem","6/26/2025 10:27:39 PM","6/28/2025 8:27:39 AM","34","False"
"1231","ERR-01231","86","112","Low","Can hieu chuan lai cam bien trang thai dau sac","7/7/2025 10:27:39 PM","7/9/2025 9:27:39 AM","35","False"
"1232","ERR-01232","84","113","High","Mat ket noi voi bo dieu khien cong sac","7/18/2025 10:27:39 PM","7/20/2025 10:27:39 AM","36","False"
"1233","ERR-01233","84","114","Medium","Dong dien dao dong bat thuong trong gio cao diem","7/29/2025 10:27:39 PM","","","True"
"1234","ERR-01234","84","115","Low","Can hieu chuan lai cam bien trang thai dau sac","8/9/2025 10:27:39 PM","8/11/2025 12:27:39 PM","10","False"
"1235","ERR-01235","82","116","Low","Can hieu chuan lai cam bien trang thai dau sac","8/20/2025 10:27:39 PM","8/22/2025 1:27:39 PM","11","False"
"1236","ERR-01236","82","117","Medium","Dong dien dao dong bat thuong trong gio cao diem","8/31/2025 10:27:39 PM","9/2/2025 2:27:39 PM","12","False"
"1237","ERR-01237","82","118","Low","Can hieu chuan lai cam bien trang thai dau sac","9/11/2025 10:27:39 PM","9/13/2025 3:27:39 PM","13","False"
"1238","ERR-01238","79","119","Low","Can hieu chuan lai cam bien trang thai dau sac","9/22/2025 10:27:39 PM","9/24/2025 4:27:39 PM","14","False"
"1239","ERR-01239","79","120","High","Mat ket noi voi bo dieu khien cong sac","10/3/2025 10:27:39 PM","10/5/2025 5:27:39 PM","15","False"
"1240","ERR-01240","79","121","Low","Can hieu chuan lai cam bien trang thai dau sac","10/14/2025 10:27:39 PM","10/16/2025 6:27:39 PM","16","False"
"1241","ERR-01241","77","122","Critical","Nhiet do dau sac vuot nguong, tam dung phien sac de kiem tra","10/25/2025 10:27:39 PM","10/27/2025 7:27:39 PM","17","False"
"1242","ERR-01242","77","123","Medium","Dong dien dao dong bat thuong trong gio cao diem","11/5/2025 10:27:39 PM","","","True"
"1243","ERR-01243","77","124","Low","Can hieu chuan lai cam bien trang thai dau sac","11/16/2025 10:27:39 PM","11/18/2025 9:27:39 PM","19","False"
"1244","ERR-01244","71","125","Low","Can hieu chuan lai cam bien trang thai dau sac","11/27/2025 10:27:39 PM","11/29/2025 10:27:39 PM","20","False"
"1245","ERR-01245","71","126","Medium","Dong dien dao dong bat thuong trong gio cao diem","12/8/2025 10:27:39 PM","12/10/2025 11:27:39 PM","21","False"
"1246","ERR-01246","71","127","High","Mat ket noi voi bo dieu khien cong sac","12/19/2025 10:27:39 PM","12/22/2025 12:27:39 AM","22","False"
"1247","ERR-01247","72","128","Low","Can hieu chuan lai cam bien trang thai dau sac","12/30/2025 10:27:39 PM","1/2/2026 1:27:39 AM","23","False"
"1248","ERR-01248","72","129","Medium","Dong dien dao dong bat thuong trong gio cao diem","1/10/2026 10:27:39 PM","1/11/2026 2:27:39 AM","24","False"
"1249","ERR-01249","72","130","Low","Can hieu chuan lai cam bien trang thai dau sac","1/21/2026 10:27:39 PM","1/22/2026 3:27:39 AM","25","False"
"1250","ERR-01250","66","131","Low","Can hieu chuan lai cam bien trang thai dau sac","2/1/2026 10:27:39 PM","2/2/2026 4:27:39 AM","26","False"
"1251","ERR-01251","66","132","Medium","Dong dien dao dong bat thuong trong gio cao diem","2/12/2026 10:27:39 PM","","","True"
"1252","ERR-01252","66","133","Low","Can hieu chuan lai cam bien trang thai dau sac","2/23/2026 10:27:39 PM","2/24/2026 6:27:39 AM","28","False"
"1253","ERR-01253","63","134","High","Mat ket noi voi bo dieu khien cong sac","3/6/2026 10:27:39 PM","3/7/2026 7:27:39 AM","29","False"
"1254","ERR-01254","63","135","Medium","Dong dien dao dong bat thuong trong gio cao diem","3/17/2026 10:27:39 PM","3/18/2026 8:27:39 AM","30","False"
"1255","ERR-01255","63","136","Low","Can hieu chuan lai cam bien trang thai dau sac","3/28/2026 10:27:39 PM","3/29/2026 9:27:39 AM","31","False"
"1256","ERR-01256","64","137","Low","Can hieu chuan lai cam bien trang thai dau sac","4/8/2026 10:27:39 PM","4/9/2026 10:27:39 AM","32","False"
"1257","ERR-01257","64","138","Medium","Dong dien dao dong bat thuong trong gio cao diem","4/19/2026 10:27:39 PM","4/20/2026 11:27:39 AM","33","False"
"1258","ERR-01258","64","139","Critical","Nhiet do dau sac vuot nguong, tam dung phien sac de kiem tra","4/30/2026 10:27:39 PM","5/1/2026 12:27:39 PM","34","False"
"1259","ERR-01259","61","140","Low","Can hieu chuan lai cam bien trang thai dau sac","5/11/2026 10:27:39 PM","5/12/2026 1:27:39 PM","35","False"
"1260","ERR-01260","61","141","High","Mat ket noi voi bo dieu khien cong sac","5/22/2026 10:27:39 PM","","","True"
"1261","ERR-01261","61","142","Low","Can hieu chuan lai cam bien trang thai dau sac","6/2/2024 10:27:39 PM","6/3/2024 3:27:39 PM","9","False"
"1262","ERR-01262","58","143","Low","Can hieu chuan lai cam bien trang thai dau sac","6/13/2024 10:27:39 PM","6/14/2024 4:27:39 PM","10","False"
"1263","ERR-01263","58","144","Medium","Dong dien dao dong bat thuong trong gio cao diem","6/24/2024 10:27:39 PM","6/25/2024 5:27:39 PM","11","False"
"1264","ERR-01264","58","145","Low","Can hieu chuan lai cam bien trang thai dau sac","7/5/2024 10:27:39 PM","7/6/2024 6:27:39 PM","12","False"
"1265","ERR-01265","56","146","Low","Can hieu chuan lai cam bien trang thai dau sac","7/16/2024 10:27:39 PM","7/17/2024 7:27:39 PM","13","False"
"1266","ERR-01266","56","147","Medium","Dong dien dao dong bat thuong trong gio cao diem","7/27/2024 10:27:39 PM","7/28/2024 8:27:39 PM","14","False"
"1267","ERR-01267","56","148","High","Mat ket noi voi bo dieu khien cong sac","8/7/2024 10:27:39 PM","8/8/2024 9:27:39 PM","15","False"
"1268","ERR-01268","49","149","Low","Can hieu chuan lai cam bien trang thai dau sac","8/18/2024 10:27:39 PM","8/19/2024 10:27:39 PM","16","False"
"1269","ERR-01269","49","150","Medium","Dong dien dao dong bat thuong trong gio cao diem","8/29/2024 10:27:39 PM","","","True"
"1270","ERR-01270","49","151","Low","Can hieu chuan lai cam bien trang thai dau sac","9/9/2024 10:27:39 PM","9/11/2024 12:27:39 AM","18","False"
"1271","ERR-01271","54","152","Low","Can hieu chuan lai cam bien trang thai dau sac","9/20/2024 10:27:39 PM","9/22/2024 1:27:39 AM","19","False"
"1272","ERR-01272","54","153","Medium","Dong dien dao dong bat thuong trong gio cao diem","10/1/2024 10:27:39 PM","10/3/2024 2:27:39 AM","20","False"
"1273","ERR-01273","54","154","Low","Can hieu chuan lai cam bien trang thai dau sac","10/12/2024 10:27:39 PM","10/14/2024 3:27:39 AM","21","False"
"1274","ERR-01274","51","155","High","Mat ket noi voi bo dieu khien cong sac","10/23/2024 10:27:39 PM","10/25/2024 4:27:39 AM","22","False"
"1275","ERR-01275","51","156","Critical","Nhiet do dau sac vuot nguong, tam dung phien sac de kiem tra","11/3/2024 10:27:39 PM","11/5/2024 5:27:39 AM","23","False"
"1276","ERR-01276","51","157","Low","Can hieu chuan lai cam bien trang thai dau sac","11/14/2024 10:27:39 PM","11/16/2024 6:27:39 AM","24","False"
"1277","ERR-01277","47","158","Low","Can hieu chuan lai cam bien trang thai dau sac","11/25/2024 10:27:39 PM","11/27/2024 7:27:39 AM","25","False"
"1278","ERR-01278","47","159","Medium","Dong dien dao dong bat thuong trong gio cao diem","12/6/2024 10:27:39 PM","","","True"
"1279","ERR-01279","47","160","Low","Can hieu chuan lai cam bien trang thai dau sac","12/17/2024 10:27:39 PM","12/19/2024 9:27:39 AM","27","False"
"1280","ERR-01280","45","161","Low","Can hieu chuan lai cam bien trang thai dau sac","12/28/2024 10:27:39 PM","12/30/2024 10:27:39 AM","28","False"
"1281","ERR-01281","45","162","High","Mat ket noi voi bo dieu khien cong sac","1/8/2025 10:27:39 PM","1/10/2025 11:27:39 AM","29","False"
"1282","ERR-01282","45","163","Low","Can hieu chuan lai cam bien trang thai dau sac","1/19/2025 10:27:39 PM","1/21/2025 12:27:39 PM","30","False"
"1283","ERR-01283","43","164","Low","Can hieu chuan lai cam bien trang thai dau sac","1/30/2025 10:27:39 PM","2/1/2025 1:27:39 PM","31","False"
"1284","ERR-01284","43","165","Medium","Dong dien dao dong bat thuong trong gio cao diem","2/10/2025 10:27:39 PM","2/12/2025 2:27:39 PM","32","False"
"1285","ERR-01285","43","166","Low","Can hieu chuan lai cam bien trang thai dau sac","2/21/2025 10:27:39 PM","2/23/2025 3:27:39 PM","33","False"
"1286","ERR-01286","40","167","Low","Can hieu chuan lai cam bien trang thai dau sac","3/4/2025 10:27:39 PM","3/6/2025 4:27:39 PM","34","False"
"1287","ERR-01287","40","168","Medium","Dong dien dao dong bat thuong trong gio cao diem","3/15/2025 10:27:39 PM","","","True"
"1288","ERR-01288","40","169","High","Mat ket noi voi bo dieu khien cong sac","3/26/2025 10:27:39 PM","3/28/2025 6:27:39 PM","36","False"
"1289","ERR-01289","41","170","Low","Can hieu chuan lai cam bien trang thai dau sac","4/6/2025 10:27:39 PM","4/8/2025 7:27:39 PM","9","False"
"1290","ERR-01290","41","171","Medium","Dong dien dao dong bat thuong trong gio cao diem","4/17/2025 10:27:39 PM","4/19/2025 8:27:39 PM","10","False"
"1291","ERR-01291","41","172","Low","Can hieu chuan lai cam bien trang thai dau sac","4/28/2025 10:27:39 PM","4/30/2025 9:27:39 PM","11","False"
"1292","ERR-01292","36","173","Critical","Nhiet do dau sac vuot nguong, tam dung phien sac de kiem tra","5/9/2025 10:27:39 PM","5/11/2025 10:27:39 PM","12","False"
"1293","ERR-01293","36","174","Medium","Dong dien dao dong bat thuong trong gio cao diem","5/20/2025 10:27:39 PM","5/22/2025 11:27:39 PM","13","False"
"1294","ERR-01294","36","175","Low","Can hieu chuan lai cam bien trang thai dau sac","5/31/2025 10:27:39 PM","6/3/2025 12:27:39 AM","14","False"
"1295","ERR-01295","33","176","High","Mat ket noi voi bo dieu khien cong sac","6/11/2025 10:27:39 PM","6/14/2025 1:27:39 AM","15","False"
"1296","ERR-01296","33","177","Medium","Dong dien dao dong bat thuong trong gio cao diem","6/22/2025 10:27:39 PM","","","True"
"1297","ERR-01297","33","178","Low","Can hieu chuan lai cam bien trang thai dau sac","7/3/2025 10:27:39 PM","7/4/2025 3:27:39 AM","17","False"
"1298","ERR-01298","31","179","Low","Can hieu chuan lai cam bien trang thai dau sac","7/14/2025 10:27:39 PM","7/15/2025 4:27:39 AM","18","False"
"1299","ERR-01299","31","180","Medium","Dong dien dao dong bat thuong trong gio cao diem","7/25/2025 10:27:39 PM","7/26/2025 5:27:39 AM","19","False"
"1300","ERR-01300","31","181","Low","Can hieu chuan lai cam bien trang thai dau sac","8/5/2025 10:27:39 PM","8/6/2025 6:27:39 AM","20","False"
"1301","ERR-01301","9","182","Low","Can hieu chuan lai cam bien trang thai dau sac","8/16/2025 10:27:39 PM","8/17/2025 7:27:39 AM","21","False"
"1302","ERR-01302","9","183","High","Mat ket noi voi bo dieu khien cong sac","8/27/2025 10:27:39 PM","8/28/2025 8:27:39 AM","22","False"
"1303","ERR-01303","9","184","Low","Can hieu chuan lai cam bien trang thai dau sac","9/7/2025 10:27:39 PM","9/8/2025 9:27:39 AM","23","False"
"1304","ERR-01304","29","185","Low","Can hieu chuan lai cam bien trang thai dau sac","9/18/2025 10:27:39 PM","9/19/2025 10:27:39 AM","24","False"
"1305","ERR-01305","29","186","Medium","Dong dien dao dong bat thuong trong gio cao diem","9/29/2025 10:27:39 PM","","","True"
"1306","ERR-01306","29","187","Low","Can hieu chuan lai cam bien trang thai dau sac","10/10/2025 10:27:39 PM","10/11/2025 12:27:39 PM","26","False"
"1307","ERR-01307","27","188","Low","Can hieu chuan lai cam bien trang thai dau sac","10/21/2025 10:27:39 PM","10/22/2025 1:27:39 PM","27","False"
"1308","ERR-01308","27","189","Medium","Dong dien dao dong bat thuong trong gio cao diem","11/1/2025 10:27:39 PM","11/2/2025 2:27:39 PM","28","False"
"1309","ERR-01309","27","190","Critical","Nhiet do dau sac vuot nguong, tam dung phien sac de kiem tra","11/12/2025 10:27:39 PM","11/13/2025 3:27:39 PM","29","False"
"1310","ERR-01310","25","191","Low","Can hieu chuan lai cam bien trang thai dau sac","11/23/2025 10:27:39 PM","11/24/2025 4:27:39 PM","30","False"
"1311","ERR-01311","25","192","Medium","Dong dien dao dong bat thuong trong gio cao diem","12/4/2025 10:27:39 PM","12/5/2025 5:27:39 PM","31","False"
"1312","ERR-01312","25","193","Low","Can hieu chuan lai cam bien trang thai dau sac","12/15/2025 10:27:39 PM","12/16/2025 6:27:39 PM","32","False"
"1313","ERR-01313","22","194","Low","Can hieu chuan lai cam bien trang thai dau sac","12/26/2025 10:27:39 PM","12/27/2025 7:27:39 PM","33","False"
"1314","ERR-01314","22","195","Medium","Dong dien dao dong bat thuong trong gio cao diem","1/6/2026 10:27:39 PM","","","True"
"1315","ERR-01315","22","196","Low","Can hieu chuan lai cam bien trang thai dau sac","1/17/2026 10:27:39 PM","1/18/2026 9:27:39 PM","35","False"
"1316","ERR-01316","19","197","High","Mat ket noi voi bo dieu khien cong sac","1/28/2026 10:27:39 PM","1/29/2026 10:27:39 PM","36","False"
"1317","ERR-01317","19","198","Medium","Dong dien dao dong bat thuong trong gio cao diem","2/8/2026 10:27:39 PM","2/9/2026 11:27:39 PM","9","False"
"1318","ERR-01318","19","199","Low","Can hieu chuan lai cam bien trang thai dau sac","2/19/2026 10:27:39 PM","2/21/2026 12:27:39 AM","10","False"
"1319","ERR-01319","20","200","Low","Can hieu chuan lai cam bien trang thai dau sac","3/2/2026 10:27:39 PM","3/4/2026 1:27:39 AM","11","False"
"1320","ERR-01320","20","201","Medium","Dong dien dao dong bat thuong trong gio cao diem","3/13/2026 10:27:39 PM","3/15/2026 2:27:39 AM","12","False"
"1321","ERR-01321","20","202","Low","Can hieu chuan lai cam bien trang thai dau sac","3/24/2026 10:27:39 PM","3/26/2026 3:27:39 AM","13","False"
"1322","ERR-01322","15","203","Low","Can hieu chuan lai cam bien trang thai dau sac","4/4/2026 10:27:39 PM","4/6/2026 4:27:39 AM","14","False"
"1323","ERR-01323","15","204","High","Mat ket noi voi bo dieu khien cong sac","4/15/2026 10:27:39 PM","","","True"
"1324","ERR-01324","15","205","Low","Can hieu chuan lai cam bien trang thai dau sac","4/26/2026 10:27:39 PM","4/28/2026 6:27:39 AM","16","False"
"1325","ERR-01325","13","206","Low","Can hieu chuan lai cam bien trang thai dau sac","5/7/2026 10:27:39 PM","5/9/2026 7:27:39 AM","17","False"
"1326","ERR-01326","13","207","Critical","Nhiet do dau sac vuot nguong, tam dung phien sac de kiem tra","5/18/2026 10:27:39 PM","5/20/2026 8:27:39 AM","18","False"
"1327","ERR-01327","13","208","Low","Can hieu chuan lai cam bien trang thai dau sac","5/29/2026 10:27:39 PM","5/31/2026 9:27:39 AM","19","False"
"1328","ERR-01328","11","209","Low","Can hieu chuan lai cam bien trang thai dau sac","6/9/2024 10:27:39 PM","6/11/2024 10:27:39 AM","20","False"
"1329","ERR-01329","11","210","Medium","Dong dien dao dong bat thuong trong gio cao diem","6/20/2024 10:27:39 PM","6/22/2024 11:27:39 AM","21","False"
"1330","ERR-01330","11","211","High","Mat ket noi voi bo dieu khien cong sac","7/1/2024 10:27:39 PM","7/3/2024 12:27:39 PM","22","False"
"1331","ERR-01331","7","212","Low","Can hieu chuan lai cam bien trang thai dau sac","7/12/2024 10:27:39 PM","7/14/2024 1:27:39 PM","23","False"
"1332","ERR-01332","7","213","Medium","Dong dien dao dong bat thuong trong gio cao diem","7/23/2024 10:27:39 PM","","","True"
"1333","ERR-01333","7","214","Low","Can hieu chuan lai cam bien trang thai dau sac","8/3/2024 10:27:39 PM","8/5/2024 3:27:39 PM","25","False"
"1334","ERR-01334","4","215","Low","Can hieu chuan lai cam bien trang thai dau sac","8/14/2024 10:27:39 PM","8/16/2024 4:27:39 PM","26","False"
"1335","ERR-01335","4","216","Medium","Dong dien dao dong bat thuong trong gio cao diem","8/25/2024 10:27:39 PM","8/27/2024 5:27:39 PM","27","False"
"1336","ERR-01336","4","217","Low","Can hieu chuan lai cam bien trang thai dau sac","9/5/2024 10:27:39 PM","9/7/2024 6:27:39 PM","28","False"
"1337","ERR-01337","2","218","High","Mat ket noi voi bo dieu khien cong sac","9/16/2024 10:27:39 PM","9/18/2024 7:27:39 PM","29","False"
"1338","ERR-01338","2","219","Medium","Dong dien dao dong bat thuong trong gio cao diem","9/27/2024 10:27:39 PM","9/29/2024 8:27:39 PM","30","False"
"1339","ERR-01339","2","220","Low","Can hieu chuan lai cam bien trang thai dau sac","10/8/2024 10:27:39 PM","10/10/2024 9:27:39 PM","31","False"
"1340","ERR-01340","8","221","Low","Can hieu chuan lai cam bien trang thai dau sac","10/19/2024 10:27:39 PM","10/21/2024 10:27:39 PM","32","False"
"1341","ERR-01341","8","222","Medium","Dong dien dao dong bat thuong trong gio cao diem","10/30/2024 10:27:39 PM","","","True"
"1342","ERR-01342","8","223","Low","Can hieu chuan lai cam bien trang thai dau sac","11/10/2024 10:27:39 PM","11/13/2024 12:27:39 AM","34","False"
"1343","ERR-01343","8","224","Critical","Nhiet do dau sac vuot nguong, tam dung phien sac de kiem tra","11/21/2024 10:27:39 PM","11/24/2024 1:27:39 AM","35","False"
"1344","ERR-01344","8","225","High","Mat ket noi voi bo dieu khien cong sac","12/2/2024 10:27:39 PM","12/3/2024 2:27:39 AM","36","False"
"1345","ERR-01345","17","226","Low","Can hieu chuan lai cam bien trang thai dau sac","12/13/2024 10:27:39 PM","12/14/2024 3:27:39 AM","9","False"
"1346","ERR-01346","17","227","Low","Can hieu chuan lai cam bien trang thai dau sac","12/24/2024 10:27:39 PM","12/25/2024 4:27:39 AM","10","False"
"1347","ERR-01347","17","228","Medium","Dong dien dao dong bat thuong trong gio cao diem","1/4/2025 10:27:39 PM","1/5/2025 5:27:39 AM","11","False"
"1348","ERR-01348","17","229","Low","Can hieu chuan lai cam bien trang thai dau sac","1/15/2025 10:27:39 PM","1/16/2025 6:27:39 AM","12","False"
"1349","ERR-01349","17","230","Low","Can hieu chuan lai cam bien trang thai dau sac","1/26/2025 10:27:39 PM","1/27/2025 7:27:39 AM","13","False"
"1350","ERR-01350","28","231","Medium","Dong dien dao dong bat thuong trong gio cao diem","2/6/2025 10:27:39 PM","","","True"
"1351","ERR-01351","28","232","High","Mat ket noi voi bo dieu khien cong sac","2/17/2025 10:27:39 PM","2/18/2025 9:27:39 AM","15","False"
"1352","ERR-01352","28","233","Low","Can hieu chuan lai cam bien trang thai dau sac","2/28/2025 10:27:39 PM","3/1/2025 10:27:39 AM","16","False"
"1353","ERR-01353","28","234","Medium","Dong dien dao dong bat thuong trong gio cao diem","3/11/2025 10:27:39 PM","3/12/2025 11:27:39 AM","17","False"
"1354","ERR-01354","28","235","Low","Can hieu chuan lai cam bien trang thai dau sac","3/22/2025 10:27:39 PM","3/23/2025 12:27:39 PM","18","False"
"1355","ERR-01355","38","236","Low","Can hieu chuan lai cam bien trang thai dau sac","4/2/2025 10:27:39 PM","4/3/2025 1:27:39 PM","19","False"
"1356","ERR-01356","38","237","Medium","Dong dien dao dong bat thuong trong gio cao diem","4/13/2025 10:27:39 PM","4/14/2025 2:27:39 PM","20","False"
"1357","ERR-01357","38","238","Low","Can hieu chuan lai cam bien trang thai dau sac","4/24/2025 10:27:39 PM","4/25/2025 3:27:39 PM","21","False"
"1358","ERR-01358","38","239","High","Mat ket noi voi bo dieu khien cong sac","5/5/2025 10:27:39 PM","5/6/2025 4:27:39 PM","22","False"
"1359","ERR-01359","38","240","Medium","Dong dien dao dong bat thuong trong gio cao diem","5/16/2025 10:27:39 PM","","","True"
"1360","ERR-01360","48","241","Critical","Nhiet do dau sac vuot nguong, tam dung phien sac de kiem tra","5/27/2025 10:27:39 PM","5/28/2025 6:27:39 PM","24","False"
"1361","ERR-01361","48","242","Low","Can hieu chuan lai cam bien trang thai dau sac","6/7/2025 10:27:39 PM","6/8/2025 7:27:39 PM","25","False"
"1362","ERR-01362","48","243","Medium","Dong dien dao dong bat thuong trong gio cao diem","6/18/2025 10:27:39 PM","6/19/2025 8:27:39 PM","26","False"
"1363","ERR-01363","48","244","Low","Can hieu chuan lai cam bien trang thai dau sac","6/29/2025 10:27:39 PM","6/30/2025 9:27:39 PM","27","False"
"1364","ERR-01364","48","245","Low","Can hieu chuan lai cam bien trang thai dau sac","7/10/2025 10:27:39 PM","7/11/2025 10:27:39 PM","28","False"
"1365","ERR-01365","53","246","High","Mat ket noi voi bo dieu khien cong sac","7/21/2025 10:27:39 PM","7/22/2025 11:27:39 PM","29","False"
"1366","ERR-01366","53","247","Low","Can hieu chuan lai cam bien trang thai dau sac","8/1/2025 10:27:39 PM","8/3/2025 12:27:39 AM","30","False"
"1367","ERR-01367","53","248","Low","Can hieu chuan lai cam bien trang thai dau sac","8/12/2025 10:27:39 PM","8/14/2025 1:27:39 AM","31","False"
"1368","ERR-01368","53","249","Medium","Dong dien dao dong bat thuong trong gio cao diem","8/23/2025 10:27:39 PM","","","True"
"1369","ERR-01369","53","250","Low","Can hieu chuan lai cam bien trang thai dau sac","9/3/2025 10:27:39 PM","9/5/2025 3:27:39 AM","33","False"
"1370","ERR-01370","59","251","Low","Can hieu chuan lai cam bien trang thai dau sac","9/14/2025 10:27:39 PM","9/16/2025 4:27:39 AM","34","False"
"1371","ERR-01371","59","252","Medium","Dong dien dao dong bat thuong trong gio cao diem","9/25/2025 10:27:39 PM","9/27/2025 5:27:39 AM","35","False"
"1372","ERR-01372","59","253","High","Mat ket noi voi bo dieu khien cong sac","10/6/2025 10:27:39 PM","10/8/2025 6:27:39 AM","36","False"
"1373","ERR-01373","59","254","Low","Can hieu chuan lai cam bien trang thai dau sac","10/17/2025 10:27:39 PM","10/19/2025 7:27:39 AM","9","False"
"1374","ERR-01374","59","255","Medium","Dong dien dao dong bat thuong trong gio cao diem","10/28/2025 10:27:39 PM","10/30/2025 8:27:39 AM","10","False"
"1375","ERR-01375","68","256","Low","Can hieu chuan lai cam bien trang thai dau sac","11/8/2025 10:27:39 PM","11/10/2025 9:27:39 AM","11","False"
"1376","ERR-01376","68","257","Low","Can hieu chuan lai cam bien trang thai dau sac","11/19/2025 10:27:39 PM","11/21/2025 10:27:39 AM","12","False"
"1377","ERR-01377","68","258","Critical","Nhiet do dau sac vuot nguong, tam dung phien sac de kiem tra","11/30/2025 10:27:39 PM","","","True"
"1378","ERR-01378","68","259","Low","Can hieu chuan lai cam bien trang thai dau sac","12/11/2025 10:27:39 PM","12/13/2025 12:27:39 PM","14","False"
"1379","ERR-01379","68","260","High","Mat ket noi voi bo dieu khien cong sac","12/22/2025 10:27:39 PM","12/24/2025 1:27:39 PM","15","False"
"1380","ERR-01380","74","261","Medium","Dong dien dao dong bat thuong trong gio cao diem","1/2/2026 10:27:39 PM","1/4/2026 2:27:39 PM","16","False"
"1381","ERR-01381","74","262","Low","Can hieu chuan lai cam bien trang thai dau sac","1/13/2026 10:27:39 PM","1/15/2026 3:27:39 PM","17","False"
"1382","ERR-01382","74","263","Low","Can hieu chuan lai cam bien trang thai dau sac","1/24/2026 10:27:39 PM","1/26/2026 4:27:39 PM","18","False"
"1383","ERR-01383","74","264","Medium","Dong dien dao dong bat thuong trong gio cao diem","2/4/2026 10:27:39 PM","2/6/2026 5:27:39 PM","19","False"
"1384","ERR-01384","74","265","Low","Can hieu chuan lai cam bien trang thai dau sac","2/15/2026 10:27:39 PM","2/17/2026 6:27:39 PM","20","False"
"1385","ERR-01385","80","266","Low","Can hieu chuan lai cam bien trang thai dau sac","2/26/2026 10:27:39 PM","2/28/2026 7:27:39 PM","21","False"
"1386","ERR-01386","80","267","High","Mat ket noi voi bo dieu khien cong sac","3/9/2026 10:27:39 PM","","","True"
"1387","ERR-01387","80","268","Low","Can hieu chuan lai cam bien trang thai dau sac","3/20/2026 10:27:39 PM","3/22/2026 9:27:39 PM","23","False"
"1388","ERR-01388","80","269","Low","Can hieu chuan lai cam bien trang thai dau sac","3/31/2026 10:27:39 PM","4/2/2026 10:27:39 PM","24","False"
"1389","ERR-01389","80","270","Medium","Dong dien dao dong bat thuong trong gio cao diem","4/11/2026 10:27:39 PM","4/13/2026 11:27:39 PM","25","False"
"1390","ERR-01390","89","271","Low","Can hieu chuan lai cam bien trang thai dau sac","4/22/2026 10:27:39 PM","4/25/2026 12:27:39 AM","26","False"
"1391","ERR-01391","89","272","Low","Can hieu chuan lai cam bien trang thai dau sac","5/3/2026 10:27:39 PM","5/6/2026 1:27:39 AM","27","False"
"1392","ERR-01392","89","273","Medium","Dong dien dao dong bat thuong trong gio cao diem","5/14/2026 10:27:39 PM","5/15/2026 2:27:39 AM","28","False"
"1393","ERR-01393","89","274","High","Mat ket noi voi bo dieu khien cong sac","5/25/2026 10:27:39 PM","5/26/2026 3:27:39 AM","29","False"
"1394","ERR-01394","89","275","Critical","Nhiet do dau sac vuot nguong, tam dung phien sac de kiem tra","6/5/2024 10:27:39 PM","6/6/2024 4:27:39 AM","30","False"
"1395","ERR-01395","98","276","Medium","Dong dien dao dong bat thuong trong gio cao diem","6/16/2024 10:27:39 PM","","","True"
"1396","ERR-01396","98","277","Low","Can hieu chuan lai cam bien trang thai dau sac","6/27/2024 10:27:39 PM","6/28/2024 6:27:39 AM","32","False"
"1397","ERR-01397","98","278","Low","Can hieu chuan lai cam bien trang thai dau sac","7/8/2024 10:27:39 PM","7/9/2024 7:27:39 AM","33","False"
"1398","ERR-01398","98","279","Medium","Dong dien dao dong bat thuong trong gio cao diem","7/19/2024 10:27:39 PM","7/20/2024 8:27:39 AM","34","False"
"1399","ERR-01399","98","280","Low","Can hieu chuan lai cam bien trang thai dau sac","7/30/2024 10:27:39 PM","7/31/2024 9:27:39 AM","35","False"
"1400","ERR-01400","1","1","High","Mat ket noi voi bo dieu khien cong sac","8/10/2024 10:27:39 PM","8/11/2024 10:27:39 AM","36","False"
"1401","ERR-01401","1","2","Medium","Dong dien dao dong bat thuong trong gio cao diem","8/21/2024 10:27:39 PM","8/22/2024 11:27:39 AM","9","False"
"1402","ERR-01402","3","3","Low","Can hieu chuan lai cam bien trang thai dau sac","9/1/2024 10:27:39 PM","9/2/2024 12:27:39 PM","10","False"
"1403","ERR-01403","3","4","Low","Can hieu chuan lai cam bien trang thai dau sac","9/12/2024 10:27:39 PM","9/13/2024 1:27:39 PM","11","False"
"1404","ERR-01404","5","5","Medium","Dong dien dao dong bat thuong trong gio cao diem","9/23/2024 10:27:39 PM","","","True"
"1405","ERR-01405","5","6","Low","Can hieu chuan lai cam bien trang thai dau sac","10/4/2024 10:27:39 PM","10/5/2024 3:27:39 PM","13","False"
"1406","ERR-01406","6","7","Low","Can hieu chuan lai cam bien trang thai dau sac","10/15/2024 10:27:39 PM","10/16/2024 4:27:39 PM","14","False"
"1407","ERR-01407","6","8","High","Mat ket noi voi bo dieu khien cong sac","10/26/2024 10:27:39 PM","10/27/2024 5:27:39 PM","15","False"
"1408","ERR-01408","10","9","Low","Can hieu chuan lai cam bien trang thai dau sac","11/6/2024 10:27:39 PM","11/7/2024 6:27:39 PM","16","False"
"1409","ERR-01409","10","10","Low","Can hieu chuan lai cam bien trang thai dau sac","11/17/2024 10:27:39 PM","11/18/2024 7:27:39 PM","17","False"
"1410","ERR-01410","12","11","Medium","Dong dien dao dong bat thuong trong gio cao diem","11/28/2024 10:27:39 PM","11/29/2024 8:27:39 PM","18","False"
"1411","ERR-01411","12","12","Critical","Nhiet do dau sac vuot nguong, tam dung phien sac de kiem tra","12/9/2024 10:27:39 PM","12/10/2024 9:27:39 PM","19","False"
"1412","ERR-01412","14","13","Low","Can hieu chuan lai cam bien trang thai dau sac","12/20/2024 10:27:39 PM","12/21/2024 10:27:39 PM","20","False"
"1413","ERR-01413","14","14","Medium","Dong dien dao dong bat thuong trong gio cao diem","12/31/2024 10:27:39 PM","","","True"
"1414","ERR-01414","16","15","High","Mat ket noi voi bo dieu khien cong sac","1/11/2025 10:27:39 PM","1/13/2025 12:27:39 AM","22","False"
"1415","ERR-01415","16","16","Low","Can hieu chuan lai cam bien trang thai dau sac","1/22/2025 10:27:39 PM","1/24/2025 1:27:39 AM","23","False"
"1416","ERR-01416","18","17","Medium","Dong dien dao dong bat thuong trong gio cao diem","2/2/2025 10:27:39 PM","2/4/2025 2:27:39 AM","24","False"
"1417","ERR-01417","18","18","Low","Can hieu chuan lai cam bien trang thai dau sac","2/13/2025 10:27:39 PM","2/15/2025 3:27:39 AM","25","False"
"1418","ERR-01418","21","19","Low","Can hieu chuan lai cam bien trang thai dau sac","2/24/2025 10:27:39 PM","2/26/2025 4:27:39 AM","26","False"
"1419","ERR-01419","21","20","Medium","Dong dien dao dong bat thuong trong gio cao diem","3/7/2025 10:27:39 PM","3/9/2025 5:27:39 AM","27","False"
"1420","ERR-01420","23","21","Low","Can hieu chuan lai cam bien trang thai dau sac","3/18/2025 10:27:39 PM","3/20/2025 6:27:39 AM","28","False"
"1421","ERR-01421","23","22","High","Mat ket noi voi bo dieu khien cong sac","3/29/2025 10:27:39 PM","3/31/2025 7:27:39 AM","29","False"
"1422","ERR-01422","24","23","Medium","Dong dien dao dong bat thuong trong gio cao diem","4/9/2025 10:27:39 PM","","","True"
"1423","ERR-01423","24","24","Low","Can hieu chuan lai cam bien trang thai dau sac","4/20/2025 10:27:39 PM","4/22/2025 9:27:39 AM","31","False"
"1424","ERR-01424","26","25","Low","Can hieu chuan lai cam bien trang thai dau sac","5/1/2025 10:27:39 PM","5/3/2025 10:27:39 AM","32","False"
"1425","ERR-01425","26","26","Medium","Dong dien dao dong bat thuong trong gio cao diem","5/12/2025 10:27:39 PM","5/14/2025 11:27:39 AM","33","False"
"1426","ERR-01426","30","27","Low","Can hieu chuan lai cam bien trang thai dau sac","5/23/2025 10:27:39 PM","5/25/2025 12:27:39 PM","34","False"
"1427","ERR-01427","30","28","Low","Can hieu chuan lai cam bien trang thai dau sac","6/3/2025 10:27:39 PM","6/5/2025 1:27:39 PM","35","False"
"1428","ERR-01428","32","29","Critical","Nhiet do dau sac vuot nguong, tam dung phien sac de kiem tra","6/14/2025 10:27:39 PM","6/16/2025 2:27:39 PM","36","False"
"1429","ERR-01429","32","30","Low","Can hieu chuan lai cam bien trang thai dau sac","6/25/2025 10:27:39 PM","6/27/2025 3:27:39 PM","9","False"
"1430","ERR-01430","34","31","Low","Can hieu chuan lai cam bien trang thai dau sac","7/6/2025 10:27:39 PM","7/8/2025 4:27:39 PM","10","False"
"1431","ERR-01431","34","32","Medium","Dong dien dao dong bat thuong trong gio cao diem","7/17/2025 10:27:39 PM","","","True"
"1432","ERR-01432","35","33","Low","Can hieu chuan lai cam bien trang thai dau sac","7/28/2025 10:27:39 PM","7/30/2025 6:27:39 PM","12","False"
"1433","ERR-01433","35","34","Low","Can hieu chuan lai cam bien trang thai dau sac","8/8/2025 10:27:39 PM","8/10/2025 7:27:39 PM","13","False"
"1434","ERR-01434","37","35","Medium","Dong dien dao dong bat thuong trong gio cao diem","8/19/2025 10:27:39 PM","8/21/2025 8:27:39 PM","14","False"
"1435","ERR-01435","37","36","High","Mat ket noi voi bo dieu khien cong sac","8/30/2025 10:27:39 PM","9/1/2025 9:27:39 PM","15","False"
"1436","ERR-01436","39","37","Low","Can hieu chuan lai cam bien trang thai dau sac","9/10/2025 10:27:39 PM","9/12/2025 10:27:39 PM","16","False"
"1437","ERR-01437","39","38","Medium","Dong dien dao dong bat thuong trong gio cao diem","9/21/2025 10:27:39 PM","9/23/2025 11:27:39 PM","17","False"
"1438","ERR-01438","42","39","Low","Can hieu chuan lai cam bien trang thai dau sac","10/2/2025 10:27:39 PM","10/5/2025 12:27:39 AM","18","False"
"1439","ERR-01439","42","40","Low","Can hieu chuan lai cam bien trang thai dau sac","10/13/2025 10:27:39 PM","10/16/2025 1:27:39 AM","19","False"
"1440","ERR-01440","44","41","Medium","Dong dien dao dong bat thuong trong gio cao diem","10/24/2025 10:27:39 PM","","","True"
"1441","ERR-01441","44","42","Low","Can hieu chuan lai cam bien trang thai dau sac","11/4/2025 10:27:39 PM","11/5/2025 3:27:39 AM","21","False"
"1442","ERR-01442","46","43","High","Mat ket noi voi bo dieu khien cong sac","11/15/2025 10:27:39 PM","11/16/2025 4:27:39 AM","22","False"
"1443","ERR-01443","46","44","Medium","Dong dien dao dong bat thuong trong gio cao diem","11/26/2025 10:27:39 PM","11/27/2025 5:27:39 AM","23","False"
"1444","ERR-01444","50","45","Low","Can hieu chuan lai cam bien trang thai dau sac","12/7/2025 10:27:39 PM","12/8/2025 6:27:39 AM","24","False"
"1445","ERR-01445","50","46","Critical","Nhiet do dau sac vuot nguong, tam dung phien sac de kiem tra","12/18/2025 10:27:39 PM","12/19/2025 7:27:39 AM","25","False"
"1446","ERR-01446","52","47","Medium","Dong dien dao dong bat thuong trong gio cao diem","12/29/2025 10:27:39 PM","12/30/2025 8:27:39 AM","26","False"
"1447","ERR-01447","52","48","Low","Can hieu chuan lai cam bien trang thai dau sac","1/9/2026 10:27:39 PM","1/10/2026 9:27:39 AM","27","False"
"1448","ERR-01448","55","49","Low","Can hieu chuan lai cam bien trang thai dau sac","1/20/2026 10:27:39 PM","1/21/2026 10:27:39 AM","28","False"
"1449","ERR-01449","55","50","High","Mat ket noi voi bo dieu khien cong sac","1/31/2026 10:27:39 PM","","","True"
"1450","ERR-01450","57","51","Low","Can hieu chuan lai cam bien trang thai dau sac","2/11/2026 10:27:39 PM","2/12/2026 12:27:39 PM","30","False"
"1451","ERR-01451","57","52","Low","Can hieu chuan lai cam bien trang thai dau sac","2/22/2026 10:27:39 PM","2/23/2026 1:27:39 PM","31","False"
"1452","ERR-01452","60","53","Medium","Dong dien dao dong bat thuong trong gio cao diem","3/5/2026 10:27:39 PM","3/6/2026 2:27:39 PM","32","False"
"1453","ERR-01453","60","54","Low","Can hieu chuan lai cam bien trang thai dau sac","3/16/2026 10:27:39 PM","3/17/2026 3:27:39 PM","33","False"
"1454","ERR-01454","62","55","Low","Can hieu chuan lai cam bien trang thai dau sac","3/27/2026 10:27:39 PM","3/28/2026 4:27:39 PM","34","False"
"1455","ERR-01455","62","56","Medium","Dong dien dao dong bat thuong trong gio cao diem","4/7/2026 10:27:39 PM","4/8/2026 5:27:39 PM","35","False"
"1456","ERR-01456","65","57","High","Mat ket noi voi bo dieu khien cong sac","4/18/2026 10:27:39 PM","4/19/2026 6:27:39 PM","36","False"
"1457","ERR-01457","65","58","Low","Can hieu chuan lai cam bien trang thai dau sac","4/29/2026 10:27:39 PM","4/30/2026 7:27:39 PM","9","False"
"1458","ERR-01458","67","59","Medium","Dong dien dao dong bat thuong trong gio cao diem","5/10/2026 10:27:39 PM","","","True"
"1459","ERR-01459","67","60","Low","Can hieu chuan lai cam bien trang thai dau sac","5/21/2026 10:27:39 PM","5/22/2026 9:27:39 PM","11","False"
"1460","ERR-01460","70","61","Low","Can hieu chuan lai cam bien trang thai dau sac","6/1/2024 10:27:39 PM","6/2/2024 10:27:39 PM","12","False"
"1461","ERR-01461","70","62","Medium","Dong dien dao dong bat thuong trong gio cao diem","6/12/2024 10:27:39 PM","6/13/2024 11:27:39 PM","13","False"
"1462","ERR-01462","73","63","Critical","Nhiet do dau sac vuot nguong, tam dung phien sac de kiem tra","6/23/2024 10:27:39 PM","6/25/2024 12:27:39 AM","14","False"
"1463","ERR-01463","73","64","High","Mat ket noi voi bo dieu khien cong sac","7/4/2024 10:27:39 PM","7/6/2024 1:27:39 AM","15","False"
"1464","ERR-01464","75","65","Medium","Dong dien dao dong bat thuong trong gio cao diem","7/15/2024 10:27:39 PM","7/17/2024 2:27:39 AM","16","False"
"1465","ERR-01465","75","66","Low","Can hieu chuan lai cam bien trang thai dau sac","7/26/2024 10:27:39 PM","7/28/2024 3:27:39 AM","17","False"
"1466","ERR-01466","76","67","Low","Can hieu chuan lai cam bien trang thai dau sac","8/6/2024 10:27:39 PM","8/8/2024 4:27:39 AM","18","False"
"1467","ERR-01467","76","68","Medium","Dong dien dao dong bat thuong trong gio cao diem","8/17/2024 10:27:39 PM","","","True"
"1468","ERR-01468","78","69","Low","Can hieu chuan lai cam bien trang thai dau sac","8/28/2024 10:27:39 PM","8/30/2024 6:27:39 AM","20","False"
"1469","ERR-01469","78","70","Low","Can hieu chuan lai cam bien trang thai dau sac","9/8/2024 10:27:39 PM","9/10/2024 7:27:39 AM","21","False"
"1470","ERR-01470","81","71","High","Mat ket noi voi bo dieu khien cong sac","9/19/2024 10:27:39 PM","9/21/2024 8:27:39 AM","22","False"
"1471","ERR-01471","81","72","Low","Can hieu chuan lai cam bien trang thai dau sac","9/30/2024 10:27:39 PM","10/2/2024 9:27:39 AM","23","False"
"1472","ERR-01472","83","73","Low","Can hieu chuan lai cam bien trang thai dau sac","10/11/2024 10:27:39 PM","10/13/2024 10:27:39 AM","24","False"
"1473","ERR-01473","83","74","Medium","Dong dien dao dong bat thuong trong gio cao diem","10/22/2024 10:27:39 PM","10/24/2024 11:27:39 AM","25","False"
"1474","ERR-01474","85","75","Low","Can hieu chuan lai cam bien trang thai dau sac","11/2/2024 10:27:39 PM","11/4/2024 12:27:39 PM","26","False"
"1475","ERR-01475","85","76","Low","Can hieu chuan lai cam bien trang thai dau sac","11/13/2024 10:27:39 PM","11/15/2024 1:27:39 PM","27","False"
"1476","ERR-01476","87","77","Medium","Dong dien dao dong bat thuong trong gio cao diem","11/24/2024 10:27:39 PM","","","True"
"1477","ERR-01477","87","78","High","Mat ket noi voi bo dieu khien cong sac","12/5/2024 10:27:39 PM","12/7/2024 3:27:39 PM","29","False"
"1478","ERR-01478","91","79","Low","Can hieu chuan lai cam bien trang thai dau sac","12/16/2024 10:27:39 PM","12/18/2024 4:27:39 PM","30","False"
"1479","ERR-01479","91","80","Critical","Nhiet do dau sac vuot nguong, tam dung phien sac de kiem tra","12/27/2024 10:27:39 PM","12/29/2024 5:27:39 PM","31","False"
"1480","ERR-01480","93","81","Low","Can hieu chuan lai cam bien trang thai dau sac","1/7/2025 10:27:39 PM","1/9/2025 6:27:39 PM","32","False"
"1481","ERR-01481","93","82","Low","Can hieu chuan lai cam bien trang thai dau sac","1/18/2025 10:27:39 PM","1/20/2025 7:27:39 PM","33","False"
"1482","ERR-01482","95","83","Medium","Dong dien dao dong bat thuong trong gio cao diem","1/29/2025 10:27:39 PM","1/31/2025 8:27:39 PM","34","False"
"1483","ERR-01483","95","84","Low","Can hieu chuan lai cam bien trang thai dau sac","2/9/2025 10:27:39 PM","2/11/2025 9:27:39 PM","35","False"
"1484","ERR-01484","97","85","High","Mat ket noi voi bo dieu khien cong sac","2/20/2025 10:27:39 PM","2/22/2025 10:27:39 PM","36","False"
"1485","ERR-01485","97","86","Medium","Dong dien dao dong bat thuong trong gio cao diem","3/3/2025 10:27:39 PM","","","True"
"1486","ERR-01486","99","87","Low","Can hieu chuan lai cam bien trang thai dau sac","3/14/2025 10:27:39 PM","3/17/2025 12:27:39 AM","10","False"
"1487","ERR-01487","99","88","Low","Can hieu chuan lai cam bien trang thai dau sac","3/25/2025 10:27:39 PM","3/28/2025 1:27:39 AM","11","False"
"1488","ERR-01488","100","89","Medium","Dong dien dao dong bat thuong trong gio cao diem","4/5/2025 10:27:39 PM","4/6/2025 2:27:39 AM","12","False"
"1489","ERR-01489","100","90","Low","Can hieu chuan lai cam bien trang thai dau sac","4/16/2025 10:27:39 PM","4/17/2025 3:27:39 AM","13","False"
"1490","ERR-01490","100","91","Low","Can hieu chuan lai cam bien trang thai dau sac","4/27/2025 10:27:39 PM","4/28/2025 4:27:39 AM","14","False"
"1491","ERR-01491","96","92","High","Mat ket noi voi bo dieu khien cong sac","5/8/2025 10:27:39 PM","5/9/2025 5:27:39 AM","15","False"
"1492","ERR-01492","96","93","Low","Can hieu chuan lai cam bien trang thai dau sac","5/19/2025 10:27:39 PM","5/20/2025 6:27:39 AM","16","False"
"1493","ERR-01493","96","94","Low","Can hieu chuan lai cam bien trang thai dau sac","5/30/2025 10:27:39 PM","5/31/2025 7:27:39 AM","17","False"
"1494","ERR-01494","94","95","Medium","Dong dien dao dong bat thuong trong gio cao diem","6/10/2025 10:27:39 PM","","","True"
"1495","ERR-01495","94","96","Low","Can hieu chuan lai cam bien trang thai dau sac","6/21/2025 10:27:39 PM","6/22/2025 9:27:39 AM","19","False"
"1496","ERR-01496","94","97","Critical","Nhiet do dau sac vuot nguong, tam dung phien sac de kiem tra","7/2/2025 10:27:39 PM","7/3/2025 10:27:39 AM","20","False"
"1497","ERR-01497","92","98","Medium","Dong dien dao dong bat thuong trong gio cao diem","7/13/2025 10:27:39 PM","7/14/2025 11:27:39 AM","21","False"
"1498","ERR-01498","92","99","High","Mat ket noi voi bo dieu khien cong sac","7/24/2025 10:27:39 PM","7/25/2025 12:27:39 PM","22","False"
"1499","ERR-01499","92","100","Low","Can hieu chuan lai cam bien trang thai dau sac","8/4/2025 10:27:39 PM","8/5/2025 1:27:39 PM","23","False"
"1500","ERR-01500","69","101","Medium","Dong dien dao dong bat thuong trong gio cao diem","8/15/2025 10:27:39 PM","8/16/2025 2:27:39 PM","24","False"
"1501","ERR-01501","69","102","Low","Can hieu chuan lai cam bien trang thai dau sac","8/26/2025 10:27:39 PM","8/27/2025 3:27:39 PM","25","False"
"1502","ERR-01502","69","103","Low","Can hieu chuan lai cam bien trang thai dau sac","9/6/2025 10:27:39 PM","9/7/2025 4:27:39 PM","26","False"
"1503","ERR-01503","90","104","Medium","Dong dien dao dong bat thuong trong gio cao diem","9/17/2025 10:27:39 PM","","","True"
"1504","ERR-01504","90","105","Low","Can hieu chuan lai cam bien trang thai dau sac","9/28/2025 10:27:39 PM","9/29/2025 6:27:39 PM","28","False"
"1505","ERR-01505","90","106","High","Mat ket noi voi bo dieu khien cong sac","10/9/2025 10:27:39 PM","10/10/2025 7:27:39 PM","29","False"
"1506","ERR-01506","88","107","Medium","Dong dien dao dong bat thuong trong gio cao diem","10/20/2025 10:27:39 PM","10/21/2025 8:27:39 PM","30","False"
"1507","ERR-01507","88","108","Low","Can hieu chuan lai cam bien trang thai dau sac","10/31/2025 10:27:39 PM","11/1/2025 9:27:39 PM","31","False"
"1508","ERR-01508","88","109","Low","Can hieu chuan lai cam bien trang thai dau sac","11/11/2025 10:27:39 PM","11/12/2025 10:27:39 PM","32","False"
"1509","ERR-01509","86","110","Medium","Dong dien dao dong bat thuong trong gio cao diem","11/22/2025 10:27:39 PM","11/23/2025 11:27:39 PM","33","False"
"1510","ERR-01510","86","111","Low","Can hieu chuan lai cam bien trang thai dau sac","12/3/2025 10:27:39 PM","12/5/2025 12:27:39 AM","34","False"
"1511","ERR-01511","86","112","Low","Can hieu chuan lai cam bien trang thai dau sac","12/14/2025 10:27:39 PM","12/16/2025 1:27:39 AM","35","False"
"1512","ERR-01512","84","113","High","Mat ket noi voi bo dieu khien cong sac","12/25/2025 10:27:39 PM","","","True"
"1513","ERR-01513","84","114","Critical","Nhiet do dau sac vuot nguong, tam dung phien sac de kiem tra","1/5/2026 10:27:39 PM","1/7/2026 3:27:39 AM","9","False"
"1514","ERR-01514","84","115","Low","Can hieu chuan lai cam bien trang thai dau sac","1/16/2026 10:27:39 PM","1/18/2026 4:27:39 AM","10","False"
"1515","ERR-01515","82","116","Medium","Dong dien dao dong bat thuong trong gio cao diem","1/27/2026 10:27:39 PM","1/29/2026 5:27:39 AM","11","False"
"1516","ERR-01516","82","117","Low","Can hieu chuan lai cam bien trang thai dau sac","2/7/2026 10:27:39 PM","2/9/2026 6:27:39 AM","12","False"
"1517","ERR-01517","82","118","Low","Can hieu chuan lai cam bien trang thai dau sac","2/18/2026 10:27:39 PM","2/20/2026 7:27:39 AM","13","False"
"1518","ERR-01518","79","119","Medium","Dong dien dao dong bat thuong trong gio cao diem","3/1/2026 10:27:39 PM","3/3/2026 8:27:39 AM","14","False"
"1519","ERR-01519","79","120","High","Mat ket noi voi bo dieu khien cong sac","3/12/2026 10:27:39 PM","3/14/2026 9:27:39 AM","15","False"
"1520","ERR-01520","79","121","Low","Can hieu chuan lai cam bien trang thai dau sac","3/23/2026 10:27:39 PM","3/25/2026 10:27:39 AM","16","False"
"1521","ERR-01521","77","122","Medium","Dong dien dao dong bat thuong trong gio cao diem","4/3/2026 10:27:39 PM","","","True"
"1522","ERR-01522","77","123","Low","Can hieu chuan lai cam bien trang thai dau sac","4/14/2026 10:27:39 PM","4/16/2026 12:27:39 PM","18","False"
"1523","ERR-01523","77","124","Low","Can hieu chuan lai cam bien trang thai dau sac","4/25/2026 10:27:39 PM","4/27/2026 1:27:39 PM","19","False"
"1524","ERR-01524","71","125","Medium","Dong dien dao dong bat thuong trong gio cao diem","5/6/2026 10:27:39 PM","5/8/2026 2:27:39 PM","20","False"
"1525","ERR-01525","71","126","Low","Can hieu chuan lai cam bien trang thai dau sac","5/17/2026 10:27:39 PM","5/19/2026 3:27:39 PM","21","False"
"1526","ERR-01526","71","127","High","Mat ket noi voi bo dieu khien cong sac","5/28/2026 10:27:39 PM","5/30/2026 4:27:39 PM","22","False"
"1527","ERR-01527","72","128","Medium","Dong dien dao dong bat thuong trong gio cao diem","6/8/2024 10:27:39 PM","6/10/2024 5:27:39 PM","23","False"
"1528","ERR-01528","72","129","Low","Can hieu chuan lai cam bien trang thai dau sac","6/19/2024 10:27:39 PM","6/21/2024 6:27:39 PM","24","False"
"1529","ERR-01529","72","130","Low","Can hieu chuan lai cam bien trang thai dau sac","6/30/2024 10:27:39 PM","7/2/2024 7:27:39 PM","25","False"
"1530","ERR-01530","66","131","Critical","Nhiet do dau sac vuot nguong, tam dung phien sac de kiem tra","7/11/2024 10:27:39 PM","","","True"
"1531","ERR-01531","66","132","Low","Can hieu chuan lai cam bien trang thai dau sac","7/22/2024 10:27:39 PM","7/24/2024 9:27:39 PM","27","False"
"1532","ERR-01532","66","133","Low","Can hieu chuan lai cam bien trang thai dau sac","8/2/2024 10:27:39 PM","8/4/2024 10:27:39 PM","28","False"
"1533","ERR-01533","63","134","High","Mat ket noi voi bo dieu khien cong sac","8/13/2024 10:27:39 PM","8/15/2024 11:27:39 PM","29","False"
"1534","ERR-01534","63","135","Low","Can hieu chuan lai cam bien trang thai dau sac","8/24/2024 10:27:39 PM","8/27/2024 12:27:39 AM","30","False"
"1535","ERR-01535","63","136","Low","Can hieu chuan lai cam bien trang thai dau sac","9/4/2024 10:27:39 PM","9/7/2024 1:27:39 AM","31","False"
"1536","ERR-01536","64","137","Medium","Dong dien dao dong bat thuong trong gio cao diem","9/15/2024 10:27:39 PM","9/16/2024 2:27:39 AM","32","False"
"1537","ERR-01537","64","138","Low","Can hieu chuan lai cam bien trang thai dau sac","9/26/2024 10:27:39 PM","9/27/2024 3:27:39 AM","33","False"
"1538","ERR-01538","64","139","Low","Can hieu chuan lai cam bien trang thai dau sac","10/7/2024 10:27:39 PM","10/8/2024 4:27:39 AM","34","False"
"1539","ERR-01539","61","140","Medium","Dong dien dao dong bat thuong trong gio cao diem","10/18/2024 10:27:39 PM","","","True"
"1540","ERR-01540","61","141","High","Mat ket noi voi bo dieu khien cong sac","10/29/2024 10:27:39 PM","10/30/2024 6:27:39 AM","36","False"
"1541","ERR-01541","61","142","Low","Can hieu chuan lai cam bien trang thai dau sac","11/9/2024 10:27:39 PM","11/10/2024 7:27:39 AM","9","False"
"1542","ERR-01542","58","143","Medium","Dong dien dao dong bat thuong trong gio cao diem","11/20/2024 10:27:39 PM","11/21/2024 8:27:39 AM","10","False"
"1543","ERR-01543","58","144","Low","Can hieu chuan lai cam bien trang thai dau sac","12/1/2024 10:27:39 PM","12/2/2024 9:27:39 AM","11","False"
"1544","ERR-01544","58","145","Low","Can hieu chuan lai cam bien trang thai dau sac","12/12/2024 10:27:39 PM","12/13/2024 10:27:39 AM","12","False"
"1545","ERR-01545","56","146","Medium","Dong dien dao dong bat thuong trong gio cao diem","12/23/2024 10:27:39 PM","12/24/2024 11:27:39 AM","13","False"
"1546","ERR-01546","56","147","Low","Can hieu chuan lai cam bien trang thai dau sac","1/3/2025 10:27:39 PM","1/4/2025 12:27:39 PM","14","False"
"1547","ERR-01547","56","148","Critical","Nhiet do dau sac vuot nguong, tam dung phien sac de kiem tra","1/14/2025 10:27:39 PM","1/15/2025 1:27:39 PM","15","False"
"1548","ERR-01548","49","149","Medium","Dong dien dao dong bat thuong trong gio cao diem","1/25/2025 10:27:39 PM","","","True"
"1549","ERR-01549","49","150","Low","Can hieu chuan lai cam bien trang thai dau sac","2/5/2025 10:27:39 PM","2/6/2025 3:27:39 PM","17","False"
"1550","ERR-01550","49","151","Low","Can hieu chuan lai cam bien trang thai dau sac","2/16/2025 10:27:39 PM","2/17/2025 4:27:39 PM","18","False"
"1551","ERR-01551","54","152","Medium","Dong dien dao dong bat thuong trong gio cao diem","2/27/2025 10:27:39 PM","2/28/2025 5:27:39 PM","19","False"
"1552","ERR-01552","54","153","Low","Can hieu chuan lai cam bien trang thai dau sac","3/10/2025 10:27:39 PM","3/11/2025 6:27:39 PM","20","False"
"1553","ERR-01553","54","154","Low","Can hieu chuan lai cam bien trang thai dau sac","3/21/2025 10:27:39 PM","3/22/2025 7:27:39 PM","21","False"
"1554","ERR-01554","51","155","High","Mat ket noi voi bo dieu khien cong sac","4/1/2025 10:27:39 PM","4/2/2025 8:27:39 PM","22","False"
"1555","ERR-01555","51","156","Low","Can hieu chuan lai cam bien trang thai dau sac","4/12/2025 10:27:39 PM","4/13/2025 9:27:39 PM","23","False"
"1556","ERR-01556","51","157","Low","Can hieu chuan lai cam bien trang thai dau sac","4/23/2025 10:27:39 PM","4/24/2025 10:27:39 PM","24","False"
"1557","ERR-01557","47","158","Medium","Dong dien dao dong bat thuong trong gio cao diem","5/4/2025 10:27:39 PM","","","True"
"1558","ERR-01558","47","159","Low","Can hieu chuan lai cam bien trang thai dau sac","5/15/2025 10:27:39 PM","5/17/2025 12:27:39 AM","26","False"
"1559","ERR-01559","47","160","Low","Can hieu chuan lai cam bien trang thai dau sac","5/26/2025 10:27:39 PM","5/28/2025 1:27:39 AM","27","False"
"1560","ERR-01560","45","161","Medium","Dong dien dao dong bat thuong trong gio cao diem","6/6/2025 10:27:39 PM","6/8/2025 2:27:39 AM","28","False"
"1561","ERR-01561","45","162","High","Mat ket noi voi bo dieu khien cong sac","6/17/2025 10:27:39 PM","6/19/2025 3:27:39 AM","29","False"
"1562","ERR-01562","45","163","Low","Can hieu chuan lai cam bien trang thai dau sac","6/28/2025 10:27:39 PM","6/30/2025 4:27:39 AM","30","False"
"1563","ERR-01563","43","164","Medium","Dong dien dao dong bat thuong trong gio cao diem","7/9/2025 10:27:39 PM","7/11/2025 5:27:39 AM","31","False"
"1564","ERR-01564","43","165","Critical","Nhiet do dau sac vuot nguong, tam dung phien sac de kiem tra","7/20/2025 10:27:39 PM","7/22/2025 6:27:39 AM","32","False"
"1565","ERR-01565","43","166","Low","Can hieu chuan lai cam bien trang thai dau sac","7/31/2025 10:27:39 PM","8/2/2025 7:27:39 AM","33","False"
"1566","ERR-01566","40","167","Medium","Dong dien dao dong bat thuong trong gio cao diem","8/11/2025 10:27:39 PM","","","True"
"1567","ERR-01567","40","168","Low","Can hieu chuan lai cam bien trang thai dau sac","8/22/2025 10:27:39 PM","8/24/2025 9:27:39 AM","35","False"
"1568","ERR-01568","40","169","High","Mat ket noi voi bo dieu khien cong sac","9/2/2025 10:27:39 PM","9/4/2025 10:27:39 AM","36","False"
"1569","ERR-01569","41","170","Medium","Dong dien dao dong bat thuong trong gio cao diem","9/13/2025 10:27:39 PM","9/15/2025 11:27:39 AM","9","False"
"1570","ERR-01570","41","171","Low","Can hieu chuan lai cam bien trang thai dau sac","9/24/2025 10:27:39 PM","9/26/2025 12:27:39 PM","10","False"
"1571","ERR-01571","41","172","Low","Can hieu chuan lai cam bien trang thai dau sac","10/5/2025 10:27:39 PM","10/7/2025 1:27:39 PM","11","False"
"1572","ERR-01572","36","173","Medium","Dong dien dao dong bat thuong trong gio cao diem","10/16/2025 10:27:39 PM","10/18/2025 2:27:39 PM","12","False"
"1573","ERR-01573","36","174","Low","Can hieu chuan lai cam bien trang thai dau sac","10/27/2025 10:27:39 PM","10/29/2025 3:27:39 PM","13","False"
"1574","ERR-01574","36","175","Low","Can hieu chuan lai cam bien trang thai dau sac","11/7/2025 10:27:39 PM","11/9/2025 4:27:39 PM","14","False"
"1575","ERR-01575","33","176","High","Mat ket noi voi bo dieu khien cong sac","11/18/2025 10:27:39 PM","","","True"
"1576","ERR-01576","33","177","Low","Can hieu chuan lai cam bien trang thai dau sac","11/29/2025 10:27:39 PM","12/1/2025 6:27:39 PM","16","False"
"1577","ERR-01577","33","178","Low","Can hieu chuan lai cam bien trang thai dau sac","12/10/2025 10:27:39 PM","12/12/2025 7:27:39 PM","17","False"
"1578","ERR-01578","31","179","Medium","Dong dien dao dong bat thuong trong gio cao diem","12/21/2025 10:27:39 PM","12/23/2025 8:27:39 PM","18","False"
"1579","ERR-01579","31","180","Low","Can hieu chuan lai cam bien trang thai dau sac","1/1/2026 10:27:39 PM","1/3/2026 9:27:39 PM","19","False"
"1580","ERR-01580","31","181","Low","Can hieu chuan lai cam bien trang thai dau sac","1/12/2026 10:27:39 PM","1/14/2026 10:27:39 PM","20","False"
"1581","ERR-01581","9","182","Critical","Nhiet do dau sac vuot nguong, tam dung phien sac de kiem tra","1/23/2026 10:27:39 PM","1/25/2026 11:27:39 PM","21","False"
"1582","ERR-01582","9","183","High","Mat ket noi voi bo dieu khien cong sac","2/3/2026 10:27:39 PM","2/6/2026 12:27:39 AM","22","False"
"1583","ERR-01583","9","184","Low","Can hieu chuan lai cam bien trang thai dau sac","2/14/2026 10:27:39 PM","2/17/2026 1:27:39 AM","23","False"
"1584","ERR-01584","29","185","Medium","Dong dien dao dong bat thuong trong gio cao diem","2/25/2026 10:27:39 PM","","","True"
"1585","ERR-01585","29","186","Low","Can hieu chuan lai cam bien trang thai dau sac","3/8/2026 10:27:39 PM","3/9/2026 3:27:39 AM","25","False"
"1586","ERR-01586","29","187","Low","Can hieu chuan lai cam bien trang thai dau sac","3/19/2026 10:27:39 PM","3/20/2026 4:27:39 AM","26","False"
"1587","ERR-01587","27","188","Medium","Dong dien dao dong bat thuong trong gio cao diem","3/30/2026 10:27:39 PM","3/31/2026 5:27:39 AM","27","False"
"1588","ERR-01588","27","189","Low","Can hieu chuan lai cam bien trang thai dau sac","4/10/2026 10:27:39 PM","4/11/2026 6:27:39 AM","28","False"
"1589","ERR-01589","27","190","High","Mat ket noi voi bo dieu khien cong sac","4/21/2026 10:27:39 PM","4/22/2026 7:27:39 AM","29","False"
"1590","ERR-01590","25","191","Medium","Dong dien dao dong bat thuong trong gio cao diem","5/2/2026 10:27:39 PM","5/3/2026 8:27:39 AM","30","False"
"1591","ERR-01591","25","192","Low","Can hieu chuan lai cam bien trang thai dau sac","5/13/2026 10:27:39 PM","5/14/2026 9:27:39 AM","31","False"
"1592","ERR-01592","25","193","Low","Can hieu chuan lai cam bien trang thai dau sac","5/24/2026 10:27:39 PM","5/25/2026 10:27:39 AM","32","False"
"1593","ERR-01593","22","194","Medium","Dong dien dao dong bat thuong trong gio cao diem","6/4/2024 10:27:39 PM","","","True"
"1594","ERR-01594","22","195","Low","Can hieu chuan lai cam bien trang thai dau sac","6/15/2024 10:27:39 PM","6/16/2024 12:27:39 PM","34","False"
"1595","ERR-01595","22","196","Low","Can hieu chuan lai cam bien trang thai dau sac","6/26/2024 10:27:39 PM","6/27/2024 1:27:39 PM","35","False"
"1596","ERR-01596","19","197","High","Mat ket noi voi bo dieu khien cong sac","7/7/2024 10:27:39 PM","7/8/2024 2:27:39 PM","36","False"
"1597","ERR-01597","19","198","Low","Can hieu chuan lai cam bien trang thai dau sac","7/18/2024 10:27:39 PM","7/19/2024 3:27:39 PM","9","False"
"1598","ERR-01598","19","199","Critical","Nhiet do dau sac vuot nguong, tam dung phien sac de kiem tra","7/29/2024 10:27:39 PM","7/30/2024 4:27:39 PM","10","False"
"1599","ERR-01599","20","200","Medium","Dong dien dao dong bat thuong trong gio cao diem","8/9/2024 10:27:39 PM","8/10/2024 5:27:39 PM","11","False"
"1600","ERR-01600","20","201","Low","Can hieu chuan lai cam bien trang thai dau sac","8/20/2024 10:27:39 PM","8/21/2024 6:27:39 PM","12","False"
"1601","ERR-01601","20","202","Low","Can hieu chuan lai cam bien trang thai dau sac","8/31/2024 10:27:39 PM","9/1/2024 7:27:39 PM","13","False"
"1602","ERR-01602","15","203","Medium","Dong dien dao dong bat thuong trong gio cao diem","9/11/2024 10:27:39 PM","","","True"
"1603","ERR-01603","15","204","High","Mat ket noi voi bo dieu khien cong sac","9/22/2024 10:27:39 PM","9/23/2024 9:27:39 PM","15","False"
"1604","ERR-01604","15","205","Low","Can hieu chuan lai cam bien trang thai dau sac","10/3/2024 10:27:39 PM","10/4/2024 10:27:39 PM","16","False"
"1605","ERR-01605","13","206","Medium","Dong dien dao dong bat thuong trong gio cao diem","10/14/2024 10:27:39 PM","10/15/2024 11:27:39 PM","17","False"
"1606","ERR-01606","13","207","Low","Can hieu chuan lai cam bien trang thai dau sac","10/25/2024 10:27:39 PM","10/27/2024 12:27:39 AM","18","False"
"1607","ERR-01607","13","208","Low","Can hieu chuan lai cam bien trang thai dau sac","11/5/2024 10:27:39 PM","11/7/2024 1:27:39 AM","19","False"
"1608","ERR-01608","11","209","Medium","Dong dien dao dong bat thuong trong gio cao diem","11/16/2024 10:27:39 PM","11/18/2024 2:27:39 AM","20","False"
"1609","ERR-01609","11","210","Low","Can hieu chuan lai cam bien trang thai dau sac","11/27/2024 10:27:39 PM","11/29/2024 3:27:39 AM","21","False"
"1610","ERR-01610","11","211","High","Mat ket noi voi bo dieu khien cong sac","12/8/2024 10:27:39 PM","12/10/2024 4:27:39 AM","22","False"
"1611","ERR-01611","7","212","Medium","Dong dien dao dong bat thuong trong gio cao diem","12/19/2024 10:27:39 PM","","","True"
"1612","ERR-01612","7","213","Low","Can hieu chuan lai cam bien trang thai dau sac","12/30/2024 10:27:39 PM","1/1/2025 6:27:39 AM","24","False"
"1613","ERR-01613","7","214","Low","Can hieu chuan lai cam bien trang thai dau sac","1/10/2025 10:27:39 PM","1/12/2025 7:27:39 AM","25","False"
"1614","ERR-01614","4","215","Medium","Dong dien dao dong bat thuong trong gio cao diem","1/21/2025 10:27:39 PM","1/23/2025 8:27:39 AM","26","False"
"1615","ERR-01615","4","216","Critical","Nhiet do dau sac vuot nguong, tam dung phien sac de kiem tra","2/1/2025 10:27:39 PM","2/3/2025 9:27:39 AM","27","False"
"1616","ERR-01616","4","217","Low","Can hieu chuan lai cam bien trang thai dau sac","2/12/2025 10:27:39 PM","2/14/2025 10:27:39 AM","28","False"
"1617","ERR-01617","2","218","High","Mat ket noi voi bo dieu khien cong sac","2/23/2025 10:27:39 PM","2/25/2025 11:27:39 AM","29","False"
"1618","ERR-01618","2","219","Low","Can hieu chuan lai cam bien trang thai dau sac","3/6/2025 10:27:39 PM","3/8/2025 12:27:39 PM","30","False"
"1619","ERR-01619","2","220","Low","Can hieu chuan lai cam bien trang thai dau sac","3/17/2025 10:27:39 PM","3/19/2025 1:27:39 PM","31","False"
"1620","ERR-01620","8","221","Medium","Dong dien dao dong bat thuong trong gio cao diem","3/28/2025 10:27:39 PM","","","True"
"1621","ERR-01621","8","222","Low","Can hieu chuan lai cam bien trang thai dau sac","4/8/2025 10:27:39 PM","4/10/2025 3:27:39 PM","33","False"
"1622","ERR-01622","8","223","Low","Can hieu chuan lai cam bien trang thai dau sac","4/19/2025 10:27:39 PM","4/21/2025 4:27:39 PM","34","False"
"1623","ERR-01623","8","224","Medium","Dong dien dao dong bat thuong trong gio cao diem","4/30/2025 10:27:39 PM","5/2/2025 5:27:39 PM","35","False"
"1624","ERR-01624","8","225","High","Mat ket noi voi bo dieu khien cong sac","5/11/2025 10:27:39 PM","5/13/2025 6:27:39 PM","36","False"
"1625","ERR-01625","17","226","Low","Can hieu chuan lai cam bien trang thai dau sac","5/22/2025 10:27:39 PM","5/24/2025 7:27:39 PM","9","False"
"1626","ERR-01626","17","227","Medium","Dong dien dao dong bat thuong trong gio cao diem","6/2/2025 10:27:39 PM","6/4/2025 8:27:39 PM","10","False"
"1627","ERR-01627","17","228","Low","Can hieu chuan lai cam bien trang thai dau sac","6/13/2025 10:27:39 PM","6/15/2025 9:27:39 PM","11","False"
"1628","ERR-01628","17","229","Low","Can hieu chuan lai cam bien trang thai dau sac","6/24/2025 10:27:39 PM","6/26/2025 10:27:39 PM","12","False"
"1629","ERR-01629","17","230","Medium","Dong dien dao dong bat thuong trong gio cao diem","7/5/2025 10:27:39 PM","","","True"
"1630","ERR-01630","28","231","Low","Can hieu chuan lai cam bien trang thai dau sac","7/16/2025 10:27:39 PM","7/19/2025 12:27:39 AM","14","False"
"1631","ERR-01631","28","232","High","Mat ket noi voi bo dieu khien cong sac","7/27/2025 10:27:39 PM","7/30/2025 1:27:39 AM","15","False"
"1632","ERR-01632","28","233","Critical","Nhiet do dau sac vuot nguong, tam dung phien sac de kiem tra","8/7/2025 10:27:39 PM","8/8/2025 2:27:39 AM","16","False"
"1633","ERR-01633","28","234","Low","Can hieu chuan lai cam bien trang thai dau sac","8/18/2025 10:27:39 PM","8/19/2025 3:27:39 AM","17","False"
"1634","ERR-01634","28","235","Low","Can hieu chuan lai cam bien trang thai dau sac","8/29/2025 10:27:39 PM","8/30/2025 4:27:39 AM","18","False"
"1635","ERR-01635","38","236","Medium","Dong dien dao dong bat thuong trong gio cao diem","9/9/2025 10:27:39 PM","9/10/2025 5:27:39 AM","19","False"
"1636","ERR-01636","38","237","Low","Can hieu chuan lai cam bien trang thai dau sac","9/20/2025 10:27:39 PM","9/21/2025 6:27:39 AM","20","False"
"1637","ERR-01637","38","238","Low","Can hieu chuan lai cam bien trang thai dau sac","10/1/2025 10:27:39 PM","10/2/2025 7:27:39 AM","21","False"
"1638","ERR-01638","38","239","High","Mat ket noi voi bo dieu khien cong sac","10/12/2025 10:27:39 PM","","","True"
"1639","ERR-01639","38","240","Low","Can hieu chuan lai cam bien trang thai dau sac","10/23/2025 10:27:39 PM","10/24/2025 9:27:39 AM","23","False"
"1640","ERR-01640","48","241","Low","Can hieu chuan lai cam bien trang thai dau sac","11/3/2025 10:27:39 PM","11/4/2025 10:27:39 AM","24","False"
"1641","ERR-01641","48","242","Medium","Dong dien dao dong bat thuong trong gio cao diem","11/14/2025 10:27:39 PM","11/15/2025 11:27:39 AM","25","False"
"1642","ERR-01642","48","243","Low","Can hieu chuan lai cam bien trang thai dau sac","11/25/2025 10:27:39 PM","11/26/2025 12:27:39 PM","26","False"
"1643","ERR-01643","48","244","Low","Can hieu chuan lai cam bien trang thai dau sac","12/6/2025 10:27:39 PM","12/7/2025 1:27:39 PM","27","False"
"1644","ERR-01644","48","245","Medium","Dong dien dao dong bat thuong trong gio cao diem","12/17/2025 10:27:39 PM","12/18/2025 2:27:39 PM","28","False"
"1645","ERR-01645","53","246","High","Mat ket noi voi bo dieu khien cong sac","12/28/2025 10:27:39 PM","12/29/2025 3:27:39 PM","29","False"
"1646","ERR-01646","53","247","Low","Can hieu chuan lai cam bien trang thai dau sac","1/8/2026 10:27:39 PM","1/9/2026 4:27:39 PM","30","False"
"1647","ERR-01647","53","248","Medium","Dong dien dao dong bat thuong trong gio cao diem","1/19/2026 10:27:39 PM","","","True"
"1648","ERR-01648","53","249","Low","Can hieu chuan lai cam bien trang thai dau sac","1/30/2026 10:27:39 PM","1/31/2026 6:27:39 PM","32","False"
"1649","ERR-01649","53","250","Critical","Nhiet do dau sac vuot nguong, tam dung phien sac de kiem tra","2/10/2026 10:27:39 PM","2/11/2026 7:27:39 PM","33","False"
"1650","ERR-01650","59","251","Medium","Dong dien dao dong bat thuong trong gio cao diem","2/21/2026 10:27:39 PM","2/22/2026 8:27:39 PM","34","False"
"1651","ERR-01651","59","252","Low","Can hieu chuan lai cam bien trang thai dau sac","3/4/2026 10:27:39 PM","3/5/2026 9:27:39 PM","35","False"
"1652","ERR-01652","59","253","High","Mat ket noi voi bo dieu khien cong sac","3/15/2026 10:27:39 PM","3/16/2026 10:27:39 PM","36","False"
"1653","ERR-01653","59","254","Medium","Dong dien dao dong bat thuong trong gio cao diem","3/26/2026 10:27:39 PM","3/27/2026 11:27:39 PM","9","False"
"1654","ERR-01654","59","255","Low","Can hieu chuan lai cam bien trang thai dau sac","4/6/2026 10:27:39 PM","4/8/2026 12:27:39 AM","10","False"
"1655","ERR-01655","68","256","Low","Can hieu chuan lai cam bien trang thai dau sac","4/17/2026 10:27:39 PM","4/19/2026 1:27:39 AM","11","False"
"1656","ERR-01656","68","257","Medium","Dong dien dao dong bat thuong trong gio cao diem","4/28/2026 10:27:39 PM","","","True"
"1657","ERR-01657","68","258","Low","Can hieu chuan lai cam bien trang thai dau sac","5/9/2026 10:27:39 PM","5/11/2026 3:27:39 AM","13","False"
"1658","ERR-01658","68","259","Low","Can hieu chuan lai cam bien trang thai dau sac","5/20/2026 10:27:39 PM","5/22/2026 4:27:39 AM","14","False"
"1659","ERR-01659","68","260","High","Mat ket noi voi bo dieu khien cong sac","5/31/2026 10:27:39 PM","6/2/2026 5:27:39 AM","15","False"
"1660","ERR-01660","74","261","Low","Can hieu chuan lai cam bien trang thai dau sac","6/11/2024 10:27:39 PM","6/13/2024 6:27:39 AM","16","False"
"1661","ERR-01661","74","262","Low","Can hieu chuan lai cam bien trang thai dau sac","6/22/2024 10:27:39 PM","6/24/2024 7:27:39 AM","17","False"
"1662","ERR-01662","74","263","Medium","Dong dien dao dong bat thuong trong gio cao diem","7/3/2024 10:27:39 PM","7/5/2024 8:27:39 AM","18","False"
"1663","ERR-01663","74","264","Low","Can hieu chuan lai cam bien trang thai dau sac","7/14/2024 10:27:39 PM","7/16/2024 9:27:39 AM","19","False"
"1664","ERR-01664","74","265","Low","Can hieu chuan lai cam bien trang thai dau sac","7/25/2024 10:27:39 PM","7/27/2024 10:27:39 AM","20","False"
"1665","ERR-01665","80","266","Medium","Dong dien dao dong bat thuong trong gio cao diem","8/5/2024 10:27:39 PM","","","True"
"1666","ERR-01666","80","267","Critical","Nhiet do dau sac vuot nguong, tam dung phien sac de kiem tra","8/16/2024 10:27:39 PM","8/18/2024 12:27:39 PM","22","False"
"1667","ERR-01667","80","268","Low","Can hieu chuan lai cam bien trang thai dau sac","8/27/2024 10:27:39 PM","8/29/2024 1:27:39 PM","23","False"
"1668","ERR-01668","80","269","Medium","Dong dien dao dong bat thuong trong gio cao diem","9/7/2024 10:27:39 PM","9/9/2024 2:27:39 PM","24","False"
"1669","ERR-01669","80","270","Low","Can hieu chuan lai cam bien trang thai dau sac","9/18/2024 10:27:39 PM","9/20/2024 3:27:39 PM","25","False"
"1670","ERR-01670","89","271","Low","Can hieu chuan lai cam bien trang thai dau sac","9/29/2024 10:27:39 PM","10/1/2024 4:27:39 PM","26","False"
"1671","ERR-01671","89","272","Medium","Dong dien dao dong bat thuong trong gio cao diem","10/10/2024 10:27:39 PM","10/12/2024 5:27:39 PM","27","False"
"1672","ERR-01672","89","273","Low","Can hieu chuan lai cam bien trang thai dau sac","10/21/2024 10:27:39 PM","10/23/2024 6:27:39 PM","28","False"
"1673","ERR-01673","89","274","High","Mat ket noi voi bo dieu khien cong sac","11/1/2024 10:27:39 PM","11/3/2024 7:27:39 PM","29","False"
"1674","ERR-01674","89","275","Medium","Dong dien dao dong bat thuong trong gio cao diem","11/12/2024 10:27:39 PM","","","True"
"1675","ERR-01675","98","276","Low","Can hieu chuan lai cam bien trang thai dau sac","11/23/2024 10:27:39 PM","11/25/2024 9:27:39 PM","31","False"
"1676","ERR-01676","98","277","Low","Can hieu chuan lai cam bien trang thai dau sac","12/4/2024 10:27:39 PM","12/6/2024 10:27:39 PM","32","False"
"1677","ERR-01677","98","278","Medium","Dong dien dao dong bat thuong trong gio cao diem","12/15/2024 10:27:39 PM","12/17/2024 11:27:39 PM","33","False"
"1678","ERR-01678","98","279","Low","Can hieu chuan lai cam bien trang thai dau sac","12/26/2024 10:27:39 PM","12/29/2024 12:27:39 AM","34","False"
"1679","ERR-01679","98","280","Low","Can hieu chuan lai cam bien trang thai dau sac","1/6/2025 10:27:39 PM","1/9/2025 1:27:39 AM","35","False"
"1680","ERR-01680","1","1","High","Mat ket noi voi bo dieu khien cong sac","1/17/2025 10:27:39 PM","1/18/2025 2:27:39 AM","36","False"
"1681","ERR-01681","1","2","Low","Can hieu chuan lai cam bien trang thai dau sac","1/28/2025 10:27:39 PM","1/29/2025 3:27:39 AM","9","False"
"1682","ERR-01682","3","3","Low","Can hieu chuan lai cam bien trang thai dau sac","2/8/2025 10:27:39 PM","2/9/2025 4:27:39 AM","10","False"
"1683","ERR-01683","3","4","Critical","Nhiet do dau sac vuot nguong, tam dung phien sac de kiem tra","2/19/2025 10:27:39 PM","","","True"
"1684","ERR-01684","5","5","Low","Can hieu chuan lai cam bien trang thai dau sac","3/2/2025 10:27:39 PM","3/3/2025 6:27:39 AM","12","False"
"1685","ERR-01685","5","6","Low","Can hieu chuan lai cam bien trang thai dau sac","3/13/2025 10:27:39 PM","3/14/2025 7:27:39 AM","13","False"
"1686","ERR-01686","6","7","Medium","Dong dien dao dong bat thuong trong gio cao diem","3/24/2025 10:27:39 PM","3/25/2025 8:27:39 AM","14","False"
"1687","ERR-01687","6","8","High","Mat ket noi voi bo dieu khien cong sac","4/4/2025 10:27:39 PM","4/5/2025 9:27:39 AM","15","False"
"1688","ERR-01688","10","9","Low","Can hieu chuan lai cam bien trang thai dau sac","4/15/2025 10:27:39 PM","4/16/2025 10:27:39 AM","16","False"
"1689","ERR-01689","10","10","Medium","Dong dien dao dong bat thuong trong gio cao diem","4/26/2025 10:27:39 PM","4/27/2025 11:27:39 AM","17","False"
"1690","ERR-01690","12","11","Low","Can hieu chuan lai cam bien trang thai dau sac","5/7/2025 10:27:39 PM","5/8/2025 12:27:39 PM","18","False"
"1691","ERR-01691","12","12","Low","Can hieu chuan lai cam bien trang thai dau sac","5/18/2025 10:27:39 PM","5/19/2025 1:27:39 PM","19","False"
"1692","ERR-01692","14","13","Medium","Dong dien dao dong bat thuong trong gio cao diem","5/29/2025 10:27:39 PM","","","True"
"1693","ERR-01693","14","14","Low","Can hieu chuan lai cam bien trang thai dau sac","6/9/2025 10:27:39 PM","6/10/2025 3:27:39 PM","21","False"
"1694","ERR-01694","16","15","High","Mat ket noi voi bo dieu khien cong sac","6/20/2025 10:27:39 PM","6/21/2025 4:27:39 PM","22","False"
"1695","ERR-01695","16","16","Medium","Dong dien dao dong bat thuong trong gio cao diem","7/1/2025 10:27:39 PM","7/2/2025 5:27:39 PM","23","False"
"1696","ERR-01696","18","17","Low","Can hieu chuan lai cam bien trang thai dau sac","7/12/2025 10:27:39 PM","7/13/2025 6:27:39 PM","24","False"
"1697","ERR-01697","18","18","Low","Can hieu chuan lai cam bien trang thai dau sac","7/23/2025 10:27:39 PM","7/24/2025 7:27:39 PM","25","False"
"1698","ERR-01698","21","19","Medium","Dong dien dao dong bat thuong trong gio cao diem","8/3/2025 10:27:39 PM","8/4/2025 8:27:39 PM","26","False"
"1699","ERR-01699","21","20","Low","Can hieu chuan lai cam bien trang thai dau sac","8/14/2025 10:27:39 PM","8/15/2025 9:27:39 PM","27","False"
"1700","ERR-01700","23","21","Critical","Nhiet do dau sac vuot nguong, tam dung phien sac de kiem tra","8/25/2025 10:27:39 PM","8/26/2025 10:27:39 PM","28","False"
"1701","ERR-01701","23","22","High","Mat ket noi voi bo dieu khien cong sac","9/5/2025 10:27:39 PM","","","True"
"1702","ERR-01702","24","23","Low","Can hieu chuan lai cam bien trang thai dau sac","9/16/2025 10:27:39 PM","9/18/2025 12:27:39 AM","30","False"
"1703","ERR-01703","24","24","Low","Can hieu chuan lai cam bien trang thai dau sac","9/27/2025 10:27:39 PM","9/29/2025 1:27:39 AM","31","False"
"1704","ERR-01704","26","25","Medium","Dong dien dao dong bat thuong trong gio cao diem","10/8/2025 10:27:39 PM","10/10/2025 2:27:39 AM","32","False"
"1705","ERR-01705","26","26","Low","Can hieu chuan lai cam bien trang thai dau sac","10/19/2025 10:27:39 PM","10/21/2025 3:27:39 AM","33","False"
"1706","ERR-01706","30","27","Low","Can hieu chuan lai cam bien trang thai dau sac","10/30/2025 10:27:39 PM","11/1/2025 4:27:39 AM","34","False"
"1707","ERR-01707","30","28","Medium","Dong dien dao dong bat thuong trong gio cao diem","11/10/2025 10:27:39 PM","11/12/2025 5:27:39 AM","35","False"
"1708","ERR-01708","32","29","High","Mat ket noi voi bo dieu khien cong sac","11/21/2025 10:27:39 PM","11/23/2025 6:27:39 AM","36","False"
"1709","ERR-01709","32","30","Low","Can hieu chuan lai cam bien trang thai dau sac","12/2/2025 10:27:39 PM","12/4/2025 7:27:39 AM","9","False"
"1710","ERR-01710","34","31","Medium","Dong dien dao dong bat thuong trong gio cao diem","12/13/2025 10:27:39 PM","","","True"
"1711","ERR-01711","34","32","Low","Can hieu chuan lai cam bien trang thai dau sac","12/24/2025 10:27:39 PM","12/26/2025 9:27:39 AM","11","False"
"1712","ERR-01712","35","33","Low","Can hieu chuan lai cam bien trang thai dau sac","1/4/2026 10:27:39 PM","1/6/2026 10:27:39 AM","12","False"
"1713","ERR-01713","35","34","Medium","Dong dien dao dong bat thuong trong gio cao diem","1/15/2026 10:27:39 PM","1/17/2026 11:27:39 AM","13","False"
"1714","ERR-01714","37","35","Low","Can hieu chuan lai cam bien trang thai dau sac","1/26/2026 10:27:39 PM","1/28/2026 12:27:39 PM","14","False"
"1715","ERR-01715","37","36","High","Mat ket noi voi bo dieu khien cong sac","2/6/2026 10:27:39 PM","2/8/2026 1:27:39 PM","15","False"
"1716","ERR-01716","39","37","Medium","Dong dien dao dong bat thuong trong gio cao diem","2/17/2026 10:27:39 PM","2/19/2026 2:27:39 PM","16","False"
"1717","ERR-01717","39","38","Critical","Nhiet do dau sac vuot nguong, tam dung phien sac de kiem tra","2/28/2026 10:27:39 PM","3/2/2026 3:27:39 PM","17","False"
"1718","ERR-01718","42","39","Low","Can hieu chuan lai cam bien trang thai dau sac","3/11/2026 10:27:39 PM","3/13/2026 4:27:39 PM","18","False"
"1719","ERR-01719","42","40","Medium","Dong dien dao dong bat thuong trong gio cao diem","3/22/2026 10:27:39 PM","","","True"
"1720","ERR-01720","44","41","Low","Can hieu chuan lai cam bien trang thai dau sac","4/2/2026 10:27:39 PM","4/4/2026 6:27:39 PM","20","False"
"1721","ERR-01721","44","42","Low","Can hieu chuan lai cam bien trang thai dau sac","4/13/2026 10:27:39 PM","4/15/2026 7:27:39 PM","21","False"
"1722","ERR-01722","46","43","High","Mat ket noi voi bo dieu khien cong sac","4/24/2026 10:27:39 PM","4/26/2026 8:27:39 PM","22","False"
"1723","ERR-01723","46","44","Low","Can hieu chuan lai cam bien trang thai dau sac","5/5/2026 10:27:39 PM","5/7/2026 9:27:39 PM","23","False"
"1724","ERR-01724","50","45","Low","Can hieu chuan lai cam bien trang thai dau sac","5/16/2026 10:27:39 PM","5/18/2026 10:27:39 PM","24","False"
"1725","ERR-01725","50","46","Medium","Dong dien dao dong bat thuong trong gio cao diem","5/27/2026 10:27:39 PM","5/29/2026 11:27:39 PM","25","False"
"1726","ERR-01726","52","47","Low","Can hieu chuan lai cam bien trang thai dau sac","6/7/2024 10:27:39 PM","6/10/2024 12:27:39 AM","26","False"
"1727","ERR-01727","52","48","Low","Can hieu chuan lai cam bien trang thai dau sac","6/18/2024 10:27:39 PM","6/21/2024 1:27:39 AM","27","False"
"1728","ERR-01728","55","49","Medium","Dong dien dao dong bat thuong trong gio cao diem","6/29/2024 10:27:39 PM","","","True"
"1729","ERR-01729","55","50","High","Mat ket noi voi bo dieu khien cong sac","7/10/2024 10:27:39 PM","7/11/2024 3:27:39 AM","29","False"
"1730","ERR-01730","57","51","Low","Can hieu chuan lai cam bien trang thai dau sac","7/21/2024 10:27:39 PM","7/22/2024 4:27:39 AM","30","False"
"1731","ERR-01731","57","52","Medium","Dong dien dao dong bat thuong trong gio cao diem","8/1/2024 10:27:39 PM","8/2/2024 5:27:39 AM","31","False"
"1732","ERR-01732","60","53","Low","Can hieu chuan lai cam bien trang thai dau sac","8/12/2024 10:27:39 PM","8/13/2024 6:27:39 AM","32","False"
"1733","ERR-01733","60","54","Low","Can hieu chuan lai cam bien trang thai dau sac","8/23/2024 10:27:39 PM","8/24/2024 7:27:39 AM","33","False"
"1734","ERR-01734","62","55","Critical","Nhiet do dau sac vuot nguong, tam dung phien sac de kiem tra","9/3/2024 10:27:39 PM","9/4/2024 8:27:39 AM","34","False"
"1735","ERR-01735","62","56","Low","Can hieu chuan lai cam bien trang thai dau sac","9/14/2024 10:27:39 PM","9/15/2024 9:27:39 AM","35","False"
"1736","ERR-01736","65","57","High","Mat ket noi voi bo dieu khien cong sac","9/25/2024 10:27:39 PM","9/26/2024 10:27:39 AM","36","False"
"1737","ERR-01737","65","58","Medium","Dong dien dao dong bat thuong trong gio cao diem","10/6/2024 10:27:39 PM","","","True"
"1738","ERR-01738","67","59","Low","Can hieu chuan lai cam bien trang thai dau sac","10/17/2024 10:27:39 PM","10/18/2024 12:27:39 PM","10","False"
"1739","ERR-01739","67","60","Low","Can hieu chuan lai cam bien trang thai dau sac","10/28/2024 10:27:39 PM","10/29/2024 1:27:39 PM","11","False"
"1740","ERR-01740","70","61","Medium","Dong dien dao dong bat thuong trong gio cao diem","11/8/2024 10:27:39 PM","11/9/2024 2:27:39 PM","12","False"
"1741","ERR-01741","70","62","Low","Can hieu chuan lai cam bien trang thai dau sac","11/19/2024 10:27:39 PM","11/20/2024 3:27:39 PM","13","False"
"1742","ERR-01742","73","63","Low","Can hieu chuan lai cam bien trang thai dau sac","11/30/2024 10:27:39 PM","12/1/2024 4:27:39 PM","14","False"
"1743","ERR-01743","73","64","High","Mat ket noi voi bo dieu khien cong sac","12/11/2024 10:27:39 PM","12/12/2024 5:27:39 PM","15","False"
"1744","ERR-01744","75","65","Low","Can hieu chuan lai cam bien trang thai dau sac","12/22/2024 10:27:39 PM","12/23/2024 6:27:39 PM","16","False"
"1745","ERR-01745","75","66","Low","Can hieu chuan lai cam bien trang thai dau sac","1/2/2025 10:27:39 PM","1/3/2025 7:27:39 PM","17","False"
"1746","ERR-01746","76","67","Medium","Dong dien dao dong bat thuong trong gio cao diem","1/13/2025 10:27:39 PM","","","True"
"1747","ERR-01747","76","68","Low","Can hieu chuan lai cam bien trang thai dau sac","1/24/2025 10:27:39 PM","1/25/2025 9:27:39 PM","19","False"
"1748","ERR-01748","78","69","Low","Can hieu chuan lai cam bien trang thai dau sac","2/4/2025 10:27:39 PM","2/5/2025 10:27:39 PM","20","False"
"1749","ERR-01749","78","70","Medium","Dong dien dao dong bat thuong trong gio cao diem","2/15/2025 10:27:39 PM","2/16/2025 11:27:39 PM","21","False"
"1750","ERR-01750","81","71","High","Mat ket noi voi bo dieu khien cong sac","2/26/2025 10:27:39 PM","2/28/2025 12:27:39 AM","22","False"
"1751","ERR-01751","81","72","Critical","Nhiet do dau sac vuot nguong, tam dung phien sac de kiem tra","3/9/2025 10:27:39 PM","3/11/2025 1:27:39 AM","23","False"
"1752","ERR-01752","83","73","Medium","Dong dien dao dong bat thuong trong gio cao diem","3/20/2025 10:27:39 PM","3/22/2025 2:27:39 AM","24","False"
"1753","ERR-01753","83","74","Low","Can hieu chuan lai cam bien trang thai dau sac","3/31/2025 10:27:39 PM","4/2/2025 3:27:39 AM","25","False"
"1754","ERR-01754","85","75","Low","Can hieu chuan lai cam bien trang thai dau sac","4/11/2025 10:27:39 PM","4/13/2025 4:27:39 AM","26","False"
"1755","ERR-01755","85","76","Medium","Dong dien dao dong bat thuong trong gio cao diem","4/22/2025 10:27:39 PM","","","True"
"1756","ERR-01756","87","77","Low","Can hieu chuan lai cam bien trang thai dau sac","5/3/2025 10:27:39 PM","5/5/2025 6:27:39 AM","28","False"
"1757","ERR-01757","87","78","High","Mat ket noi voi bo dieu khien cong sac","5/14/2025 10:27:39 PM","5/16/2025 7:27:39 AM","29","False"
"1758","ERR-01758","91","79","Medium","Dong dien dao dong bat thuong trong gio cao diem","5/25/2025 10:27:39 PM","5/27/2025 8:27:39 AM","30","False"
"1759","ERR-01759","91","80","Low","Can hieu chuan lai cam bien trang thai dau sac","6/5/2025 10:27:39 PM","6/7/2025 9:27:39 AM","31","False"
"1760","ERR-01760","93","81","Low","Can hieu chuan lai cam bien trang thai dau sac","6/16/2025 10:27:39 PM","6/18/2025 10:27:39 AM","32","False"
"1761","ERR-01761","93","82","Medium","Dong dien dao dong bat thuong trong gio cao diem","6/27/2025 10:27:39 PM","6/29/2025 11:27:39 AM","33","False"
"1762","ERR-01762","95","83","Low","Can hieu chuan lai cam bien trang thai dau sac","7/8/2025 10:27:39 PM","7/10/2025 12:27:39 PM","34","False"
"1763","ERR-01763","95","84","Low","Can hieu chuan lai cam bien trang thai dau sac","7/19/2025 10:27:39 PM","7/21/2025 1:27:39 PM","35","False"
"1764","ERR-01764","97","85","High","Mat ket noi voi bo dieu khien cong sac","7/30/2025 10:27:39 PM","","","True"
"1765","ERR-01765","97","86","Low","Can hieu chuan lai cam bien trang thai dau sac","8/10/2025 10:27:39 PM","8/12/2025 3:27:39 PM","9","False"
"1766","ERR-01766","99","87","Low","Can hieu chuan lai cam bien trang thai dau sac","8/21/2025 10:27:39 PM","8/23/2025 4:27:39 PM","10","False"
"1767","ERR-01767","99","88","Medium","Dong dien dao dong bat thuong trong gio cao diem","9/1/2025 10:27:39 PM","9/3/2025 5:27:39 PM","11","False"
"1768","ERR-01768","100","89","Critical","Nhiet do dau sac vuot nguong, tam dung phien sac de kiem tra","9/12/2025 10:27:39 PM","9/14/2025 6:27:39 PM","12","False"
"1769","ERR-01769","100","90","Low","Can hieu chuan lai cam bien trang thai dau sac","9/23/2025 10:27:39 PM","9/25/2025 7:27:39 PM","13","False"
"1770","ERR-01770","100","91","Medium","Dong dien dao dong bat thuong trong gio cao diem","10/4/2025 10:27:39 PM","10/6/2025 8:27:39 PM","14","False"
"1771","ERR-01771","96","92","High","Mat ket noi voi bo dieu khien cong sac","10/15/2025 10:27:39 PM","10/17/2025 9:27:39 PM","15","False"
"1772","ERR-01772","96","93","Low","Can hieu chuan lai cam bien trang thai dau sac","10/26/2025 10:27:39 PM","10/28/2025 10:27:39 PM","16","False"
"1773","ERR-01773","96","94","Medium","Dong dien dao dong bat thuong trong gio cao diem","11/6/2025 10:27:39 PM","","","True"
"1774","ERR-01774","94","95","Low","Can hieu chuan lai cam bien trang thai dau sac","11/17/2025 10:27:39 PM","11/20/2025 12:27:39 AM","18","False"
"1775","ERR-01775","94","96","Low","Can hieu chuan lai cam bien trang thai dau sac","11/28/2025 10:27:39 PM","12/1/2025 1:27:39 AM","19","False"
"1776","ERR-01776","94","97","Medium","Dong dien dao dong bat thuong trong gio cao diem","12/9/2025 10:27:39 PM","12/10/2025 2:27:39 AM","20","False"
"1777","ERR-01777","92","98","Low","Can hieu chuan lai cam bien trang thai dau sac","12/20/2025 10:27:39 PM","12/21/2025 3:27:39 AM","21","False"
"1778","ERR-01778","92","99","High","Mat ket noi voi bo dieu khien cong sac","12/31/2025 10:27:39 PM","1/1/2026 4:27:39 AM","22","False"
"1779","ERR-01779","92","100","Medium","Dong dien dao dong bat thuong trong gio cao diem","1/11/2026 10:27:39 PM","1/12/2026 5:27:39 AM","23","False"
"1780","ERR-01780","69","101","Low","Can hieu chuan lai cam bien trang thai dau sac","1/22/2026 10:27:39 PM","1/23/2026 6:27:39 AM","24","False"
"1781","ERR-01781","69","102","Low","Can hieu chuan lai cam bien trang thai dau sac","2/2/2026 10:27:39 PM","2/3/2026 7:27:39 AM","25","False"
"1782","ERR-01782","69","103","Medium","Dong dien dao dong bat thuong trong gio cao diem","2/13/2026 10:27:39 PM","","","True"
"1783","ERR-01783","90","104","Low","Can hieu chuan lai cam bien trang thai dau sac","2/24/2026 10:27:39 PM","2/25/2026 9:27:39 AM","27","False"
"1784","ERR-01784","90","105","Low","Can hieu chuan lai cam bien trang thai dau sac","3/7/2026 10:27:39 PM","3/8/2026 10:27:39 AM","28","False"
"1785","ERR-01785","90","106","Critical","Nhiet do dau sac vuot nguong, tam dung phien sac de kiem tra","3/18/2026 10:27:39 PM","3/19/2026 11:27:39 AM","29","False"
"1786","ERR-01786","88","107","Low","Can hieu chuan lai cam bien trang thai dau sac","3/29/2026 10:27:39 PM","3/30/2026 12:27:39 PM","30","False"
"1787","ERR-01787","88","108","Low","Can hieu chuan lai cam bien trang thai dau sac","4/9/2026 10:27:39 PM","4/10/2026 1:27:39 PM","31","False"
"1788","ERR-01788","88","109","Medium","Dong dien dao dong bat thuong trong gio cao diem","4/20/2026 10:27:39 PM","4/21/2026 2:27:39 PM","32","False"
"1789","ERR-01789","86","110","Low","Can hieu chuan lai cam bien trang thai dau sac","5/1/2026 10:27:39 PM","5/2/2026 3:27:39 PM","33","False"
"1790","ERR-01790","86","111","Low","Can hieu chuan lai cam bien trang thai dau sac","5/12/2026 10:27:39 PM","5/13/2026 4:27:39 PM","34","False"
"1791","ERR-01791","86","112","Medium","Dong dien dao dong bat thuong trong gio cao diem","5/23/2026 10:27:39 PM","","","True"
"1792","ERR-01792","84","113","High","Mat ket noi voi bo dieu khien cong sac","6/3/2024 10:27:39 PM","6/4/2024 6:27:39 PM","36","False"
"1793","ERR-01793","84","114","Low","Can hieu chuan lai cam bien trang thai dau sac","6/14/2024 10:27:39 PM","6/15/2024 7:27:39 PM","9","False"
"1794","ERR-01794","84","115","Medium","Dong dien dao dong bat thuong trong gio cao diem","6/25/2024 10:27:39 PM","6/26/2024 8:27:39 PM","10","False"
"1795","ERR-01795","82","116","Low","Can hieu chuan lai cam bien trang thai dau sac","7/6/2024 10:27:39 PM","7/7/2024 9:27:39 PM","11","False"
"1796","ERR-01796","82","117","Low","Can hieu chuan lai cam bien trang thai dau sac","7/17/2024 10:27:39 PM","7/18/2024 10:27:39 PM","12","False"
"1797","ERR-01797","82","118","Medium","Dong dien dao dong bat thuong trong gio cao diem","7/28/2024 10:27:39 PM","7/29/2024 11:27:39 PM","13","False"
"1798","ERR-01798","79","119","Low","Can hieu chuan lai cam bien trang thai dau sac","8/8/2024 10:27:39 PM","8/10/2024 12:27:39 AM","14","False"
"1799","ERR-01799","79","120","High","Mat ket noi voi bo dieu khien cong sac","8/19/2024 10:27:39 PM","8/21/2024 1:27:39 AM","15","False"
"1800","ERR-01800","79","121","Medium","Dong dien dao dong bat thuong trong gio cao diem","8/30/2024 10:27:39 PM","","","True"
